DATE,SHARE_CODE,ISSUER_NAME,INVESTOR_NAME,TOTAL_HOLDING_SHARES,PERCENTAGE,LOCAL_FOREIGN,INVESTOR_TYPE
27-Feb-2026,AADI,ADARO ANDALAN INDONESIA Tbk,ADARO STRATEGIC INVESTMENTS,3.200.142.830,"41,10",L,CP
27-Feb-2026,AADI,ADARO ANDALAN INDONESIA Tbk,ALAMTRI RESOURCES INDONESIA TBK PT,1.197.023.942,"15,37",L,CP
27-Feb-2026,AADI,ADARO ANDALAN INDONESIA Tbk,GARIBALDI THOHIR,454.011.607,"5,83",L,ID
27-Feb-2026,AADI,ADARO ANDALAN INDONESIA Tbk,SARATOGA INVESTAMA SEDAYA TBK PT,340.897.429,"4,38",L,CP
27-Feb-2026,AADI,ADARO ANDALAN INDONESIA Tbk,EDWIN SOERYADJAYA,273.955.636,"3,52",L,ID
27-Feb-2026,AADI,ADARO ANDALAN INDONESIA Tbk,IR. T. PERMADI RACHMAT,254.992.918,"3,27",L,ID
27-Feb-2026,AADI,ADARO ANDALAN INDONESIA Tbk,SANDIAGA SALAHUDDIN UNO,159.027.175,"2,04",L,ID
27-Feb-2026,AADI,ADARO ANDALAN INDONESIA Tbk,PERSADA CAPITAL INVESTAMA,119.887.170,"1,54",L,CP
27-Feb-2026,AADI,ADARO ANDALAN INDONESIA Tbk,FTAG INVESTMENT BANK LTD,100.722.000,"1,29",A,IB
27-Feb-2026,AADI,ADARO ANDALAN INDONESIA Tbk,PT TRINUGRAHA THOHIR,89.926.520,"1,15",L,CP
27-Feb-2026,AALI,ASTRA AGRO LESTARI Tbk,PT ASTRA INTERNATIONAL TBK,1.533.682.440,"79,68",L,CP
27-Feb-2026,AALI,ASTRA AGRO LESTARI Tbk,DJS KETENAGAKERJAAN PROGRAM JAMINAN HARI TUA,41.979.300,"2,18",L,IS
27-Feb-2026,ABBA,MAHAKA MEDIA Tbk,PT. Beyond Media,1.592.831.618,"40,47",L,CP
27-Feb-2026,ABBA,MAHAKA MEDIA Tbk,SOLIC KREASI BARU PT,542.042.122,"13,77",L,CP
27-Feb-2026,ABBA,MAHAKA MEDIA Tbk,MEDIAHUIS IRELAND LIMITED,282.886.300,"7,19",,
27-Feb-2026,ABBA,MAHAKA MEDIA Tbk,DRS. WINARTO,178.745.400,"4,54",L,ID
27-Feb-2026,ABBA,MAHAKA MEDIA Tbk,YAYASAN ABDI BANGSA,111.372.886,"2,83",,
27-Feb-2026,ABBA,MAHAKA MEDIA Tbk,YAYASAN BINA SEJAHTERA WARGA BULOG,52.975.286,"1,35",,
27-Feb-2026,ABBA,MAHAKA MEDIA Tbk,KAIROS EKSPRES INTERNASIONAL PT,52.362.500,"1,33",L,CP
27-Feb-2026,ABBA,MAHAKA MEDIA Tbk,PT.Grid One Media,43.791.628,"1,11",L,CP
27-Feb-2026,ABBA,MAHAKA MEDIA Tbk,TJEN FOENG FA,41.856.300,"1,06",L,ID
27-Feb-2026,ABBA,MAHAKA MEDIA Tbk,PEARL HILL INVESTMENTS LTD,39.999.999,"1,02",A,IB
27-Feb-2026,ABDA,ASURANSI BINA DANA ARTA Tbk,OONA INDONESIA PTE LTD,538.555.304,"86,75",A,IS
27-Feb-2026,ABDA,ASURANSI BINA DANA ARTA Tbk,MAYBANK SECURITIES PTE. LTD.,30.499.400,"4,91",A,SC
27-Feb-2026,ABDA,ASURANSI BINA DANA ARTA Tbk,DBS BANK LTD.,28.000.000,"4,51",A,IB
27-Feb-2026,ABDA,ASURANSI BINA DANA ARTA Tbk,SKYLIGHT INVESTMENT LTD,21.728.234,"3,50",A,CP
27-Feb-2026,ABMM,ABM INVESTAMA Tbk,PT TIARA MARGA TRAKINDO,1.474.573.133,"53,56",L,CP
27-Feb-2026,ABMM,ABM INVESTAMA Tbk,VALLE VERDE PTE LTD,702.349.867,"25,51",A,CP
27-Feb-2026,ABMM,ABM INVESTAMA Tbk,LO KHENG HONG. DRS,154.835.300,"5,62",L,ID
27-Feb-2026,ABMM,ABM INVESTAMA Tbk,NOBLE INVESTMENT CORPORATION (SPC) LTD.,96.446.100,"3,50",A,CP
27-Feb-2026,ACES,ASPIRASI HIDUP INDONESIA Tbk,PT KAWAN LAMA SEJAHTERA,10.272.189.700,"60,00",L,CP
27-Feb-2026,ACES,ASPIRASI HIDUP INDONESIA Tbk,DBS BANK LTD S/A ALBIZIA ASEAN OPPORTUNITIES FUND,494.894.900,"2,89",A,IB
27-Feb-2026,ACES,ASPIRASI HIDUP INDONESIA Tbk,GOVERNMENT OF NORWAY,236.964.100,"1,38",A,OT
27-Feb-2026,ACES,ASPIRASI HIDUP INDONESIA Tbk,ARISAIG ASIA FUND LIMITED,206.512.200,"1,21",A,OT
27-Feb-2026,ACES,ASPIRASI HIDUP INDONESIA Tbk,NT TST CO S/A EDGBASTON ASIAN EQUITY (JERSEY) TRUST,194.347.500,"1,14",A,OT
27-Feb-2026,ACES,ASPIRASI HIDUP INDONESIA Tbk,PT PRUDENTIAL LIFE ASSURANCE,182.363.700,"1,07",L,IS
27-Feb-2026,ACRO,SAMCRO HYOSUNG ADILESTARI Tbk,TAE SUNG CHUNG,2.720.072.495,"78,40",L,ID
27-Feb-2026,ACRO,SAMCRO HYOSUNG ADILESTARI Tbk,JOO HEE KO,155.398.000,"4,48",L,ID
27-Feb-2026,ACRO,SAMCRO HYOSUNG ADILESTARI Tbk,SUMAN KIM,131.628.700,"3,79",L,ID
27-Feb-2026,ACRO,SAMCRO HYOSUNG ADILESTARI Tbk,KYUNGHEE KO,106.185.900,"3,06",A,ID
27-Feb-2026,ACST,ACSET INDONUSA Tbk,PT. KARYA SUPRA PERKASA,16.115.027.968,"91,17",L,CP
27-Feb-2026,ADCP,ADHI COMMUTER PROPERTI Tbk,ADHI KARYA PERSERO TBK PT.,19.999.900.000,"90,00",L,CP
27-Feb-2026,ADES,AKASHA WIRA INTERNATIONAL Tbk,WATER PARTNERS BOTTLING SA,538.896.713,"91,35",A,CP
27-Feb-2026,ADES,AKASHA WIRA INTERNATIONAL Tbk,DRS SURONO SUBEKTI,6.106.500,"1,04",L,ID
27-Feb-2026,ADHI,ADHI KARYA (PERSERO) Tbk,"PANIN SEKURITAS Tbk, PT",225.739.168,"2,68",L,SC
27-Feb-2026,ADHI,ADHI KARYA (PERSERO) Tbk,PT. MITRACOMM EKASARANA,158.419.800,"1,88",L,CP
27-Feb-2026,ADHI,ADHI KARYA (PERSERO) Tbk,"SALIM, LIM",140.179.823,"1,67",L,ID
27-Feb-2026,ADHI,ADHI KARYA (PERSERO) Tbk,PT WARUNA NUSASENTANA,96.194.100,"1,14",L,CP
27-Feb-2026,ADMF,ADIRA DINAMIKA MULTI FINANCE Tbk,"BANK DANAMON INDONESIA Tbk, PT - REGISTRAR",920.700.000,"74,50",L,IB
27-Feb-2026,ADMF,ADIRA DINAMIKA MULTI FINANCE Tbk,MUFG Bank Ltd,233.757.759,"18,92",A,IB
27-Feb-2026,ADMG,POLYCHEM INDONESIA Tbk,PROVESTMENT LIMITED,1.925.414.417,"49,51",A,OT
27-Feb-2026,ADMG,POLYCHEM INDONESIA Tbk,"GAJAH TUNGGAL, TbK. PT.",994.150.000,"25,56",L,CP
27-Feb-2026,ADMG,POLYCHEM INDONESIA Tbk,PT SATYA MULIA GEMA GEMILANG,405.356.593,"10,42",L,CP
27-Feb-2026,ADMG,POLYCHEM INDONESIA Tbk,SOETIKNO HARTO SOEWITO,103.005.000,"2,65",L,ID
27-Feb-2026,ADMG,POLYCHEM INDONESIA Tbk,LO KHENG HONG. DRS,50.318.100,"1,29",L,ID
27-Feb-2026,ADMG,POLYCHEM INDONESIA Tbk,NEW WORLD GLOBAL LIMITED,39.997.466,"1,03",A,CP
27-Feb-2026,ADMR,ALAMTRI MINERALS INDONESIA Tbk,ALAMTRI RESOURCES INDONESIA TBK PT,34.933.166.100,"85,45",L,CP
27-Feb-2026,ADMR,ALAMTRI MINERALS INDONESIA Tbk,VERANUS CAPITAL PTE. LTD.,532.762.560,"1,30",A,IB
27-Feb-2026,ADMR,ALAMTRI MINERALS INDONESIA Tbk,SILVERCITY ENTERPRISE LIMITED,436.463.680,"1,07",A,CP
27-Feb-2026,ADRO,ALAMTRI RESOURCES INDONESIA Tbk,ADARO STRATEGIC INVESTMENTS,14.045.425.500,"47,79",L,CP
27-Feb-2026,ADRO,ALAMTRI RESOURCES INDONESIA Tbk,GARIBALDI THOHIR,1.976.632.710,"6,73",L,ID
27-Feb-2026,ADRO,ALAMTRI RESOURCES INDONESIA Tbk,SARATOGA INVESTAMA SEDAYA TBK PT,1.174.890.670,"4,00",L,CP
27-Feb-2026,ADRO,ALAMTRI RESOURCES INDONESIA Tbk,EDWIN SOERYADJAYA,1.051.738.544,"3,58",L,ID
27-Feb-2026,ADRO,ALAMTRI RESOURCES INDONESIA Tbk,IR. T. PERMADI RACHMAT,812.988.601,"2,77",L,ID
27-Feb-2026,ADRO,ALAMTRI RESOURCES INDONESIA Tbk,SANDIAGA SALAHUDDIN UNO,611.849.202,"2,08",L,ID
27-Feb-2026,ADRO,ALAMTRI RESOURCES INDONESIA Tbk,ALAMTRI RESOURCES INDONESIA TBK PT,589.195.200,"2,00",L,CP
27-Feb-2026,ADRO,ALAMTRI RESOURCES INDONESIA Tbk,KOREA SOUTH-EAST POWER CO.LTD,480.000.000,"1,63",A,CP
27-Feb-2026,AEGS,ANUGERAH SPAREPARTS SEJAHTERA Tbk,J SUWANTA SINARYA DR,555.649.980,"55,23",L,ID
27-Feb-2026,AEGS,ANUGERAH SPAREPARTS SEJAHTERA Tbk,UOB KAY HIAN PRIVATE LIMITED,44.095.700,"4,38",A,SC
27-Feb-2026,AEGS,ANUGERAH SPAREPARTS SEJAHTERA Tbk,OEY JOHAN SINATRA SUMAWI,25.350.010,"2,52",L,ID
27-Feb-2026,AEGS,ANUGERAH SPAREPARTS SEJAHTERA Tbk,JEIHAN SUMAWI PUTRA,25.000.010,"2,48",L,ID
27-Feb-2026,AEGS,ANUGERAH SPAREPARTS SEJAHTERA Tbk,Euw Hendry Ernanto,23.750.300,"2,36",L,ID
27-Feb-2026,AEGS,ANUGERAH SPAREPARTS SEJAHTERA Tbk,PHILLIP SECURITIES PTE LTD,14.704.300,"1,46",A,SC
27-Feb-2026,AEGS,ANUGERAH SPAREPARTS SEJAHTERA Tbk,HASANUDIN,13.976.800,"1,39",L,ID
27-Feb-2026,AGAR,ASIA SEJAHTERA MINA Tbk,PT. INDO KREASI PRATAMA,450.000.000,"45,00",L,CP
27-Feb-2026,AGAR,ASIA SEJAHTERA MINA Tbk,PT. SINAR TERANG ASIA RAYA,299.927.300,"29,99",L,CP
27-Feb-2026,AGAR,ASIA SEJAHTERA MINA Tbk,PT. BENGAWAN TIMUR LAJU,43.000.000,"4,30",L,CP
27-Feb-2026,AGAR,ASIA SEJAHTERA MINA Tbk,WILDA TETY ARYDESIA,41.000.000,"4,10",L,ID
27-Feb-2026,AGAR,ASIA SEJAHTERA MINA Tbk,L. HAUW LIONG (LIANTO G),40.392.900,"4,04",L,ID
27-Feb-2026,AGAR,ASIA SEJAHTERA MINA Tbk,HENRY TIRTASAPUTRA JUNIOR,40.000.000,"4,00",L,ID
27-Feb-2026,AGAR,ASIA SEJAHTERA MINA Tbk,ROBIN GOENADI,39.777.500,"3,98",L,ID
27-Feb-2026,AGAR,ASIA SEJAHTERA MINA Tbk,INTAN POLANARIA SANTOSA,33.254.300,"3,33",L,ID
27-Feb-2026,AGII,SAMATOR INDO GAS Tbk,PT SAMATOR,1.080.693.020,"35,24",L,CP
27-Feb-2026,AGII,SAMATOR INDO GAS Tbk,MATRIX COMPANY LIMITED,986.967.780,"32,18",A,CP
27-Feb-2026,AGII,SAMATOR INDO GAS Tbk,PT. ANEKA MEGA ENERGI,459.999.000,"15,00",L,CP
27-Feb-2026,AGII,SAMATOR INDO GAS Tbk,SARATOGA INVESTAMA SEDAYA TBK PT,306.666.000,"10,00",L,CP
27-Feb-2026,AGII,SAMATOR INDO GAS Tbk,ZICO TRUST (S) LTD,91.633.900,"2,99",A,CP
27-Feb-2026,AGRO,BANK RAYA INDONESIA Tbk,"PT BANK RAKYAT INDONESIA (PERSERO), TBK",21.487.162.037,"86,85",L,IB
27-Feb-2026,AGRO,BANK RAYA INDONESIA Tbk,DANA PENSUN PERKEBUNAN,600.703.375,"2,43",L,PF
27-Feb-2026,AGRS,BANK IBK INDONESIA Tbk,INDUSTRIAL BANK OF KOREA,43.792.362.385,"91,49",A,OT
27-Feb-2026,AGRS,BANK IBK INDONESIA Tbk,PT KOREA INVESTMENT AND SEKURITAS INDONESIA - REGISTRAR,1.414.728.100,"2,96",L,SC
27-Feb-2026,AHAP,ASURANSI HARTA AMAN PRATAMA Tbk,PT ASURANSI CENTRAL ASIA,3.066.343.009,"62,58",L,IS
27-Feb-2026,AHAP,ASURANSI HARTA AMAN PRATAMA Tbk,SENDRA GUNAWAN,566.781.066,"11,57",L,ID
27-Feb-2026,AHAP,ASURANSI HARTA AMAN PRATAMA Tbk,TAN KAH HO,119.929.263,"2,45",A,ID
27-Feb-2026,AHAP,ASURANSI HARTA AMAN PRATAMA Tbk,BANGKOK INSURANCE PUBLIC COMPANY LIMITED,64.086.000,"1,31",A,IS
27-Feb-2026,AIMS,ARTHA MAHIYA INVESTAMA Tbk,PT AIMS INDO INVESTAMA,68.556.991,"31,16",L,CP
27-Feb-2026,AIMS,ARTHA MAHIYA INVESTAMA Tbk,PT DELTA WIBAWA BERSAMA,68.493.151,"31,13",L,CP
27-Feb-2026,AIMS,ARTHA MAHIYA INVESTAMA Tbk,IR EFENDI LEMAN,11.155.000,"5,07",L,ID
27-Feb-2026,AIMS,ARTHA MAHIYA INVESTAMA Tbk,LIQIN LING,9.681.000,"4,40",L,ID
27-Feb-2026,AIMS,ARTHA MAHIYA INVESTAMA Tbk,MELDY TANNOS,6.271.000,"2,85",L,ID
27-Feb-2026,AIMS,ARTHA MAHIYA INVESTAMA Tbk,LIANG ZHANG,3.829.000,"1,74",L,ID
27-Feb-2026,AIMS,ARTHA MAHIYA INVESTAMA Tbk,ANTHONY SETIADI,2.736.300,"1,24",L,ID
27-Feb-2026,AIMS,ARTHA MAHIYA INVESTAMA Tbk,ABEL IGNATIUS AUREY,2.588.800,"1,18",L,ID
27-Feb-2026,AISA,FKS FOOD SEJAHTERA Tbk,PT. PANGAN SEJAHTERA INVESTAMA,5.444.727.100,"58,47",L,CP
27-Feb-2026,AISA,FKS FOOD SEJAHTERA Tbk,PT ASTA ASKARA SENTOSA,1.441.374.472,"15,48",L,CP
27-Feb-2026,AISA,FKS FOOD SEJAHTERA Tbk,PRIMANEX LIMITED,173.114.557,"1,86",A,CP
27-Feb-2026,AISA,FKS FOOD SEJAHTERA Tbk,ASURANSI SIMAS JIWA,169.350.483,"1,82",L,IS
27-Feb-2026,AISA,FKS FOOD SEJAHTERA Tbk,UBS AG SINGAPORE BRANCH,158.836.700,"1,71",A,IB
27-Feb-2026,AISA,FKS FOOD SEJAHTERA Tbk,TROPHY INVESTORS II Ltd,146.693.750,"1,58",A,CP
27-Feb-2026,AKKU,ANUGERAH KAGUM KARYA UTAMA Tbk,PT. RENALDIJAYA EKAINTI,1.036.756.100,"16,08",L,CP
27-Feb-2026,AKKU,ANUGERAH KAGUM KARYA UTAMA Tbk,PT BINTANG BERSINAR CEMERLANG,721.187.100,"11,18",L,CP
27-Feb-2026,AKKU,ANUGERAH KAGUM KARYA UTAMA Tbk,PT GEMA BUSANA RAYA,394.611.900,"6,12",L,CP
27-Feb-2026,AKKU,ANUGERAH KAGUM KARYA UTAMA Tbk,PT. KOREK API GUNA MANDIRI,358.795.300,"5,56",L,CP
27-Feb-2026,AKKU,ANUGERAH KAGUM KARYA UTAMA Tbk,PT SUKSES SELALU SEMPURNA,251.735.200,"3,90",L,CP
27-Feb-2026,AKKU,ANUGERAH KAGUM KARYA UTAMA Tbk,RENA LUCIANI HUSADA,250.000.100,"3,88",L,ID
27-Feb-2026,AKKU,ANUGERAH KAGUM KARYA UTAMA Tbk,PT. RELBI JAYA EKA INTI,223.590.000,"3,47",L,CP
27-Feb-2026,AKKU,ANUGERAH KAGUM KARYA UTAMA Tbk,OIL AND GAS VENTURES LIMITED,195.289.000,"3,03",A,CP
27-Feb-2026,AKKU,ANUGERAH KAGUM KARYA UTAMA Tbk,PT ANTARIKSA BINTANG CEMERLANG,190.502.200,"2,95",L,CP
27-Feb-2026,AKKU,ANUGERAH KAGUM KARYA UTAMA Tbk,PT CIHAMPELAS SEJUTA BUSANA,183.698.600,"2,85",L,CP
27-Feb-2026,AKKU,ANUGERAH KAGUM KARYA UTAMA Tbk,PT. KAGUM KARYA UTAMA,147.670.900,"2,29",L,CP
27-Feb-2026,AKKU,ANUGERAH KAGUM KARYA UTAMA Tbk,PT. KAGUM MAKMUR UTAMA,138.442.000,"2,15",L,CP
27-Feb-2026,AKKU,ANUGERAH KAGUM KARYA UTAMA Tbk,PT. KAGUM JAYA EKA INTI,136.701.600,"2,12",L,CP
27-Feb-2026,AKKU,ANUGERAH KAGUM KARYA UTAMA Tbk,PT JOKOWOW INDONESIA HEBAT,134.889.200,"2,09",L,CP
27-Feb-2026,AKKU,ANUGERAH KAGUM KARYA UTAMA Tbk,PT LOKASI EMAS INDONESIA PROPERTI,126.925.800,"1,97",L,CP
27-Feb-2026,AKKU,ANUGERAH KAGUM KARYA UTAMA Tbk,PT. RESTI JAYA EKA INTI,126.601.700,"1,96",L,CP
27-Feb-2026,AKKU,ANUGERAH KAGUM KARYA UTAMA Tbk,PT. RENA JAYA EKA INTI,122.608.200,"1,90",L,CP
27-Feb-2026,AKKU,ANUGERAH KAGUM KARYA UTAMA Tbk,PT KAGUM UTAMA JAYA,117.865.600,"1,83",L,CP
27-Feb-2026,AKKU,ANUGERAH KAGUM KARYA UTAMA Tbk,PT KAGUM KARYA MAKMUR,117.407.100,"1,82",L,CP
27-Feb-2026,AKKU,ANUGERAH KAGUM KARYA UTAMA Tbk,PT MAJU KARYA SRIKANDI,108.858.400,"1,69",L,CP
27-Feb-2026,AKKU,ANUGERAH KAGUM KARYA UTAMA Tbk,PT TALENTA USAHA PRIMA,81.643.800,"1,27",L,CP
27-Feb-2026,AKKU,ANUGERAH KAGUM KARYA UTAMA Tbk,PT GEMPAR BUSANA JAYA,81.643.800,"1,27",L,CP
27-Feb-2026,AKKU,ANUGERAH KAGUM KARYA UTAMA Tbk,KINGSWOOD UNION CORPORATION,72.535.000,"1,12",A,OT
27-Feb-2026,AKKU,ANUGERAH KAGUM KARYA UTAMA Tbk,PT LENTERA BINTANG TERANG,68.036.500,"1,05",L,CP
27-Feb-2026,AKPI,ARGHA KARYA PRIMA INDUSTRY Tbk,TIARA INTIMAHKOTA,141.027.982,"23,03",,
27-Feb-2026,AKPI,ARGHA KARYA PRIMA INDUSTRY Tbk,PRISMATAMA NUGRAHA,130.019.668,"21,24",L,CP
27-Feb-2026,AKPI,ARGHA KARYA PRIMA INDUSTRY Tbk,NAWA PANDUTA,92.133.534,"15,05",L,CP
27-Feb-2026,AKPI,ARGHA KARYA PRIMA INDUSTRY Tbk,PT. TIARA INTIMAHKOTA,80.045.006,"13,07",L,CP
27-Feb-2026,AKPI,ARGHA KARYA PRIMA INDUSTRY Tbk,PT PRISMATAMA NUGRAHA,37.009.340,"6,04",L,CP
27-Feb-2026,AKPI,ARGHA KARYA PRIMA INDUSTRY Tbk,PT GITANIRWANA MANDRASAKTI,28.680.660,"4,68",L,CP
27-Feb-2026,AKPI,ARGHA KARYA PRIMA INDUSTRY Tbk,HENRY LIEM,14.851.259,"2,43",L,ID
27-Feb-2026,AKPI,ARGHA KARYA PRIMA INDUSTRY Tbk,Amirsyah Risjad,10.500.062,"1,72",L,ID
27-Feb-2026,AKPI,ARGHA KARYA PRIMA INDUSTRY Tbk,DINA RISJAD,10.433.162,"1,70",L,ID
27-Feb-2026,AKPI,ARGHA KARYA PRIMA INDUSTRY Tbk,DEDEY RISJAD,10.433.162,"1,70",L,ID
27-Feb-2026,AKPI,ARGHA KARYA PRIMA INDUSTRY Tbk,ZARANI RISJAD,10.433.162,"1,70",L,ID
27-Feb-2026,AKPI,ARGHA KARYA PRIMA INDUSTRY Tbk,RIZAL RISJAD,10.433.162,"1,70",L,ID
27-Feb-2026,AKPI,ARGHA KARYA PRIMA INDUSTRY Tbk,SELVIYA RISJAD DANANTO,10.433.162,"1,70",L,ID
27-Feb-2026,AKPI,ARGHA KARYA PRIMA INDUSTRY Tbk,RADIAN RISJAD,10.433.161,"1,70",L,ID
27-Feb-2026,AKRA,AKR CORPORINDO Tbk,PT ARTHAKENCANA RAYATAMA,12.787.818.600,"63,71",L,CP
27-Feb-2026,AKRA,AKR CORPORINDO Tbk,EMPLOYEES PROVIDENT FUND BOARD,647.500.000,"3,23",A,PF
27-Feb-2026,AKRA,AKR CORPORINDO Tbk,GOVERNMENT OF NORWAY,608.248.800,"3,03",A,OT
27-Feb-2026,AKRA,AKR CORPORINDO Tbk,THE NT TST CO S/A CIM INVESTMENT FUND ICAV,413.000.000,"2,06",A,MF
27-Feb-2026,AKRA,AKR CORPORINDO Tbk,AKR CORPORINDO TBK.,273.705.000,"1,36",L,CP
27-Feb-2026,AKRA,AKR CORPORINDO Tbk,ABERDEEN ASIA FOCUS PLC,248.938.500,"1,24",A,MF
27-Feb-2026,AKRA,AKR CORPORINDO Tbk,HARYANTO ADIKOESOEMO,212.604.600,"1,06",L,ID
27-Feb-2026,AKSI,MINERAL SUMBERDAYA MANDIRI Tbk,PT BATULICIN ENAM SEMBILAN TRANSPORTASI,665.699.750,"92,46",L,CP
27-Feb-2026,ALDO,ALKINDO NARATAMA Tbk,PT.GOLDEN ARISTA INTERNATIONAL,1.810.571.784,"67,04",L,CP
27-Feb-2026,ALDO,ALKINDO NARATAMA Tbk,VERY BUDIAWAN,103.650.948,"3,84",L,ID
27-Feb-2026,ALDO,ALKINDO NARATAMA Tbk,HILDA SUTANTO,92.841.438,"3,44",L,ID
27-Feb-2026,ALDO,ALKINDO NARATAMA Tbk,DADANG KURNIAWAN WIKARA,90.727.000,"3,36",L,ID
27-Feb-2026,ALDO,ALKINDO NARATAMA Tbk,PT ARDANA INVESTAMA INDONESIA,88.526.600,"3,28",L,CP
27-Feb-2026,ALDO,ALKINDO NARATAMA Tbk,LILI MULYADI SUTANTO,84.307.692,"3,12",L,ID
27-Feb-2026,ALDO,ALKINDO NARATAMA Tbk,PT PABRIK KERTAS NOREE INDONESIA,57.587.200,"2,13",L,CP
27-Feb-2026,ALDO,ALKINDO NARATAMA Tbk,IRENE SASTROAMIJOYO,55.990.400,"2,07",L,ID
27-Feb-2026,ALDO,ALKINDO NARATAMA Tbk,HERWANTO SUTANTO,49.230.770,"1,82",L,ID
27-Feb-2026,ALDO,ALKINDO NARATAMA Tbk,HERLAMBANG PUTRA SURJADI,46.729.220,"1,73",L,ID
27-Feb-2026,ALDO,ALKINDO NARATAMA Tbk,WILLY SOESANTO,45.652.702,"1,69",L,ID
27-Feb-2026,ALDO,ALKINDO NARATAMA Tbk,SONNY KOESOEMAHARSONO,33.779.198,"1,25",L,ID
27-Feb-2026,ALDO,ALKINDO NARATAMA Tbk,EDDY YUSUF,28.576.712,"1,06",L,ID
27-Feb-2026,ALII,ANCARA LOGISTICS INDONESIA Tbk,PT. GRAHA ADIKA NIAGA,5.202.000.000,"32,87",L,CP
27-Feb-2026,ALII,ANCARA LOGISTICS INDONESIA Tbk,SOLOMED CAPITAL PTE LTD,4.998.000.000,"31,58",A,CP
27-Feb-2026,ALII,ANCARA LOGISTICS INDONESIA Tbk,BORNEO LOGISTICS SERVICES PTE. LTD.,1.744.000.000,"11,02",A,CP
27-Feb-2026,ALII,ANCARA LOGISTICS INDONESIA Tbk,ABUNDANTIA FUND SPC,789.281.240,"4,99",A,MF
27-Feb-2026,ALII,ANCARA LOGISTICS INDONESIA Tbk,PINNACLEIQ INCORPORATED VCC SUB-FUND,765.857.300,"4,84",A,MF
27-Feb-2026,ALII,ANCARA LOGISTICS INDONESIA Tbk,EMINENCE GLOBAL FUND PCC,747.227.700,"4,72",A,MF
27-Feb-2026,ALII,ANCARA LOGISTICS INDONESIA Tbk,NALINKANT AMRATLAL RATHOD,352.621.500,"2,23",L,ID
27-Feb-2026,ALII,ANCARA LOGISTICS INDONESIA Tbk,ANINDITHA ANESTYA BAKRIE,308.612.450,"1,95",L,ID
27-Feb-2026,ALII,ANCARA LOGISTICS INDONESIA Tbk,PLENTITUDE FUND SPC,244.958.300,"1,55",A,MF
27-Feb-2026,ALII,ANCARA LOGISTICS INDONESIA Tbk,INFINITUDE GLOBAL FUND VCC,231.742.250,"1,46",A,CP
27-Feb-2026,ALKA,ALAKASA INDUSTRINDO Tbk,GESIT PERKASA,425.393.555,"83,79",L,CP
27-Feb-2026,ALKA,ALAKASA INDUSTRINDO Tbk,PT. SELARAS INVESTAMA GLOBALINDO,14.369.250,"2,83",L,CP
27-Feb-2026,ALKA,ALAKASA INDUSTRINDO Tbk,ANDREW PASCALIS ADJIPUTRO,12.500.000,"2,46",L,ID
27-Feb-2026,ALKA,ALAKASA INDUSTRINDO Tbk,AGNESRI MAHARLYN FIRANI PUTRI,12.500.000,"2,46",L,ID
27-Feb-2026,ALKA,ALAKASA INDUSTRINDO Tbk,SANTINILESTARI LOKAPRIMA,8.142.750,"1,60",L,CP
27-Feb-2026,ALMI,ALUMINDO LIGHT METAL INDUSTRY Tbk,PT HUSIN INVESTAMA,2.509.983.942,"65,78",L,CP
27-Feb-2026,ALMI,ALUMINDO LIGHT METAL INDUSTRY Tbk,PT ALIM INVESTINDO,600.020.374,"15,72",L,CP
27-Feb-2026,ALMI,ALUMINDO LIGHT METAL INDUSTRY Tbk,PT GUNA INVESTINDO,330.080.000,"8,65",L,CP
27-Feb-2026,ALMI,ALUMINDO LIGHT METAL INDUSTRY Tbk,MARINDO INVESTAMA,93.459.476,"2,45",L,CP
27-Feb-2026,ALMI,ALUMINDO LIGHT METAL INDUSTRY Tbk,PRAKINDO INVESTAMA PT,38.438.704,"1,01",,
27-Feb-2026,ALTO,TRI BANYAN TIRTA Tbk,PT FIKASA BINTANG CEMERLANG,798.633.308,"36,44",L,CP
27-Feb-2026,ALTO,TRI BANYAN TIRTA Tbk,"TIRTAMAS ANGGADA, PT",356.130.919,"16,25",L,CP
27-Feb-2026,ALTO,TRI BANYAN TIRTA Tbk,PT TRIMEGAH SEKURITAS INDONESIA TBK,210.832.443,"9,62",L,SC
27-Feb-2026,ALTO,TRI BANYAN TIRTA Tbk,PERSERO DANAREKSA PT a/c SPECIAL,149.437.339,"6,82",L,CP
27-Feb-2026,ALTO,TRI BANYAN TIRTA Tbk,IRENE THESMAN,108.790.006,"4,96",L,ID
27-Feb-2026,ALTO,TRI BANYAN TIRTA Tbk,LIONG JUEN FAT,73.914.500,"3,37",L,ID
27-Feb-2026,ALTO,TRI BANYAN TIRTA Tbk,IR. BUDIJANTO SETIAWAN,70.615.500,"3,22",L,ID
27-Feb-2026,ALTO,TRI BANYAN TIRTA Tbk,DRS JOSEPH SUSILO,47.605.800,"2,17",L,ID
27-Feb-2026,ALTO,TRI BANYAN TIRTA Tbk,BHAKTI SALIM,46.900.000,"2,14",L,ID
27-Feb-2026,ALTO,TRI BANYAN TIRTA Tbk,ANTONIUS ANDI SUSANTO,44.805.150,"2,04",L,ID
27-Feb-2026,ALTO,TRI BANYAN TIRTA Tbk,SOEGIANTO,37.462.600,"1,71",L,ID
27-Feb-2026,ALTO,TRI BANYAN TIRTA Tbk,PT.TUDUNG BERSAMA TIRTA,30.670.000,"1,40",L,CP
27-Feb-2026,ALTO,TRI BANYAN TIRTA Tbk,IR. D. SAHARDONO AMIARSO,25.000.000,"1,14",L,ID
27-Feb-2026,AMAG,ASURANSI MULTI ARTHA GUNA Tbk,FAIRFAX ASIA LIMITED,4.001.242.013,"80,00",A,CP
27-Feb-2026,AMAG,ASURANSI MULTI ARTHA GUNA Tbk,"BANK PAN INDONESIA TBK, PT",388.000.000,"7,76",L,IB
27-Feb-2026,AMAG,ASURANSI MULTI ARTHA GUNA Tbk,DANA PENSIUN KARYAWAN PANIN BANK,210.019.533,"4,20",L,PF
27-Feb-2026,AMAG,ASURANSI MULTI ARTHA GUNA Tbk,"PANINVEST TBK, PT",188.233.921,"3,76",L,CP
27-Feb-2026,AMAG,ASURANSI MULTI ARTHA GUNA Tbk,PT Asuransi Multi Artha Guna,55.806.100,"1,12",L,IS
27-Feb-2026,AMAN,MAKMUR BERKAH AMANDA Tbk,PT GRIYA PRIMA AMANDA (GPA),3.158.500.000,"81,54",,
27-Feb-2026,AMAN,MAKMUR BERKAH AMANDA Tbk,JOHAN TEDJA SURYA,175.534.400,"4,53",L,ID
27-Feb-2026,AMAN,MAKMUR BERKAH AMANDA Tbk,EDWARD SAMULA TOARI,160.020.000,"4,13",L,ID
27-Feb-2026,AMAN,MAKMUR BERKAH AMANDA Tbk,SIAUW JENNICE MARIA,114.335.000,"2,95",L,ID
27-Feb-2026,AMAN,MAKMUR BERKAH AMANDA Tbk,F. IRENE FANCY,84.590.000,"2,18",L,ID
27-Feb-2026,AMAN,MAKMUR BERKAH AMANDA Tbk,ANDIERSEN,53.127.300,"1,37",L,ID
27-Feb-2026,AMAN,MAKMUR BERKAH AMANDA Tbk,EDDI TJENDANA,43.933.000,"1,13",L,ID
27-Feb-2026,AMAR,BANK AMAR INDONESIA Tbk,TOLARAM PTE. LTD.,13.832.054.873,"75,25",A,CP
27-Feb-2026,AMAR,BANK AMAR INDONESIA Tbk,JAGAT RAYA IMAJINASI PT,1.210.726.588,"6,59",L,CP
27-Feb-2026,AMAR,BANK AMAR INDONESIA Tbk,BANK OF SINGAPORE LIMITED,1.086.653.690,"5,91",A,IB
27-Feb-2026,AMAR,BANK AMAR INDONESIA Tbk,"SBI HOLDINGS, INC.",1.035.714.286,"5,63",A,CP
27-Feb-2026,AMAR,BANK AMAR INDONESIA Tbk,PT BANK AMAR INDONESIA TBK,367.421.455,"2,00",L,IB
27-Feb-2026,AMAR,BANK AMAR INDONESIA Tbk,PT. MARVEL INVESTAMA ASIA,183.811.000,"1,00",L,CP
27-Feb-2026,AMFG,ASAHIMAS FLAT GLASS Tbk,AGC Inc.,193.240.400,"44,53",A,CP
27-Feb-2026,AMFG,ASAHIMAS FLAT GLASS Tbk,PT. RODAMAS,180.677.700,"41,63",L,CP
27-Feb-2026,AMFG,ASAHIMAS FLAT GLASS Tbk,DBS VICKERS SECS SINGAPORE (PTE) LTD A/C CLIENTS,8.265.400,"1,90",A,SC
27-Feb-2026,AMFG,ASAHIMAS FLAT GLASS Tbk,ANDY TANUJAYA,7.430.300,"1,71",L,ID
27-Feb-2026,AMFG,ASAHIMAS FLAT GLASS Tbk,LIEM TJEN HUNG,6.458.400,"1,49",L,ID
27-Feb-2026,AMIN,ATELIERS MECANIQUES D`INDONESIE Tbk,SPHERE CORPORATION SDN.BHD.,630.638.300,"58,39",A,CP
27-Feb-2026,AMIN,ATELIERS MECANIQUES D`INDONESIE Tbk,CHONG KIM KONG,109.200.000,"10,11",A,ID
27-Feb-2026,AMIN,ATELIERS MECANIQUES D`INDONESIE Tbk,CHONG KIM LEONG,75.600.000,"7,00",A,ID
27-Feb-2026,AMIN,ATELIERS MECANIQUES D`INDONESIE Tbk,RUDY SUSANTO,42.000.000,"3,89",L,ID
27-Feb-2026,AMIN,ATELIERS MECANIQUES D`INDONESIE Tbk,LAI KIM TENG,27.555.000,"2,55",A,ID
27-Feb-2026,AMIN,ATELIERS MECANIQUES D`INDONESIE Tbk,VICTORIA,24.775.800,"2,29",L,ID
27-Feb-2026,AMIN,ATELIERS MECANIQUES D`INDONESIE Tbk,LIM PEEK CHIN,20.000.000,"1,85",A,ID
27-Feb-2026,AMIN,ATELIERS MECANIQUES D`INDONESIE Tbk,JEF CHARLES H. BOEDT,18.152.500,"1,68",A,ID
27-Feb-2026,AMIN,ATELIERS MECANIQUES D`INDONESIE Tbk,DONAL MANIK,11.998.700,"1,11",L,ID
27-Feb-2026,AMIN,ATELIERS MECANIQUES D`INDONESIE Tbk,MAYBANK SECURITIES PTE. LTD.,11.901.000,"1,10",A,SC
27-Feb-2026,AMMN,AMMAN MINERAL INTERNASIONAL Tbk,PT SUMBER GEMILANG PERSADA,23.332.191.394,"32,17",L,CP
27-Feb-2026,AMMN,AMMAN MINERAL INTERNASIONAL Tbk,PT MEDCO ENERGI INTERNASIONAL TBK,15.167.510.552,"20,92",L,CP
27-Feb-2026,AMMN,AMMAN MINERAL INTERNASIONAL Tbk,PT AP INVESTMENT,11.204.034.620,"15,45",L,CP
27-Feb-2026,AMMN,AMMAN MINERAL INTERNASIONAL Tbk,PESONA SUKSES CEMERLANG,4.558.377.112,"6,29",L,CP
27-Feb-2026,AMMN,AMMAN MINERAL INTERNASIONAL Tbk,SAJIR 9 LLC,3.871.783.968,"5,34",A,CP
27-Feb-2026,AMMN,AMMAN MINERAL INTERNASIONAL Tbk,PT KEMILAU INVESTAMA MAKMUR,2.856.070.404,"3,94",L,CP
27-Feb-2026,AMMN,AMMAN MINERAL INTERNASIONAL Tbk,"KEMILAU SINAR LESTARI, PT",1.907.770.954,"2,63",L,CP
27-Feb-2026,AMMN,AMMAN MINERAL INTERNASIONAL Tbk,21 INTERNATIONAL VENTURE SPC,1.806.649.600,"2,49",A,OT
27-Feb-2026,AMMN,AMMAN MINERAL INTERNASIONAL Tbk,VANECK GOLD MINERS ETF,772.088.300,"1,06",A,MF
27-Feb-2026,AMMS,AGUNG MENJANGAN MAS Tbk,RADIANT RUBY COMPANY LTD,630.001.369,"51,00",A,CP
27-Feb-2026,AMMS,AGUNG MENJANGAN MAS Tbk,PT MANDARA MAS SEMESTA,358.236.131,"29,00",L,CP
27-Feb-2026,AMMS,AGUNG MENJANGAN MAS Tbk,ABRAHAM TEDJANEGARA,37.607.200,"3,04",L,ID
27-Feb-2026,AMMS,AGUNG MENJANGAN MAS Tbk,DIAZ KURNIAWAN,12.523.800,"1,01",L,ID
27-Feb-2026,AMOR,ASHMORE ASSET MANAGEMENT INDONESIA Tbk,ASHMORE INVESTMENT MANAGEMENT LIMITED,1.334.120.000,"60,04",A,CP
27-Feb-2026,AMOR,ASHMORE ASSET MANAGEMENT INDONESIA Tbk,PT ADIKARSA SARANA,289.921.600,"13,05",L,CP
27-Feb-2026,AMOR,ASHMORE ASSET MANAGEMENT INDONESIA Tbk,RONALDUS GANDAHUSADA IR,140.000.000,"6,30",L,ID
27-Feb-2026,AMOR,ASHMORE ASSET MANAGEMENT INDONESIA Tbk,FX EDDY HARTANTO SH,125.200.000,"5,63",L,ID
27-Feb-2026,AMOR,ASHMORE ASSET MANAGEMENT INDONESIA Tbk,ARIEF CAHYADI WANA,120.000.000,"5,40",L,ID
27-Feb-2026,AMOR,ASHMORE ASSET MANAGEMENT INDONESIA Tbk,PT ASHMORE ASSET MANAGEMENT INDONESIA TBK,23.738.400,"1,07",L,SC
27-Feb-2026,AMRT,SUMBER ALFARIA TRIJAYA Tbk,PT SIGMANTARA ALFINDO,20.839.251.059,"50,19",L,CP
27-Feb-2026,AMRT,SUMBER ALFARIA TRIJAYA Tbk,MITSUBISHI CORPORATION,2.034.681.026,"4,90",A,CP
27-Feb-2026,AMRT,SUMBER ALFARIA TRIJAYA Tbk,JONATHAN CHANG,1.996.981.700,"4,81",L,ID
27-Feb-2026,AMRT,SUMBER ALFARIA TRIJAYA Tbk,"YSW&CO., LTD.",1.720.909.474,"4,14",A,CP
27-Feb-2026,AMRT,SUMBER ALFARIA TRIJAYA Tbk,PT. AMANDA CIPTA PERSADA,1.246.006.200,"3,00",L,CP
27-Feb-2026,AMRT,SUMBER ALFARIA TRIJAYA Tbk,"HSBC-FUND SERVICES, THE OVERLOOK PARTNERS FUND L.P.",1.239.481.800,"2,98",A,MF
27-Feb-2026,AMRT,SUMBER ALFARIA TRIJAYA Tbk,EMPLOYEES PROVIDENT FUND BOARD,755.733.500,"1,82",A,PF
27-Feb-2026,AMRT,SUMBER ALFARIA TRIJAYA Tbk,FIDELITY INVESTMENT TRUST: FIDELITY SERIES EMERGING MARKETS OPPORTUNITIES FUND,705.300.300,"1,70",A,MF
27-Feb-2026,AMRT,SUMBER ALFARIA TRIJAYA Tbk,DJOKO SUSANTO,439.204.200,"1,06",L,ID
27-Feb-2026,ANDI,ANDIRA AGRO Tbk,CENTRAL ENERGI PRATAMA,4.650.030.000,"49,73",L,CP
27-Feb-2026,ANDI,ANDIRA AGRO Tbk,PT. ANUGERAH PERKASA SEMESTA,699.970.000,"7,49",L,CP
27-Feb-2026,ANDI,ANDIRA AGRO Tbk,EDY SUWARNO AL JAP L SING,331.809.600,"3,55",L,ID
27-Feb-2026,ANDI,ANDIRA AGRO Tbk,REKSA DANA EMCO MANTAP,223.720.100,"2,39",L,MF
27-Feb-2026,ANDI,ANDIRA AGRO Tbk,REKSA DANA MINNA PADI PRINGGONDANI SAHAM,216.986.186,"2,32",L,MF
27-Feb-2026,ANDI,ANDIRA AGRO Tbk,PT MINNA PADI INVESTAMA SEKURITAS TBK,215.954.200,"2,31",L,SC
27-Feb-2026,ANDI,ANDIRA AGRO Tbk,EVELINE LISTIJOSUPUTRO,172.212.800,"1,84",L,ID
27-Feb-2026,ANDI,ANDIRA AGRO Tbk,FRANCIS INDARTO,165.588.000,"1,77",L,ID
27-Feb-2026,ANDI,ANDIRA AGRO Tbk,REKSA DANA MINNA PADI PASOPATI SAHAM,153.141.216,"1,64",L,MF
27-Feb-2026,ANDI,ANDIRA AGRO Tbk,REKSA DANA SUCORINVEST SHARIA EQUITY FUND,139.131.700,"1,49",L,MF
27-Feb-2026,ANDI,ANDIRA AGRO Tbk,DJONI,103.302.600,"1,10",L,ID
27-Feb-2026,ANDI,ANDIRA AGRO Tbk,REKSA DANA EMCO GROWTH FUND,102.856.200,"1,10",L,MF
27-Feb-2026,ANJT,AUSTINDO NUSANTARA JAYA Tbk,FIRST RESOURCES LIMITED,3.217.218.477,"95,92",A,CP
27-Feb-2026,ANJT,AUSTINDO NUSANTARA JAYA Tbk,CILIANDRA PERKASA,82.304.646,"2,45",L,CP
27-Feb-2026,ANTM,ANEKA TAMBANG Tbk,PERUSAHAAN PERSEROAN (PERSERO) PT MINERAL INDUSTRI INDONESIA,15.619.999.999,"65,00",L,CP
27-Feb-2026,APEX,APEXINDO PRATAMA DUTA Tbk,PT ASERRA CAPITAL,1.126.374.177,"31,76",L,CP
27-Feb-2026,APEX,APEXINDO PRATAMA DUTA Tbk,UOB KAY HIAN (HONG KONG) LTD,771.356.500,"21,75",A,SC
27-Feb-2026,APEX,APEXINDO PRATAMA DUTA Tbk,AUGUSTA INVESTMENTS I PTE.LTD. ID134190500001,220.767.550,"6,23",A,CP
27-Feb-2026,APEX,APEXINDO PRATAMA DUTA Tbk,DAAZ BARA LESTARI PT,157.309.034,"4,44",L,CP
27-Feb-2026,APEX,APEXINDO PRATAMA DUTA Tbk,Vistra Trust (Singapore) PTE. Limited,86.985.027,"2,45",A,CP
27-Feb-2026,APEX,APEXINDO PRATAMA DUTA Tbk,RISMA PURBA,82.682.300,"2,33",L,ID
27-Feb-2026,APEX,APEXINDO PRATAMA DUTA Tbk,PEAK SEKURITAS INDONESIA PT,61.543.339,"1,74",L,SC
27-Feb-2026,APEX,APEXINDO PRATAMA DUTA Tbk,DBS BANK LTD.,53.197.000,"1,50",A,IB
27-Feb-2026,APEX,APEXINDO PRATAMA DUTA Tbk,HERTECH KHARISMA PT,48.661.832,"1,37",,
27-Feb-2026,APIC,PACIFIC STRATEGIC FINANCIAL Tbk,"PAN PACIFIC INVESTAMA, PT",2.385.192.322,"20,27",L,CP
27-Feb-2026,APIC,PACIFIC STRATEGIC FINANCIAL Tbk,PT PACIFIC INDOCORPORA,1.107.792.332,"9,41",L,CP
27-Feb-2026,APIC,PACIFIC STRATEGIC FINANCIAL Tbk,PT PAN PACIFIC INVESTAMA,887.032.733,"7,54",L,CP
27-Feb-2026,APIC,PACIFIC STRATEGIC FINANCIAL Tbk,PT ASTANA BERKAT INDONESIA,578.860.000,"4,92",L,CP
27-Feb-2026,APIC,PACIFIC STRATEGIC FINANCIAL Tbk,PT. BARA SEJAHTERA SUKSES,485.054.900,"4,12",L,CP
27-Feb-2026,APIC,PACIFIC STRATEGIC FINANCIAL Tbk,PT SUMBER TEKNOLOGI MULIA,455.106.250,"3,87",L,CP
27-Feb-2026,APIC,PACIFIC STRATEGIC FINANCIAL Tbk,"ZED UTAMA PERSADA, PT",452.069.100,"3,84",L,CP
27-Feb-2026,APIC,PACIFIC STRATEGIC FINANCIAL Tbk,EASTERN PEAK GROUP CORPORATION,450.617.500,"3,83",A,OT
27-Feb-2026,APIC,PACIFIC STRATEGIC FINANCIAL Tbk,PT. ALANA CIPTA SELARAS,428.868.300,"3,64",L,CP
27-Feb-2026,APIC,PACIFIC STRATEGIC FINANCIAL Tbk,PT TIRTA CITRA SOLUSI,417.009.700,"3,54",L,CP
27-Feb-2026,APIC,PACIFIC STRATEGIC FINANCIAL Tbk,BANQUE PICTET AND CIE SA,386.547.700,"3,29",A,IB
27-Feb-2026,APIC,PACIFIC STRATEGIC FINANCIAL Tbk,PT. MEGAH ANGKASA PERKASA,339.298.325,"2,88",L,CP
27-Feb-2026,APIC,PACIFIC STRATEGIC FINANCIAL Tbk,PT PACIFIC SEKURITAS INDONESIA,306.900.000,"2,61",L,SC
27-Feb-2026,APIC,PACIFIC STRATEGIC FINANCIAL Tbk,PT. Askar Pelangi Abadi,283.262.800,"2,41",L,CP
27-Feb-2026,APIC,PACIFIC STRATEGIC FINANCIAL Tbk,PT ARIMA KARYA PERSADA,261.265.100,"2,22",L,CP
27-Feb-2026,APIC,PACIFIC STRATEGIC FINANCIAL Tbk,POLAR INVESTMENT CORPORATION,207.447.700,"1,76",A,CP
27-Feb-2026,APIC,PACIFIC STRATEGIC FINANCIAL Tbk,PT.Pacific Indocorpora Indonesia,174.642.561,"1,48",L,CP
27-Feb-2026,APII,ARITA PRIMA INDONESIA Tbk,"ARITA GLOBAL,PT",622.214.760,"57,84",L,CP
27-Feb-2026,APII,ARITA PRIMA INDONESIA Tbk,"ARITA ENGINEERING, SDN BHD",151.125.260,"14,05",,
27-Feb-2026,APII,ARITA PRIMA INDONESIA Tbk,"Fajar Untung Sdn,Bhd",51.296.000,"4,77",A,OT
27-Feb-2026,APII,ARITA PRIMA INDONESIA Tbk,"Bangga Kencana Sdn,Bhd",42.750.000,"3,97",A,OT
27-Feb-2026,APII,ARITA PRIMA INDONESIA Tbk,PHILLIP SECURITIES PTE LTD,34.660.700,"3,22",A,SC
27-Feb-2026,APII,ARITA PRIMA INDONESIA Tbk,LOW YEW LEAN,60.146.480,"5,59",L,ID
27-Feb-2026,APII,ARITA PRIMA INDONESIA Tbk,SMC Capital SDN.BHD.,31.300.000,"2,91",A,OT
27-Feb-2026,APII,ARITA PRIMA INDONESIA Tbk,Koh Boon Kuang,30.000.000,"2,79",A,ID
27-Feb-2026,APII,ARITA PRIMA INDONESIA Tbk,Priority Creations SDN.BHD,17.625.000,"1,64",A,OT
27-Feb-2026,APLI,ASIAPLAST INDUSTRIES Tbk,PT MACO AMANGRAHA,801.304.000,"58,80",L,CP
27-Feb-2026,APLI,ASIAPLAST INDUSTRIES Tbk,ALEXANDER AGUNG PRANOTO,388.333.748,"28,50",L,ID
27-Feb-2026,APLI,ASIAPLAST INDUSTRIES Tbk,EMY LIM,66.387.100,"4,87",L,ID
27-Feb-2026,APLI,ASIAPLAST INDUSTRIES Tbk,LIE SHE MOY,17.083.000,"1,25",L,ID
27-Feb-2026,APLI,ASIAPLAST INDUSTRIES Tbk,PT. HOKI INVESTASI SEJATI,15.342.100,"1,13",L,CP
27-Feb-2026,APLN,AGUNG PODOMORO LAND Tbk,"INDOFICA, PT",18.777.785.148,"82,72",L,CP
27-Feb-2026,APLN,AGUNG PODOMORO LAND Tbk,TRIHATMA KUSUMA HALIMAN,1.134.702.185,"5,00",L,ID
27-Feb-2026,APLN,AGUNG PODOMORO LAND Tbk,DBS BANK LTD.,255.215.500,"1,12",A,IB
27-Feb-2026,ARCI,ARCHI INDONESIA Tbk,PT RAJAWALI CORPORA,18.142.375.000,"71,89",L,CP
27-Feb-2026,ARCI,ARCHI INDONESIA Tbk,PT RAJAWALI KAPITAL EMAS,2.967.375.000,"11,76",L,CP
27-Feb-2026,ARCI,ARCHI INDONESIA Tbk,CGS INTERNATIONAL SEKURITAS INDONESIA,545.957.200,"2,16",L,SC
27-Feb-2026,AREA,DUNIA VIRTUAL ONLINE Tbk,PT. DWI TUNGGAL PUTRA,966.667.000,"38,06",L,CP
27-Feb-2026,AREA,DUNIA VIRTUAL ONLINE Tbk,SUGENG ALIFEN,780.534.000,"30,73",L,ID
27-Feb-2026,AREA,DUNIA VIRTUAL ONLINE Tbk,MICHAEL KURNIA WIRAWAN ALIFEN,280.800.000,"11,06",L,ID
27-Feb-2026,AREA,DUNIA VIRTUAL ONLINE Tbk,PT. MITRA NIAGA PALAPA,113.118.800,"4,45",L,CP
27-Feb-2026,AREA,DUNIA VIRTUAL ONLINE Tbk,PT. SENTRA MAHAJAYA PELITA,87.780.000,"3,46",L,CP
27-Feb-2026,AREA,DUNIA VIRTUAL ONLINE Tbk,PT. BARAKARSA KREASI BANGSA,87.780.000,"3,46",L,CP
27-Feb-2026,AREA,DUNIA VIRTUAL ONLINE Tbk,PT. SKALA GARUDA UTAMA,83.050.000,"3,27",L,CP
27-Feb-2026,ARGO,ARGO PANTES Tbk,ARGO MANUNGGAL LAND DEVELOPMENT,1.229.818.254,"38,74",,
27-Feb-2026,ARGO,ARGO PANTES Tbk,KUKUH MANUNGGAL PROPERTINDO,510.175.438,"16,07",,
27-Feb-2026,ARGO,ARGO PANTES Tbk,TREVOR GLOBAL LTD,422.807.017,"13,32",,
27-Feb-2026,ARGO,ARGO PANTES Tbk,PT ARGO MANUNGGAL TRIASTA,370.000.000,"11,66",L,CP
27-Feb-2026,ARGO,ARGO PANTES Tbk,DHARMA MANUNGGAL,98.500.000,"3,10",,
27-Feb-2026,ARGO,ARGO PANTES Tbk,PT CITRA RAYA INVESTAMA SEJAHTERA,79.347.300,"2,50",L,CP
27-Feb-2026,ARGO,ARGO PANTES Tbk,PT PILAR TEGUH SUKSES SEJATI,65.005.000,"2,05",L,CP
27-Feb-2026,ARGO,ARGO PANTES Tbk,PT BERKAH AGUNG SELARAS,65.000.000,"2,05",L,CP
27-Feb-2026,ARGO,ARGO PANTES Tbk,THE NING KING,40.980.000,"1,29",,
27-Feb-2026,ARGO,ARGO PANTES Tbk,RAGAM LOGAM,35.337.935,"1,11",,
27-Feb-2026,ARII,ATLAS RESOURCES Tbk,PT. CALORIE VIVA UTAMA,1.090.579.700,"29,08",L,CP
27-Feb-2026,ARII,ATLAS RESOURCES Tbk,ABDI ANDRE,475.967.000,"12,69",L,ID
27-Feb-2026,ARII,ATLAS RESOURCES Tbk,VITOL ASIA PTE LTD,303.000.000,"8,08",A,CP
27-Feb-2026,ARII,ATLAS RESOURCES Tbk,PT. SUMBER DAYA KEMILAU,187.658.300,"5,00",L,CP
27-Feb-2026,ARII,ATLAS RESOURCES Tbk,PT. SUMBER DAYA KUMALA,187.000.000,"4,99",L,CP
27-Feb-2026,ARII,ATLAS RESOURCES Tbk,PT. INFRA ALPHA INVESTINDO,186.000.000,"4,96",L,CP
27-Feb-2026,ARII,ATLAS RESOURCES Tbk,PT. INFRA ALPHA ENERGI,156.000.000,"4,16",L,CP
27-Feb-2026,ARII,ATLAS RESOURCES Tbk,PT DIAN SWASTATIKA SENTOSA TBK,123.333.000,"3,29",L,CP
27-Feb-2026,ARII,ATLAS RESOURCES Tbk,ASURANSI SIMAS JIWA,117.981.800,"3,15",L,IS
27-Feb-2026,ARII,ATLAS RESOURCES Tbk,BANK OF SINGAPORE LIMITED,104.047.600,"2,77",A,IB
27-Feb-2026,ARII,ATLAS RESOURCES Tbk,PT. CIPTA SELARAS PARAHYANGAN,92.495.300,"2,47",L,CP
27-Feb-2026,ARII,ATLAS RESOURCES Tbk,UBS AG SINGAPORE BRANCH,87.666.000,"2,34",A,IB
27-Feb-2026,ARII,ATLAS RESOURCES Tbk,JAY T OENTORO,86.770.000,"2,31",L,ID
27-Feb-2026,ARII,ATLAS RESOURCES Tbk,INTERVENTURES CAPITAL PTE. LTD,59.741.400,"1,59",A,OT
27-Feb-2026,ARII,ATLAS RESOURCES Tbk,REKSA DANA BALANCED FUND SUCORINVEST ANAK PINTAR,51.438.000,"1,37",L,MF
27-Feb-2026,ARKA,ARKHA JAYANTI PERSADA Tbk,PT. ARKHA TANTO PRIMA,892.326.600,"44,62",L,CP
27-Feb-2026,ARKA,ARKHA JAYANTI PERSADA Tbk,"JAF ASIA INVESTMENT, PT",200.000.000,"10,00",L,CP
27-Feb-2026,ARKA,ARKHA JAYANTI PERSADA Tbk,HANIFA SUTRISNA,31.196.200,"1,56",L,ID
27-Feb-2026,ARKA,ARKHA JAYANTI PERSADA Tbk,AKHMAD FAQIH,28.055.200,"1,40",L,ID
27-Feb-2026,ARKO,ARKORA HYDRO Tbk,"ARKORA BAKTI INDONESIA, PT",1.138.837.925,"38,89",L,CP
27-Feb-2026,ARKO,ARKORA HYDRO Tbk,ENERGIA PRIMA NUSANTARA PT,777.487.893,"26,55",L,CP
27-Feb-2026,ARKO,ARKORA HYDRO Tbk,PT BINA PERTIWI ENERGI,144.686.000,"4,94",L,CP
27-Feb-2026,ARKO,ARKORA HYDRO Tbk,PT STAR PACIFIC TBK,103.503.400,"3,53",L,CP
27-Feb-2026,ARKO,ARKORA HYDRO Tbk,HAPSORO,59.605.000,"2,04",L,ID
27-Feb-2026,ARKO,ARKORA HYDRO Tbk,PT SENTOSA BERSAMA MITRA,58.994.650,"2,01",L,CP
27-Feb-2026,ARKO,ARKORA HYDRO Tbk,PT PROSPERA KAPITAL INVESTAMA,55.500.000,"1,90",L,CP
27-Feb-2026,ARKO,ARKORA HYDRO Tbk,PT TATA TIRTA DATUN,47.301.100,"1,62",L,CP
27-Feb-2026,ARKO,ARKORA HYDRO Tbk,ACEI SINGAPORE HOLDINGS PRIVATE LTD.,31.473.432,"1,07",A,CP
27-Feb-2026,ARMY,ARMIDIAN KARYATAMA Tbk,"MANDIRI MEGA JAYA, PT",1.842.368.800,"20,46",L,CP
27-Feb-2026,ARMY,ARMIDIAN KARYATAMA Tbk,PERUSAHAAN PERSEROAN (PERSERO) PT. ASABRI,1.042.703.112,"11,58",L,IS
27-Feb-2026,ARMY,ARMIDIAN KARYATAMA Tbk,PT GASA PERDANA CIPTADAYA,648.009.400,"7,20",L,CP
27-Feb-2026,ARMY,ARMIDIAN KARYATAMA Tbk,JAKSA AGUNG MUDA BIDANG TINDAK PIDANA KHUSUS KEJAKSAAN REPUBLIK INDONESIA KEJAKSAAN REPUBLIK INDONESIA,526.952.595,"5,85",L,OT
27-Feb-2026,ARMY,ARMIDIAN KARYATAMA Tbk,RETAIL DEVELOPMENT GROUP LIMITED,454.612.300,"5,05",A,CP
27-Feb-2026,ARMY,ARMIDIAN KARYATAMA Tbk,"BANK DANAMON INDONESIA Tbk, PT - REGISTRAR",274.843.376,"3,05",L,IB
27-Feb-2026,ARMY,ARMIDIAN KARYATAMA Tbk,REKSA DANA EMCO MANTAP,266.787.000,"2,96",L,MF
27-Feb-2026,ARMY,ARMIDIAN KARYATAMA Tbk,PT. PANCA GLOBAL KAPITAL TBK,264.900.000,"2,94",L,CP
27-Feb-2026,ARMY,ARMIDIAN KARYATAMA Tbk,REKSA DANA EMCO GROWTH FUND,245.515.900,"2,73",L,MF
27-Feb-2026,ARMY,ARMIDIAN KARYATAMA Tbk,PT Yuanta Sekuritas Indonesia,243.314.500,"2,70",L,SC
27-Feb-2026,ARMY,ARMIDIAN KARYATAMA Tbk,ZICO TRUST (S) LTD AS TRUSTEE OF PROMETHEA STRATEGIC FUND,220.414.500,"2,45",,
27-Feb-2026,ARMY,ARMIDIAN KARYATAMA Tbk,REKSA DANA SYARIAH EMCO SAHAM SYARIAH BAROKAH,213.074.400,"2,37",L,MF
27-Feb-2026,ARMY,ARMIDIAN KARYATAMA Tbk,"CAPITAL LIFE SYARIAH, PT",180.000.000,"2,00",L,IS
27-Feb-2026,ARMY,ARMIDIAN KARYATAMA Tbk,HENDRA HASAN KUSTARJO,156.250.000,"1,73",L,ID
27-Feb-2026,ARMY,ARMIDIAN KARYATAMA Tbk,YOHANES HALIM,138.274.500,"1,54",L,ID
27-Feb-2026,ARMY,ARMIDIAN KARYATAMA Tbk,ARIEF EFFENDI,134.997.800,"1,50",A,ID
27-Feb-2026,ARMY,ARMIDIAN KARYATAMA Tbk,REKSA DANA SAHAM EMCO PESONA,120.525.400,"1,34",L,MF
27-Feb-2026,ARMY,ARMIDIAN KARYATAMA Tbk,PT. Sejahtera Mahkota Persada,98.800.000,"1,10",L,CP
27-Feb-2026,ARMY,ARMIDIAN KARYATAMA Tbk,PT. VICTORIA MANAJEMEN INVESTASI,93.115.626,"1,03",L,SC
27-Feb-2026,ARNA,ARWANA CITRAMULIA Tbk,TANDEAN RUSTANDY,2.739.979.400,"37,32",L,ID
27-Feb-2026,ARNA,ARWANA CITRAMULIA Tbk,PT SUPRAKREASI ERADINAMIKA,1.090.048.000,"14,85",L,CP
27-Feb-2026,ARNA,ARWANA CITRAMULIA Tbk,FIDELITY FUNDS,543.645.300,"7,41",A,MF
27-Feb-2026,ARNA,ARWANA CITRAMULIA Tbk,SUSAN SUJANTO,360.000.000,"4,90",L,ID
27-Feb-2026,ARNA,ARWANA CITRAMULIA Tbk,"PT ARWANA CITRAMULIA, Tbk",314.948.400,"4,29",L,CP
27-Feb-2026,ARNA,ARWANA CITRAMULIA Tbk,PANGOLIN INV MANAG PTE LTD-PANGOLIN ASIA FUND,213.282.900,"2,91",A,IB
27-Feb-2026,ARNA,ARWANA CITRAMULIA Tbk,JPMCB NA RE - SWEDBANK ROBUR SMALL CAP EMERGING MARKETS,205.000.000,"2,79",A,MF
27-Feb-2026,ARNA,ARWANA CITRAMULIA Tbk,DBS BANK LTD S/A PEMBERTON ASIAN OPPORTUNITIES FUND,199.941.200,"2,72",A,IB
27-Feb-2026,ARNA,ARWANA CITRAMULIA Tbk,JPMCB NA AIF CLT RE-FIDELITY ASIAN VALUES PLC,190.497.700,"2,59",A,CP
27-Feb-2026,ARNA,ARWANA CITRAMULIA Tbk,PT. AIA FINANCIAL,153.876.100,"2,10",L,IS
27-Feb-2026,ARNA,ARWANA CITRAMULIA Tbk,EMPLOYEES PROVIDENT FUND BOARD,142.876.300,"1,95",A,PF
27-Feb-2026,ARNA,ARWANA CITRAMULIA Tbk,GOVERNMENT OF NORWAY,109.174.800,"1,49",A,OT
27-Feb-2026,ARNA,ARWANA CITRAMULIA Tbk,"UBS AG, LONDON",100.270.428,"1,37",A,IB
27-Feb-2026,ARTA,ARTHAVEST Tbk,"LUCAS, SH. CN",366.858.600,"82,13",L,ID
27-Feb-2026,ARTA,ARTHAVEST Tbk,UNITED OVERSEAS BANK NOMINEES (PRIVATE) LIMITED,20.000.000,"4,48",A,CP
27-Feb-2026,ARTA,ARTHAVEST Tbk,PT. HANDAL CIPTA PERKASA,18.963.500,"4,25",L,CP
27-Feb-2026,ARTA,ARTHAVEST Tbk,PT HARAPAN PERSADA RESOURCES,17.859.300,"4,00",L,CP
27-Feb-2026,ARTA,ARTHAVEST Tbk,PT PANDU TEKNOLOGI INTEGRASI,9.315.000,"2,09",L,CP
27-Feb-2026,ARTA,ARTHAVEST Tbk,UOB KAY HIAN PRIVATE LIMITED,5.920.500,"1,33",A,SC
27-Feb-2026,ARTA,ARTHAVEST Tbk,PT. PUTRA MAS ANUGERAH,5.731.400,"1,28",L,CP
27-Feb-2026,ARTI,RATU PRABU ENERGI Tbk,"RATU PRABU, PT",2.591.776.837,"33,06",L,CP
27-Feb-2026,ARTI,RATU PRABU ENERGI Tbk,DANA PENSIUN BUKIT ASAM,735.000.000,"9,38",L,PF
27-Feb-2026,ARTI,RATU PRABU ENERGI Tbk,PT. ASURANSI JIWA IFG,349.282.000,"4,46",L,IS
27-Feb-2026,ARTI,RATU PRABU ENERGI Tbk,EDMUND SIEK,129.617.500,"1,65",L,ID
27-Feb-2026,ARTI,RATU PRABU ENERGI Tbk,HERLINNA,125.000.000,"1,59",L,ID
27-Feb-2026,ARTI,RATU PRABU ENERGI Tbk,PRADNANDO A RONOAMISENO,120.463.000,"1,54",L,ID
27-Feb-2026,ARTI,RATU PRABU ENERGI Tbk,TANDI ISWANDI,96.992.600,"1,24",L,ID
27-Feb-2026,ARTI,RATU PRABU ENERGI Tbk,REKSA DANA TREASURE SAHAM MANTAP,78.500.000,"1,00",L,MF
27-Feb-2026,ARTO,BANK JAGO Tbk,"METAMORFOSIS EKOSISTEM INDONESIA, PT",4.129.978.125,"29,79",L,CP
27-Feb-2026,ARTO,BANK JAGO Tbk,PT DOMPET KARYA ANAK BANGSA,2.965.745.000,"21,40",L,CP
27-Feb-2026,ARTO,BANK JAGO Tbk,WEALTH TRACK TECHNOLOGY LIMITED,1.619.309.375,"11,68",A,IB
27-Feb-2026,ARTO,BANK JAGO Tbk,GOVERNMENT OF SINGAPORE,1.148.207.249,"8,28",A,OT
27-Feb-2026,ARTO,BANK JAGO Tbk,EPHESUS UNITED CORP,528.073.653,"3,81",A,CP
27-Feb-2026,ARTO,BANK JAGO Tbk,JETWAY WEALTH MANAGEMENT LIMITED,480.227.700,"3,46",A,CP
27-Feb-2026,ARTO,BANK JAGO Tbk,ARTO HARDY,174.548.050,"1,26",L,ID
27-Feb-2026,ASBI,ASURANSI BINTANG Tbk,PT SRIHANA UTAMA,123.522.776,"35,46",L,CP
27-Feb-2026,ASBI,ASURANSI BINTANG Tbk,PT NGRUMAT BONDO UTOMO,87.302.164,"25,06",L,CP
27-Feb-2026,ASBI,ASURANSI BINTANG Tbk,PT.WARISAN KASIH BUNDA,81.653.688,"23,44",L,CP
27-Feb-2026,ASBI,ASURANSI BINTANG Tbk,PT. ASURANSI BANGUN ASKRIDA,13.389.100,"3,84",L,IS
27-Feb-2026,ASBI,ASURANSI BINTANG Tbk,PT. Kosa Ikibari Wira,10.147.788,"2,91",L,CP
27-Feb-2026,ASBI,ASURANSI BINTANG Tbk,PT PANGESTU INVESTA,5.403.856,"1,55",L,CP
27-Feb-2026,ASBI,ASURANSI BINTANG Tbk,PT AMANDAMAI ARTHAKITA JAGASELAMA,4.558.599,"1,31",L,CP
27-Feb-2026,ASBI,ASURANSI BINTANG Tbk,ANDRUS ROESTAM MOENAF,3.706.254,"1,06",L,ID
27-Feb-2026,ASDM,ASURANSI DAYIN MITRA Tbk,"EQUITY DEVELOPMENT INVESTMENT, PT.",281.593.800,"73,33",L,CP
27-Feb-2026,ASDM,ASURANSI DAYIN MITRA Tbk,PT. ARTHAVEST Tbk,23.076.000,"6,01",L,CP
27-Feb-2026,ASDM,ASURANSI DAYIN MITRA Tbk,"PRIMA TUNAS INVESTAMA, PT.",20.371.200,"5,31",L,CP
27-Feb-2026,ASDM,ASURANSI DAYIN MITRA Tbk,DRS SURONO SUBEKTI,11.220.700,"2,92",L,ID
27-Feb-2026,ASDM,ASURANSI DAYIN MITRA Tbk,"DANIEL BUDI SETIAWAN, MM.Ir",10.830.000,"2,82",L,ID
27-Feb-2026,ASDM,ASURANSI DAYIN MITRA Tbk,PT. HANDAL CIPTA PERKASA,7.630.000,"1,99",L,CP
27-Feb-2026,ASDM,ASURANSI DAYIN MITRA Tbk,REKSA DANA PRIMA,4.000.000,"1,04",L,MF
27-Feb-2026,ASGR,ASTRA GRAPHIA Tbk,PT ASTRA INTERNATIONAL TBK,1.036.752.580,"76,87",L,CP
27-Feb-2026,ASGR,ASTRA GRAPHIA Tbk,"SIE, DAVID GUNAWAN",60.901.200,"4,52",L,ID
27-Feb-2026,ASGR,ASTRA GRAPHIA Tbk,TEKARDJO ANGKASA,19.122.400,"1,42",L,ID
27-Feb-2026,ASGR,ASTRA GRAPHIA Tbk,RISMA PURBA,14.939.400,"1,11",L,ID
27-Feb-2026,ASHA,CILACAP SAMUDERA FISHING INDUSTRY Tbk,PT ASHA FORTUNA CORPORA,1.500.000.000,"30,00",L,CP
27-Feb-2026,ASHA,CILACAP SAMUDERA FISHING INDUSTRY Tbk,PT INTI SUKSES INTERNATIONAL,550.000.000,"11,00",L,CP
27-Feb-2026,ASHA,CILACAP SAMUDERA FISHING INDUSTRY Tbk,ERVIN SUTIOSO,375.000.000,"7,50",L,ID
27-Feb-2026,ASHA,CILACAP SAMUDERA FISHING INDUSTRY Tbk,PT MESTIKA ARTA DIRGA,350.000.000,"7,00",L,CP
27-Feb-2026,ASHA,CILACAP SAMUDERA FISHING INDUSTRY Tbk,PT. TIBURON PERKASA CORPORA,200.000.000,"4,00",L,CP
27-Feb-2026,ASHA,CILACAP SAMUDERA FISHING INDUSTRY Tbk,EKO WACHYUDHI,200.000.000,"4,00",L,ID
27-Feb-2026,ASHA,CILACAP SAMUDERA FISHING INDUSTRY Tbk,ERLIN SUTIOSO,175.000.000,"3,50",L,ID
27-Feb-2026,ASHA,CILACAP SAMUDERA FISHING INDUSTRY Tbk,HARIANTO LING,167.500.000,"3,35",L,ID
27-Feb-2026,ASHA,CILACAP SAMUDERA FISHING INDUSTRY Tbk,SRI INDAH REJEKI,124.456.000,"2,49",L,ID
27-Feb-2026,ASHA,CILACAP SAMUDERA FISHING INDUSTRY Tbk,RIZKY ADHI PRASETYO,106.323.600,"2,13",L,ID
27-Feb-2026,ASII,ASTRA INTERNATIONAL Tbk,JARDINE CYCLE AND CARRIAGE LIMITED,20.288.255.040,"50,11",A,CP
27-Feb-2026,ASII,ASTRA INTERNATIONAL Tbk,TOYOTA MOTOR CORPORATION,1.920.000.000,"4,74",A,CP
27-Feb-2026,ASII,ASTRA INTERNATIONAL Tbk,DJS KETENAGAKERJAAN PROGRAM JAMINAN HARI TUA,1.109.315.600,"2,74",L,IS
27-Feb-2026,ASII,ASTRA INTERNATIONAL Tbk,CITIBANK NEW YORK S/A ORBIS SICAV,521.551.418,"1,29",A,MF
27-Feb-2026,ASII,ASTRA INTERNATIONAL Tbk,EMPLOYEES PROVIDENT FUND BOARD,519.379.902,"1,28",A,PF
27-Feb-2026,ASII,ASTRA INTERNATIONAL Tbk,PT ASTRA INTERNATIONAL TBK,410.064.700,"1,01",L,CP
27-Feb-2026,ASJT,ASURANSI JASA TANIA Tbk,DANA PENSUN PERKEBUNAN,1.083.519.966,"77,39",L,PF
27-Feb-2026,ASJT,ASURANSI JASA TANIA Tbk,PT MINNA PADI INVESTAMA SEKURITAS TBK,36.547.233,"2,61",L,SC
27-Feb-2026,ASJT,ASURANSI JASA TANIA Tbk,Sylvia,30.862.000,"2,20",L,ID
27-Feb-2026,ASJT,ASURANSI JASA TANIA Tbk,PERUSAHAAN PERSEROAN (PERSERO) PT. ASABRI,28.130.800,"2,01",L,IS
27-Feb-2026,ASJT,ASURANSI JASA TANIA Tbk,MIDIAWATY KOSASIH,25.555.400,"1,83",L,ID
27-Feb-2026,ASJT,ASURANSI JASA TANIA Tbk,REKSA DANA AURORA SMC EQUITY,21.431.400,"1,53",L,MF
27-Feb-2026,ASJT,ASURANSI JASA TANIA Tbk,CLAUDIA MAYASARI,16.012.400,"1,14",L,ID
27-Feb-2026,ASLC,AUTOPEDIA SUKSES LESTARI Tbk,ADI SARANA ARMADA TBK PT,9.891.216.695,"77,60",L,CP
27-Feb-2026,ASLC,AUTOPEDIA SUKSES LESTARI Tbk,SUWANTARA GOTAMA,317.593.800,"2,49",A,ID
27-Feb-2026,ASLC,AUTOPEDIA SUKSES LESTARI Tbk,JANY CANDRA,191.200.045,"1,50",L,ID
27-Feb-2026,ASLI,ASRI KARYA LESTARI Tbk,PT WAHANA KONSTRUKSI MANDIRI,3.920.000.000,"62,72",L,CP
27-Feb-2026,ASLI,ASRI KARYA LESTARI Tbk,SULISTIONO,295.000.000,"4,72",L,ID
27-Feb-2026,ASLI,ASRI KARYA LESTARI Tbk,EDDY HARIYANTO,237.500.000,"3,80",L,ID
27-Feb-2026,ASLI,ASRI KARYA LESTARI Tbk,WELLY SUSANTO,217.500.000,"3,48",L,ID
27-Feb-2026,ASLI,ASRI KARYA LESTARI Tbk,DANIEL CHRISTIAN ISKANDAR,95.445.700,"1,53",L,ID
27-Feb-2026,ASLI,ASRI KARYA LESTARI Tbk,INDAH TIARA SARI,83.554.100,"1,34",L,ID
27-Feb-2026,ASLI,ASRI KARYA LESTARI Tbk,PT. BIBIT BERKAH INVESTAMA,76.904.700,"1,23",L,CP
27-Feb-2026,ASLI,ASRI KARYA LESTARI Tbk,"ABD HARIZ FANNY IRHAN, MBA",63.070.700,"1,01",L,ID
27-Feb-2026,ASMI,ASURANSI MAXIMUS GRAHA PERSADA Tbk,"ASURANSI JIWA KRESNA, PT",2.684.208.800,"29,96",L,IS
27-Feb-2026,ASMI,ASURANSI MAXIMUS GRAHA PERSADA Tbk,PT KRESNA PRIMA INVEST,335.564.300,"3,75",L,CP
27-Feb-2026,ASMI,ASURANSI MAXIMUS GRAHA PERSADA Tbk,MITRA INTAN AGUNG,284.887.500,"3,18",L,CP
27-Feb-2026,ASMI,ASURANSI MAXIMUS GRAHA PERSADA Tbk,PT SEJAHTERA CIPTA PRIMAGUNA,285.020.000,"3,18",L,CP
27-Feb-2026,ASMI,ASURANSI MAXIMUS GRAHA PERSADA Tbk,PT GRAHA KREASINDO PRIMA,261.128.500,"2,91",L,CP
27-Feb-2026,ASMI,ASURANSI MAXIMUS GRAHA PERSADA Tbk,THEE MARIANA KURNIAWAN,174.820.500,"1,95",L,ID
27-Feb-2026,ASMI,ASURANSI MAXIMUS GRAHA PERSADA Tbk,PT GLOBAL ADILESTARI JAYA,143.972.100,"1,61",L,CP
27-Feb-2026,ASMI,ASURANSI MAXIMUS GRAHA PERSADA Tbk,JOHANNES B DARMAWAN,111.984.500,"1,25",L,ID
27-Feb-2026,ASMI,ASURANSI MAXIMUS GRAHA PERSADA Tbk,PT DIAN GRAHA CIPTA,105.805.000,"1,18",L,CP
27-Feb-2026,ASMI,ASURANSI MAXIMUS GRAHA PERSADA Tbk,PT. KRESNA ASSET MANAGEMENT S/A PT KRESNA USAHA KREATIF,98.756.300,"1,10",L,CP
27-Feb-2026,ASMI,ASURANSI MAXIMUS GRAHA PERSADA Tbk,PT INDOMITRA PRIMA SEJATI,90.215.000,"1,01",L,CP
27-Feb-2026,ASPI,ANDALAN SAKTI PRIMAINDO Tbk,ANDALAN SAKTI INTI,349.995.000,"51,18",L,CP
27-Feb-2026,ASPI,ANDALAN SAKTI PRIMAINDO Tbk,DEBBY TANIA SAM,33.640.000,"4,92",L,ID
27-Feb-2026,ASPI,ANDALAN SAKTI PRIMAINDO Tbk,CINDY LAWRENCIA,33.570.000,"4,91",L,ID
27-Feb-2026,ASPI,ANDALAN SAKTI PRIMAINDO Tbk,FRANSISCUS ERICK WIRYADI,33.300.000,"4,87",L,ID
27-Feb-2026,ASPI,ANDALAN SAKTI PRIMAINDO Tbk,OKTAFIANO,33.325.000,"4,87",L,ID
27-Feb-2026,ASPI,ANDALAN SAKTI PRIMAINDO Tbk,FERNANDUS CHAMSI K,23.638.500,"3,46",L,ID
27-Feb-2026,ASPI,ANDALAN SAKTI PRIMAINDO Tbk,RUDI SUTRISNA,23.640.000,"3,46",L,ID
27-Feb-2026,ASPI,ANDALAN SAKTI PRIMAINDO Tbk,JOHNSON PONTOH,23.640.000,"3,46",L,ID
27-Feb-2026,ASPI,ANDALAN SAKTI PRIMAINDO Tbk,Eris (A),22.000.000,"3,22",L,ID
27-Feb-2026,ASPI,ANDALAN SAKTI PRIMAINDO Tbk,REINHART WIDJAJA HAKIM,15.000.000,"2,19",L,ID
27-Feb-2026,ASPI,ANDALAN SAKTI PRIMAINDO Tbk,IMACULATA YOHANA KLAU,14.055.900,"2,06",L,ID
27-Feb-2026,ASPI,ANDALAN SAKTI PRIMAINDO Tbk,ANTONIUS GUNAWAN GHO,9.626.200,"1,41",L,ID
27-Feb-2026,ASPI,ANDALAN SAKTI PRIMAINDO Tbk,CV DAYA NAKAMA BERKAT,6.871.300,"1,00",L,CP
27-Feb-2026,ASPR,ASIA PRAMULIA Tbk,ALEX YOE,1.292.000.000,"47,64",L,ID
27-Feb-2026,ASPR,ASIA PRAMULIA Tbk,SUSAN YOEWONO,551.000.000,"20,32",L,ID
27-Feb-2026,ASPR,ASIA PRAMULIA Tbk,HUA LI,122.400.000,"4,51",L,ID
27-Feb-2026,ASPR,ASIA PRAMULIA Tbk,XIAOYI YU,114.350.000,"4,22",A,ID
27-Feb-2026,ASPR,ASIA PRAMULIA Tbk,SONGBO YANG,78.800.000,"2,91",A,ID
27-Feb-2026,ASPR,ASIA PRAMULIA Tbk,RICKY WINOTO,57.000.000,"2,10",L,ID
27-Feb-2026,ASPR,ASIA PRAMULIA Tbk,YE TONG,56.550.000,"2,09",A,ID
27-Feb-2026,ASPR,ASIA PRAMULIA Tbk,MUHAMMAD IHSAN ALFIAN,51.145.900,"1,89",L,ID
27-Feb-2026,ASPR,ASIA PRAMULIA Tbk,XUANXUAN YU,48.900.000,"1,80",A,ID
27-Feb-2026,ASPR,ASIA PRAMULIA Tbk,KENNETH ALESSANDRO HERNAWAN,30.316.800,"1,12",L,ID
27-Feb-2026,ASRI,ALAM SUTERA REALTY Tbk,PT. TANGERANG FAJAR INDUSTRIAL ESTATE,5.054.350.000,"25,72",L,CP
27-Feb-2026,ASRI,ALAM SUTERA REALTY Tbk,"MANUNGGAL PRIME DEVELOPMENT, PT",4.596.343.564,"23,39",L,CP
27-Feb-2026,ASRI,ALAM SUTERA REALTY Tbk,PT MAYBANK SEKURITAS INDONESIA - REGISTRAR,1.236.044.300,"6,29",L,SC
27-Feb-2026,ASRI,ALAM SUTERA REALTY Tbk,PT. TUNAS KORALINDO,957.900.000,"4,87",L,CP
27-Feb-2026,ASRI,ALAM SUTERA REALTY Tbk,"PANIN SEKURITAS Tbk, PT",710.144.900,"3,61",L,SC
27-Feb-2026,ASRI,ALAM SUTERA REALTY Tbk,PT. ARGO MANUNGGAL INTERNATIONAL,635.737.600,"3,24",L,CP
27-Feb-2026,ASRI,ALAM SUTERA REALTY Tbk,GO KIONG HWOO,493.120.700,"2,51",L,ID
27-Feb-2026,ASRI,ALAM SUTERA REALTY Tbk,PT. RAWA INTAN,485.210.600,"2,47",L,CP
27-Feb-2026,ASRI,ALAM SUTERA REALTY Tbk,"PERATA BUSANA, PT",375.111.900,"1,91",L,CP
27-Feb-2026,ASRM,ASURANSI RAMAYANA Tbk,SYAHRIL,402.728.008,"31,51",,
27-Feb-2026,ASRM,ASURANSI RAMAYANA Tbk,A WINOTO DOERIAT,244.952.854,"19,17",,
27-Feb-2026,ASRM,ASURANSI RAMAYANA Tbk,"WIRASTUTI PUNTARAKSMA, S.H.",146.060.477,"11,43",,
27-Feb-2026,ASRM,ASURANSI RAMAYANA Tbk,PT RAGAM VENTURINDO,135.030.147,"10,57",L,CP
27-Feb-2026,ASRM,ASURANSI RAMAYANA Tbk,KOREAN REINSURANCE COMPANY,127.799.734,"10,00",,
27-Feb-2026,ASRM,ASURANSI RAMAYANA Tbk,ARFIANTI,29.135.110,"2,28",,
27-Feb-2026,ASRM,ASURANSI RAMAYANA Tbk,KOPERASI KONSUMEN PT ASURANSI RAMAYANA,20.447.956,"1,60",L,OT
27-Feb-2026,ASRM,ASURANSI RAMAYANA Tbk,DRS SURONO SUBEKTI,15.067.626,"1,18",L,ID
27-Feb-2026,ASRM,ASURANSI RAMAYANA Tbk,M.RADIYANTI ISTIGNO,13.066.611,"1,02",L,ID
27-Feb-2026,ASSA,ADI SARANA ARMADA Tbk,"Adi Dinamika Investindo, PT",851.951.100,"23,08",L,CP
27-Feb-2026,ASSA,ADI SARANA ARMADA Tbk,DAYA ADICIPTA MUSTIKA,651.400.000,"17,65",L,CP
27-Feb-2026,ASSA,ADI SARANA ARMADA Tbk,PRODJO SUNARJANTO SP,342.568.300,"9,28",L,ID
27-Feb-2026,ASSA,ADI SARANA ARMADA Tbk,IR. T. PERMADI RACHMAT,177.173.500,"4,80",L,ID
27-Feb-2026,ASSA,ADI SARANA ARMADA Tbk,TRIKIRANA INVESTINDO PRIMA PT.,111.855.874,"3,03",L,CP
27-Feb-2026,ASSA,ADI SARANA ARMADA Tbk,ERIDA,108.071.500,"2,93",L,ID
27-Feb-2026,ASSA,ADI SARANA ARMADA Tbk,CITIBANK NEW YORK S/A INTERNATIONAL FINANCE CORPORATION,97.443.900,"2,64",A,SC
27-Feb-2026,ASSA,ADI SARANA ARMADA Tbk,SUWANTARA GOTAMA,94.862.100,"2,57",A,ID
27-Feb-2026,ASSA,ADI SARANA ARMADA Tbk,ARIF RACHMAT,69.298.329,"1,88",L,ID
27-Feb-2026,ASSA,ADI SARANA ARMADA Tbk,GOVERNMENT OF NORWAY,61.702.900,"1,67",A,OT
27-Feb-2026,ASSA,ADI SARANA ARMADA Tbk,CHRISTIAN ARIANO RACHMAT,60.056.370,"1,63",L,ID
27-Feb-2026,ASSA,ADI SARANA ARMADA Tbk,TRIDAYA HITA SENTOSA PT,56.760.308,"1,54",L,CP
27-Feb-2026,ASSA,ADI SARANA ARMADA Tbk,UBS AG SINGAPORE BRANCH,52.575.000,"1,42",A,IB
27-Feb-2026,ASSA,ADI SARANA ARMADA Tbk,TERRA NOVA HIDDEN GEMS FUND LP,50.000.000,"1,35",A,MF
27-Feb-2026,ASSA,ADI SARANA ARMADA Tbk,TRIPUTRA INVESTINDO ARYA,46.151.039,"1,25",L,CP
27-Feb-2026,ATAP,TRIMITRA PRAWARA GOLDLAND Tbk,TRIMITRA PRAWARA,950.000.000,"76,00",L,CP
27-Feb-2026,ATAP,TRIMITRA PRAWARA GOLDLAND Tbk,VERAH WAHYUDI S WONG,54.187.200,"4,33",L,ID
27-Feb-2026,ATAP,TRIMITRA PRAWARA GOLDLAND Tbk,YOYO SUGENG TRIYOGO,24.960.000,"2,00",L,ID
27-Feb-2026,ATAP,TRIMITRA PRAWARA GOLDLAND Tbk,INDRIATI,25.040.000,"2,00",L,ID
27-Feb-2026,ATIC,ANABATIC TECHNOLOGIES Tbk,TIS INC,863.645.841,"37,30",A,CP
27-Feb-2026,ATIC,ANABATIC TECHNOLOGIES Tbk,ARTHA INVESTAMA JAYA PT,664.387.148,"28,69",L,CP
27-Feb-2026,ATIC,ANABATIC TECHNOLOGIES Tbk,HANDOKO ANINDYA TANUADJI,238.741.323,"10,31",A,ID
27-Feb-2026,ATIC,ANABATIC TECHNOLOGIES Tbk,PT. SAM INVESTAMA,120.000.287,"5,18",L,CP
27-Feb-2026,ATIC,ANABATIC TECHNOLOGIES Tbk,CAHAYA FAJAR MENTARI PT.,70.565.214,"3,05",L,CP
27-Feb-2026,ATIC,ANABATIC TECHNOLOGIES Tbk,FLAMINGGO MANDIRI PT,55.906.430,"2,41",L,CP
27-Feb-2026,ATIC,ANABATIC TECHNOLOGIES Tbk,HARRY SURJANTO HAMBALI,47.181.967,"2,04",L,ID
27-Feb-2026,ATIC,ANABATIC TECHNOLOGIES Tbk,MARIA DJUANDA,41.199.845,"1,78",L,ID
27-Feb-2026,ATIC,ANABATIC TECHNOLOGIES Tbk,INTI GLOBAL RESOURCES INDONESIA PT.,40.717.700,"1,76",L,CP
27-Feb-2026,ATIC,ANABATIC TECHNOLOGIES Tbk,MULTI SARANA EDUKASI PT,35.451.980,"1,53",L,CP
27-Feb-2026,ATIC,ANABATIC TECHNOLOGIES Tbk,ROSY MERIANTI TANUADJI,28.226.026,"1,22",L,ID
27-Feb-2026,ATLA,ATLANTIS SUBSEA INDONESIA Tbk,RUDI R. SUTANTRA,2.834.254.200,"45,72",L,ID
27-Feb-2026,ATLA,ATLANTIS SUBSEA INDONESIA Tbk,YOPHI KURNIAWAN ISWANTO,1.049.875.000,"16,93",L,ID
27-Feb-2026,AUTO,ASTRA OTOPARTS Tbk,PT ASTRA INTERNATIONAL TBK,3.855.786.337,"80,00",L,CP
27-Feb-2026,AUTO,ASTRA OTOPARTS Tbk,Toyota Tsusho Corporation,236.167.000,"4,90",A,CP
27-Feb-2026,AUTO,ASTRA OTOPARTS Tbk,PT PAKARTI YOGA,52.562.412,"1,09",L,CP
27-Feb-2026,AVIA,AVIA AVIAN Tbk,PT TANCORP SURYA SENTOSA,22.674.971.000,"36,60",,
27-Feb-2026,AVIA,AVIA AVIAN Tbk,PT WAHANA LANCAR REJEKI,20.129.652.900,"32,49",L,CP
27-Feb-2026,AVIA,AVIA AVIAN Tbk,ARCHIPELAGO INVESTMENT PTE LTD,3.902.748.900,"6,30",A,CP
27-Feb-2026,AVIA,AVIA AVIAN Tbk,PT AVIA AVIAN Tbk,2.763.414.000,"4,46",L,CP
27-Feb-2026,AVIA,AVIA AVIAN Tbk,ROBERT CHRISTIAN TANOKO,1.388.297.200,"2,24",,
27-Feb-2026,AVIA,AVIA AVIAN Tbk,"INDUS SELECT MASTER FUND, LTD.",1.369.156.700,"2,21",A,CP
27-Feb-2026,AVIA,AVIA AVIAN Tbk,RUDI TANOKO,1.041.265.000,"1,68",L,ID
27-Feb-2026,AVIA,AVIA AVIAN Tbk,PT WIRA LAJU REJEKI,657.120.500,"1,06",L,CP
27-Feb-2026,AWAN,ERA DIGITAL MEDIA Tbk,RAJATI ALIA KAPITAL PT,2.632.039.615,"76,62",L,CP
27-Feb-2026,AWAN,ERA DIGITAL MEDIA Tbk,SGMC VCC,400.000.000,"11,64",A,MF
27-Feb-2026,AWAN,ERA DIGITAL MEDIA Tbk,SHARON SANJAY NATHANI,67.686.300,"1,97",L,ID
27-Feb-2026,AWAN,ERA DIGITAL MEDIA Tbk,SANJAY SUNNIL NATHANI,50.237.900,"1,46",L,ID
27-Feb-2026,AXIO,TERA DATA INDONUSA Tbk,PT EXA NUSA PERSADA,3.460.240.000,"59,25",L,CP
27-Feb-2026,AXIO,TERA DATA INDONUSA Tbk,PT PRIMITIAS IKOTA JAYA,1.004.405.800,"17,20",L,CP
27-Feb-2026,AXIO,TERA DATA INDONUSA Tbk,ANEKA SAKTI BAKTI PT (ASABA),291.510.400,"4,99",L,CP
27-Feb-2026,AXIO,TERA DATA INDONUSA Tbk,ASABA UTAMA CORPORATAMA PT,284.676.400,"4,87",L,CP
27-Feb-2026,AXIO,TERA DATA INDONUSA Tbk,ANNY SUHALIM,120.000.000,"2,05",L,ID
27-Feb-2026,AXIO,TERA DATA INDONUSA Tbk,ERWIN SETIAWAN,116.086.200,"1,99",L,ID
27-Feb-2026,AXIO,TERA DATA INDONUSA Tbk,BUDI SURYO BEJO,75.500.000,"1,29",L,ID
27-Feb-2026,AXIO,TERA DATA INDONUSA Tbk,ADITAMA JASA BAHANA PT,66.227.200,"1,13",L,CP
27-Feb-2026,AYAM,JANU PUTRA SEJAHTERA Tbk,SINGGIH JANURATMOKO,3.061.926.000,"76,55",L,ID
27-Feb-2026,AYAM,JANU PUTRA SEJAHTERA Tbk,STEFAN PRANATA SE,84.973.200,"2,12",L,ID
27-Feb-2026,AYAM,JANU PUTRA SEJAHTERA Tbk,PT. HENING HIMPUN BERKAT,74.074.000,"1,85",L,CP
27-Feb-2026,AYAM,JANU PUTRA SEJAHTERA Tbk,FADHL MUHAMMAD FIRDAUS,67.266.000,"1,68",L,ID
27-Feb-2026,AYLS,AGRO YASA LESTARI Tbk,PT BINTANG CAHAYA INVESTMENT,594.720.000,"69,69",L,CP
27-Feb-2026,AYLS,AGRO YASA LESTARI Tbk,KAI WANG,41.839.300,"4,90",L,ID
27-Feb-2026,AYLS,AGRO YASA LESTARI Tbk,WEI WU,35.202.089,"4,12",L,ID
27-Feb-2026,AYLS,AGRO YASA LESTARI Tbk,CHIFAN GRANETTA,17.753.500,"2,08",L,ID
27-Feb-2026,AYLS,AGRO YASA LESTARI Tbk,YUFEI LI,12.516.600,"1,47",L,ID
27-Feb-2026,AYLS,AGRO YASA LESTARI Tbk,UOB KAY HIAN PRIVATE LIMITED,12.000.000,"1,41",A,SC
27-Feb-2026,BABP,BANK MNC INTERNASIONAL Tbk,PT MNC KAPITAL INDONESIA TBK,21.718.342.179,"48,85",L,CP
27-Feb-2026,BABP,BANK MNC INTERNASIONAL Tbk,WINFLY LTD,10.423.122.655,"23,44",A,CP
27-Feb-2026,BABP,BANK MNC INTERNASIONAL Tbk,PT GLOBAL MEDIACOM TBK,3.213.433.333,"7,23",L,CP
27-Feb-2026,BABP,BANK MNC INTERNASIONAL Tbk,MNC TOURISM INDONESIA TBK,3.034.200.264,"6,82",L,CP
27-Feb-2026,BABY,MULTITREND INDO Tbk,BLOOMING YEARS PTE.LTD.,2.416.077.906,"92,35",A,CP
27-Feb-2026,BABY,MULTITREND INDO Tbk,SUDHI CAPITAL PTE. LTD.,80.100.000,"3,06",A,CP
27-Feb-2026,BACA,BANK CAPITAL INDONESIA Tbk,PT. CAPITAL GLOBAL INVESTAMA,10.109.177.511,"50,66",L,CP
27-Feb-2026,BACA,BANK CAPITAL INDONESIA Tbk,BANK JULIUS BAER & CO. LTD,4.795.302.489,"24,03",A,IB
27-Feb-2026,BACA,BANK CAPITAL INDONESIA Tbk,REKSA DANA CAPITAL EQUITY FUND,395.951.500,"1,98",L,MF
27-Feb-2026,BACA,BANK CAPITAL INDONESIA Tbk,"PACIFIC LIFE INSURANCE, PT",367.100.000,"1,84",L,IS
27-Feb-2026,BACA,BANK CAPITAL INDONESIA Tbk,PT. ALANA CIPTA SELARAS,352.223.800,"1,77",L,CP
27-Feb-2026,BACA,BANK CAPITAL INDONESIA Tbk,REKSA DANA FOSTER EQUITY FUND,290.990.000,"1,46",L,MF
27-Feb-2026,BACA,BANK CAPITAL INDONESIA Tbk,INTERVENTURES CAPITAL PTE. LTD,220.933.160,"1,11",A,OT
27-Feb-2026,BAIK,BERSAMA MENCAPAI PUNCAK Tbk,ANAK BAIK SEJAHTERA,888.900.000,"78,84",L,CP
27-Feb-2026,BAIK,BERSAMA MENCAPAI PUNCAK Tbk,TIARA PUTRI ANGGINI,15.455.800,"1,37",L,ID
27-Feb-2026,BAJA,SARANACENTRAL BAJATAMA Tbk,PANDJI SURYA SOERJOPRAHONO,296.400.000,"16,47",L,ID
27-Feb-2026,BAJA,SARANACENTRAL BAJATAMA Tbk,HANDAJA SUSANTO,296.096.000,"16,45",L,ID
27-Feb-2026,BAJA,SARANACENTRAL BAJATAMA Tbk,ENTARIO WIDJAJA SUSANTO,296.016.000,"16,45",L,ID
27-Feb-2026,BAJA,SARANACENTRAL BAJATAMA Tbk,IBNU SUSANTO,296.016.000,"16,45",L,ID
27-Feb-2026,BAJA,SARANACENTRAL BAJATAMA Tbk,SOEDIARTO SOERJOPRAHONO,146.000.000,"8,11",L,ID
27-Feb-2026,BAJA,SARANACENTRAL BAJATAMA Tbk,"GUNAPRANA TATASINAR, PT",88.000.000,"4,89",L,CP
27-Feb-2026,BAJA,SARANACENTRAL BAJATAMA Tbk,SOEDJONO HALIM,70.420.100,"3,91",L,ID
27-Feb-2026,BAJA,SARANACENTRAL BAJATAMA Tbk,NATHANNIEL SEBASTHIAN,60.640.000,"3,37",L,ID
27-Feb-2026,BAJA,SARANACENTRAL BAJATAMA Tbk,LAKSMONO TIRTA KUSUMO,43.792.000,"2,43",L,ID
27-Feb-2026,BAJA,SARANACENTRAL BAJATAMA Tbk,ANTON SEBASTIAN,25.760.000,"1,43",L,ID
27-Feb-2026,BAJA,SARANACENTRAL BAJATAMA Tbk,SUDJONO WARSITO,21.346.900,"1,19",L,ID
27-Feb-2026,BALI,BALI TOWERINDO SENTRA Tbk,PT KHARISMA CIPTA TOWERINDO,2.348.950.000,"59,70",L,CP
27-Feb-2026,BALI,BALI TOWERINDO SENTRA Tbk,MUKTAR WIDJAJA,190.750.000,"4,85",L,ID
27-Feb-2026,BALI,BALI TOWERINDO SENTRA Tbk,ACMESTAR INVESTMENT LIMITED,180.038.400,"4,58",,
27-Feb-2026,BALI,BALI TOWERINDO SENTRA Tbk,CORPORATE UNITED INVESTMENTS LIMITED,133.625.000,"3,40",,
27-Feb-2026,BALI,BALI TOWERINDO SENTRA Tbk,PT TRIMEGAH SEKURITAS INDONESIA TBK,113.945.450,"2,90",L,SC
27-Feb-2026,BALI,BALI TOWERINDO SENTRA Tbk,KINGSWOOD UNION CORPORATION,100.000.000,"2,54",A,OT
27-Feb-2026,BALI,BALI TOWERINDO SENTRA Tbk,AMANUSA INVESTMENT INC,98.549.900,"2,50",A,CP
27-Feb-2026,BALI,BALI TOWERINDO SENTRA Tbk,Neat Action Finance Limited,92.500.000,"2,35",A,CP
27-Feb-2026,BALI,BALI TOWERINDO SENTRA Tbk,MCBEAL DEVELOPMENT LIMITED,87.461.600,"2,22",,
27-Feb-2026,BALI,BALI TOWERINDO SENTRA Tbk,REKSA DANA SUCORINVEST EQUITY PRIMA FUND,74.696.700,"1,90",L,MF
27-Feb-2026,BALI,BALI TOWERINDO SENTRA Tbk,CASCADEN INVESTMENT LIMITED,68.625.000,"1,74",A,IB
27-Feb-2026,BALI,BALI TOWERINDO SENTRA Tbk,PT. BANGUN KELOLA SWADAYA,66.421.000,"1,69",L,CP
27-Feb-2026,BALI,BALI TOWERINDO SENTRA Tbk,UBS AG HONG KONG,65.000.000,"1,65",A,IB
27-Feb-2026,BALI,BALI TOWERINDO SENTRA Tbk,PT PANDU INTI KARYA,44.648.373,"1,13",L,CP
27-Feb-2026,BALI,BALI TOWERINDO SENTRA Tbk,REKSA DANA SUCORINVEST EQUITY FUND,42.317.300,"1,08",L,MF
27-Feb-2026,BALI,BALI TOWERINDO SENTRA Tbk,CASCADE GOLD LIMITED,40.895.000,"1,04",A,OT
27-Feb-2026,BANK,BANK ALADIN SYARIAH Tbk,PT ALADIN GLOBAL VENTURES,7.591.658.246,"50,82",L,CP
27-Feb-2026,BANK,BANK ALADIN SYARIAH Tbk,PT CAKRA BUMI MANDALA,643.478.300,"4,31",L,CP
27-Feb-2026,BANK,BANK ALADIN SYARIAH Tbk,"CAPITAL LIFE SYARIAH, PT",716.384.600,"4,80",L,IS
27-Feb-2026,BANK,BANK ALADIN SYARIAH Tbk,BANK OF SINGAPORE LIMITED,670.920.100,"4,49",A,IB
27-Feb-2026,BANK,BANK ALADIN SYARIAH Tbk,BORTOLI INTERNATIONAL LTD,646.000.000,"4,32",A,OT
27-Feb-2026,BANK,BANK ALADIN SYARIAH Tbk,"CAPITAL LIFE INDONESIA, PT",450.779.100,"3,02",L,IS
27-Feb-2026,BANK,BANK ALADIN SYARIAH Tbk,GOODSTAR (H.K.) LIMITED,263.391.114,"1,76",A,CP
27-Feb-2026,BANK,BANK ALADIN SYARIAH Tbk,"PACIFIC LIFE INSURANCE, PT",416.285.000,"2,79",L,IS
27-Feb-2026,BANK,BANK ALADIN SYARIAH Tbk,PT LANCAR DISTRINDO,296.750.000,"1,99",L,CP
27-Feb-2026,BANK,BANK ALADIN SYARIAH Tbk,"SUMBER ALFARIA TRIJAYA, TBK",294.118.000,"1,97",L,CP
27-Feb-2026,BANK,BANK ALADIN SYARIAH Tbk,BANK JULIUS BAER & CO. LTD,240.000.000,"1,61",A,IB
27-Feb-2026,BANK,BANK ALADIN SYARIAH Tbk,"BHINNEKA LIFE INDONESIA, PT",151.848.700,"1,02",L,IS
27-Feb-2026,BANK,BANK ALADIN SYARIAH Tbk,PT. SHINTA UTAMA,150.182.750,"1,01",L,CP
27-Feb-2026,BAPA,BEKASI ASRI PEMULA Tbk,"ADICIPTA GRIYASEJATI, PT",224.620.000,"33,94",L,CP
27-Feb-2026,BAPA,BEKASI ASRI PEMULA Tbk,PT.Papua Timber Jaya,120.000.000,"18,13",L,CP
27-Feb-2026,BAPA,BEKASI ASRI PEMULA Tbk,"INTI FIKASA SEKURITAS, PT",96.336.100,"14,56",L,SC
27-Feb-2026,BAPA,BEKASI ASRI PEMULA Tbk,"GUNUNG SINAR BERLIAN, PT",14.965.600,"2,26",L,CP
27-Feb-2026,BAPA,BEKASI ASRI PEMULA Tbk,BUDI KARTIKA,10.152.000,"1,53",L,ID
27-Feb-2026,BAPA,BEKASI ASRI PEMULA Tbk,PT EVMOTO TEKNOLOGI INDONESIA,8.791.800,"1,33",L,CP
27-Feb-2026,BAPI,BHAKTI AGUNG PROPERTINDO Tbk,PT GRHA AGUNG PROPERTINDO,2.250.675.350,"40,25",,
27-Feb-2026,BAPI,BHAKTI AGUNG PROPERTINDO Tbk,"NUGRAHA PRIMA GRIYATAMA, PT",963.542.650,"17,23",L,CP
27-Feb-2026,BAPI,BHAKTI AGUNG PROPERTINDO Tbk,HIMAWAN SUTANTO,679.495.800,"12,15",L,ID
27-Feb-2026,BAPI,BHAKTI AGUNG PROPERTINDO Tbk,REKSA DANA VICTORIA EQUITY MAXIMA,79.000.000,"1,41",L,MF
27-Feb-2026,BATA,SEPATU BATA Tbk,BAFIN (NEDERLAND) B.V.,1.066.187.400,"82,01",,
27-Feb-2026,BATA,SEPATU BATA Tbk,LIEM TJEN HUNG,68.399.100,"5,26",L,ID
27-Feb-2026,BATA,SEPATU BATA Tbk,DBS BANK LTD S/A ALBIZIA ASEAN OPPORTUNITIES FUND,54.313.900,"4,18",A,IB
27-Feb-2026,BATR,BENTENG API TECHNIC Tbk,RIDWAN,1.332.440.000,"44,05",L,ID
27-Feb-2026,BATR,BENTENG API TECHNIC Tbk,EKADANA PRAYOGA SURYADI,426.802.400,"14,11",L,ID
27-Feb-2026,BATR,BENTENG API TECHNIC Tbk,Bayu Haekal Suryadi,426.802.400,"14,11",L,ID
27-Feb-2026,BATR,BENTENG API TECHNIC Tbk,SUGENG SURYADI,130.798.200,"4,32",L,ID
27-Feb-2026,BATR,BENTENG API TECHNIC Tbk,ANWAR DIANTO,121.800.000,"4,03",L,ID
27-Feb-2026,BATR,BENTENG API TECHNIC Tbk,PT HAETTHEA GLOBAL INVESTAMA,121.366.900,"4,01",L,CP
27-Feb-2026,BATR,BENTENG API TECHNIC Tbk,LASKAR MERAPI NUSANTARA PT,109.735.800,"3,63",L,CP
27-Feb-2026,BATR,BENTENG API TECHNIC Tbk,IR.SUHARNO,70.283.600,"2,32",L,ID
27-Feb-2026,BATR,BENTENG API TECHNIC Tbk,PT PUTRA PATRIA MAKMUR,50.220.800,"1,66",L,CP
27-Feb-2026,BATR,BENTENG API TECHNIC Tbk,PT. BENTENG API TECHNIC TBK,49.147.800,"1,62",L,CP
27-Feb-2026,BATR,BENTENG API TECHNIC Tbk,PT GAJAHMADA PRIMA NUSANTARA,47.042.300,"1,56",L,CP
27-Feb-2026,BAUT,MITRA ANGKASA SEJAHTERA Tbk,NA FASTENERS PTE LTD,2.600.000.000,"54,16",A,CP
27-Feb-2026,BAUT,MITRA ANGKASA SEJAHTERA Tbk,PT FAS BERSAMA INVESTAMA,749.900.000,"15,62",L,CP
27-Feb-2026,BAUT,MITRA ANGKASA SEJAHTERA Tbk,HANDI IRAWAN DJUWADI,48.887.700,"1,02",L,ID
27-Feb-2026,BAYU,BAYU BUANA Tbk,PT. GRAHA SENTOSA PERSADA,99.170.686,"28,08",L,CP
27-Feb-2026,BAYU,BAYU BUANA Tbk,"UNION BANCAIRE PRIVEE, UBP SA SINGAPORE BRANCH",35.551.851,"10,07",A,IB
27-Feb-2026,BAYU,BAYU BUANA Tbk,BANK JULIUS BAER & CO. LTD,27.914.815,"7,90",A,IB
27-Feb-2026,BAYU,BAYU BUANA Tbk,BANK OF SINGAPORE LIMITED,23.467.900,"6,64",A,IB
27-Feb-2026,BAYU,BAYU BUANA Tbk,STANDARD CHARTERED BANK SG S/A VP BANK A/C SAPPHIRE LINK LTD (ID005464400008),17.000.000,"4,81",A,CP
27-Feb-2026,BAYU,BAYU BUANA Tbk,OVERSEA-CHINESE BANKING CORPORATION LIMITED,16.868.370,"4,78",A,IB
27-Feb-2026,BAYU,BAYU BUANA Tbk,CA INDOSUEZ (SWITZERLAND) SA,15.000.000,"4,25",A,IB
27-Feb-2026,BAYU,BAYU BUANA Tbk,PT TEKNIKO INDONESIA,14.000.000,"3,96",L,CP
27-Feb-2026,BAYU,BAYU BUANA Tbk,STANDARD CHARTERED BANK SG S/A VP BANK A/C DIAMOND MILLENIUM LTD (ID005464400003),13.609.000,"3,85",A,CP
27-Feb-2026,BAYU,BAYU BUANA Tbk,DBS BANK LTD.,10.500.000,"2,97",A,IB
27-Feb-2026,BAYU,BAYU BUANA Tbk,PT. SELARAS DWIPANTARA PRIMAMUKTI,10.000.000,"2,83",L,CP
27-Feb-2026,BAYU,BAYU BUANA Tbk,REKSA DANA BALANCED FUND SUCORINVEST ANAK PINTAR,9.639.000,"2,73",L,MF
27-Feb-2026,BAYU,BAYU BUANA Tbk,REKSA DANA SUCORINVEST MAXI FUND,8.979.300,"2,54",L,MF
27-Feb-2026,BAYU,BAYU BUANA Tbk,"PUTRA SEJAHTERA PERSADA, PT",5.506.000,"1,56",,
27-Feb-2026,BAYU,BAYU BUANA Tbk,BP2S SG/BNP PARIBAS SINGAPORE BRANCH WEALTH MANAGEMENT,4.250.400,"1,20",A,OT
27-Feb-2026,BBCA,BANK CENTRAL ASIA Tbk,PT DWIMURIA INVESTAMA ANDALAN,67.729.950.000,"54,94",L,CP
27-Feb-2026,BBCA,BANK CENTRAL ASIA Tbk,ANTHONI SALIM,1.416.306.835,"1,15",L,ID
27-Feb-2026,BBCA,BANK CENTRAL ASIA Tbk,PT TRICIPTA MANDHALA GUMILANG,1.313.250.000,"1,07",L,CP
27-Feb-2026,BBCA,BANK CENTRAL ASIA Tbk,PT CATURGUWIRATNA SUMAPALA,1.261.750.000,"1,02",L,CP
27-Feb-2026,BBHI,ALLO BANK INDONESIA Tbk,PT MEGA CORPORA,13.228.508.531,"60,88",L,CP
27-Feb-2026,BBHI,ALLO BANK INDONESIA Tbk,BUKALAPAK.COM TBK PT,2.497.816.903,"11,49",L,CP
27-Feb-2026,BBHI,ALLO BANK INDONESIA Tbk,ABADI INVESTMENTS PTE. LTD,1.521.117.930,"7,00",A,CP
27-Feb-2026,BBHI,ALLO BANK INDONESIA Tbk,PT INDOLIFE INVESTAMA PERKASA,1.303.815.386,"6,00",L,CP
27-Feb-2026,BBHI,ALLO BANK INDONESIA Tbk,PT SARANA JASA UTAMA,486.362.606,"2,24",L,CP
27-Feb-2026,BBHI,ALLO BANK INDONESIA Tbk,H HOLDINGS INC,448.744.769,"2,07",A,CP
27-Feb-2026,BBHI,ALLO BANK INDONESIA Tbk,PT. CT CORPORA,408.482.400,"1,88",L,CP
27-Feb-2026,BBHI,ALLO BANK INDONESIA Tbk,BRUMMELL CAPITAL LTD,224.545.834,"1,03",A,CP
27-Feb-2026,BBKP,BANK KB INDONESIA Tbk,"KOOKMIN BANK CO., LTD.",125.655.736.951,"66,88",A,CP
27-Feb-2026,BBKP,BANK KB INDONESIA Tbk,STIC EUGENE STAR HOLDINGS INC,31.900.000.000,"16,98",A,CP
27-Feb-2026,BBLD,BUANA FINANCE Tbk,PT. SARI DASA KARSA,1.112.584.069,"67,60",L,CP
27-Feb-2026,BBLD,BUANA FINANCE Tbk,BANK OF SINGAPORE LIMITED,89.640.900,"5,45",A,IB
27-Feb-2026,BBLD,BUANA FINANCE Tbk,LGT BANK AG,70.683.000,"4,29",A,IB
27-Feb-2026,BBLD,BUANA FINANCE Tbk,GAN GEE PHO,70.192.500,"4,26",A,ID
27-Feb-2026,BBLD,BUANA FINANCE Tbk,OVERSEA-CHINESE BANKING CORPORATION LIMITED,62.786.409,"3,81",A,IB
27-Feb-2026,BBLD,BUANA FINANCE Tbk,PT. SING LING PERKASA,60.165.000,"3,66",L,CP
27-Feb-2026,BBLD,BUANA FINANCE Tbk,PT. GRAHA SENTOSA PERSADA,53.098.593,"3,23",L,CP
27-Feb-2026,BBLD,BUANA FINANCE Tbk,PT ASURANSI BINA DANA ARTA TBK,44.817.385,"2,72",L,IS
27-Feb-2026,BBLD,BUANA FINANCE Tbk,"UNION BANCAIRE PRIVEE, UBP SA SINGAPORE BRANCH",17.507.784,"1,06",A,IB
27-Feb-2026,BBMD,BANK MESTIKA DHARMA Tbk,MESTIKA BENUA MAS,3.658.020.000,"89,44",L,CP
27-Feb-2026,BBMD,BANK MESTIKA DHARMA Tbk,MAYBANK SECURITIES PTE. LTD.,111.020.000,"2,71",A,SC
27-Feb-2026,BBMD,BANK MESTIKA DHARMA Tbk,ZULMIN,67.870.100,"1,66",L,ID
27-Feb-2026,BBMD,BANK MESTIKA DHARMA Tbk,MARIA WIDJAJA,63.249.300,"1,55",A,ID
27-Feb-2026,BBMD,BANK MESTIKA DHARMA Tbk,"BANK MESTIKA DHARMA TBK, PT",60.965.400,"1,49",L,IB
27-Feb-2026,BBMD,BANK MESTIKA DHARMA Tbk,INDRA GANDA,59.991.000,"1,47",L,ID
27-Feb-2026,BBNI,BANK NEGARA INDONESIA Tbk,DJS KETENAGAKERJAAN PROGRAM JAMINAN HARI TUA,1.308.007.936,"3,51",L,IS
27-Feb-2026,BBNI,BANK NEGARA INDONESIA Tbk,WINARNO TJAJADI,780.000.000,"2,09",L,ID
27-Feb-2026,BBNI,BANK NEGARA INDONESIA Tbk,EMPLOYEES PROVIDENT FUND BOARD,441.544.606,"1,18",A,PF
27-Feb-2026,BBNI,BANK NEGARA INDONESIA Tbk,PT TASPEN (PERSERO),437.132.900,"1,17",L,IS
27-Feb-2026,BBRI,BANK RAKYAT INDONESIA (PERSERO) Tbk,INDONESIA INVESTMENT AUTHORITY,5.498.021.834,"3,63",L,OT
27-Feb-2026,BBRI,BANK RAKYAT INDONESIA (PERSERO) Tbk,EMPLOYEES PROVIDENT FUND BOARD,1.723.706.758,"1,14",A,PF
27-Feb-2026,BBRI,BANK RAKYAT INDONESIA (PERSERO) Tbk,DJS KETENAGAKERJAAN PROGRAM JAMINAN HARI TUA,1.650.917.514,"1,09",L,IS
27-Feb-2026,BBRM,PELAYARAN NASIONAL BINA BUANA RAYA Tbk,PT. MARCO POLO INDONESIA,5.997.334.652,"70,73",L,CP
27-Feb-2026,BBRM,PELAYARAN NASIONAL BINA BUANA RAYA Tbk,NAM CHEONG PIONEER SDN BHD,1.066.666.666,"12,58",A,CP
27-Feb-2026,BBRM,PELAYARAN NASIONAL BINA BUANA RAYA Tbk,PT. SINAR BINTANG MAKMUR,635.536.000,"7,49",L,CP
27-Feb-2026,BBRM,PELAYARAN NASIONAL BINA BUANA RAYA Tbk,DEUTSCHE BK AG (PRIVATE BANKING) SPORE WM CLIENT,157.000.000,"1,85",A,IB
27-Feb-2026,BBSI,KROM BANK INDONESIA Tbk,PT FINACCEL TEKNOLOGI INDONESIA,2.756.042.477,"75,00",L,CP
27-Feb-2026,BBSI,KROM BANK INDONESIA Tbk,"SUN LAND INVESTAMA,PT",182.533.737,"4,97",L,CP
27-Feb-2026,BBSI,KROM BANK INDONESIA Tbk,SUNDJONO SURIADI,180.471.077,"4,91",L,ID
27-Feb-2026,BBSI,KROM BANK INDONESIA Tbk,PT. SUN ANTARNUSA INVESTMENT,178.971.567,"4,87",L,CP
27-Feb-2026,BBSI,KROM BANK INDONESIA Tbk,HSBC LTD-SINGAPORE BRANCH PRIVATE BANKING DIVISION ACCOUNT CLIENTS,168.135.751,"4,58",A,CP
27-Feb-2026,BBSI,KROM BANK INDONESIA Tbk,PT SUNSONINDO TEXTILE INVESTAMA,155.778.973,"4,24",L,CP
27-Feb-2026,BBSS,BUMI BENOWO SUKSES SEJAHTERA Tbk,AGUNG ALAM ANUGRAH PT,3.499.950.000,"72,92",,
27-Feb-2026,BBSS,BUMI BENOWO SUKSES SEJAHTERA Tbk,PT Agung Anugrah Investama,796.862.800,"16,60",L,CP
27-Feb-2026,BBSS,BUMI BENOWO SUKSES SEJAHTERA Tbk,ANDIERSEN,80.546.000,"1,68",L,ID
27-Feb-2026,BBSS,BUMI BENOWO SUKSES SEJAHTERA Tbk,DHARMA BUDI,65.838.700,"1,37",L,ID
27-Feb-2026,BBSS,BUMI BENOWO SUKSES SEJAHTERA Tbk,ROMMY DHARMA SATRYAWAN,48.768.800,"1,02",L,ID
27-Feb-2026,BBSS,BUMI BENOWO SUKSES SEJAHTERA Tbk,HENDRA KUSUMA KARGITO,49.148.300,"1,02",L,ID
27-Feb-2026,BBTN,BANK TABUNGAN NEGARA (PERSERO) Tbk,PT TASPEN (PERSERO),695.002.517,"4,95",L,IS
27-Feb-2026,BBTN,BANK TABUNGAN NEGARA (PERSERO) Tbk,DJS KETENAGAKERJAAN PROGRAM JAMINAN HARI TUA,389.275.808,"2,77",L,IS
27-Feb-2026,BBTN,BANK TABUNGAN NEGARA (PERSERO) Tbk,REKSA DANA SUCORINVEST EQUITY FUND,160.770.000,"1,15",L,MF
27-Feb-2026,BBTN,BANK TABUNGAN NEGARA (PERSERO) Tbk,HANDELSBANKEN TILLVAXTMARKNAD TEMA,156.224.839,"1,11",A,MF
27-Feb-2026,BBYB,BANK NEO COMMERCE Tbk,PT AKULAKU SILVRR INDONESIA,4.598.768.727,"34,45",L,CP
27-Feb-2026,BBYB,BANK NEO COMMERCE Tbk,PT GOZCO CAPITAL,1.406.384.381,"10,53",L,CP
27-Feb-2026,BBYB,BANK NEO COMMERCE Tbk,ROCKCORE FINANCIAL TECHNOLOGY CO LTD,736.968.376,"5,52",A,CP
27-Feb-2026,BBYB,BANK NEO COMMERCE Tbk,YELLOW BRICK ENTERPRISE LTD,487.218.961,"3,65",A,CP
27-Feb-2026,BBYB,BANK NEO COMMERCE Tbk,SARATOGA INVESTAMA SEDAYA TBK PT,474.037.743,"3,55",L,CP
27-Feb-2026,BBYB,BANK NEO COMMERCE Tbk,WINATO KARTONO,228.463.119,"1,71",L,ID
27-Feb-2026,BBYB,BANK NEO COMMERCE Tbk,Reksa Dana Pan Arcadia Dana Saham Bertumbuh,211.766.670,"1,59",L,MF
27-Feb-2026,BBYB,BANK NEO COMMERCE Tbk,UNGKORO DARMOSUSILO,210.000.000,"1,57",L,ID
27-Feb-2026,BBYB,BANK NEO COMMERCE Tbk,MAYBANK SECURITIES PTE. LTD.,191.591.324,"1,44",A,SC
27-Feb-2026,BBYB,BANK NEO COMMERCE Tbk,PROVIDENT GROWTH FUND II GP LTD.,136.261.930,"1,02",A,CP
27-Feb-2026,BCAP,MNC KAPITAL INDONESIA Tbk,PT. MNC ASIA HOLDING TBK,20.137.511.460,"47,25",L,CP
27-Feb-2026,BCAP,MNC KAPITAL INDONESIA Tbk,JALAN PANTAI LIMITED,3.900.000.000,"9,15",A,OT
27-Feb-2026,BCAP,MNC KAPITAL INDONESIA Tbk,HT INVESTMENT DEVELOPMENT LTD,3.708.705.000,"8,70",A,CP
27-Feb-2026,BCAP,MNC KAPITAL INDONESIA Tbk,UOB KAY HIAN (HONG KONG) LTD,2.782.427.300,"6,53",A,SC
27-Feb-2026,BCAP,MNC KAPITAL INDONESIA Tbk,MNC TOURISM INDONESIA TBK,2.100.000.000,"4,93",L,CP
27-Feb-2026,BCAP,MNC KAPITAL INDONESIA Tbk,TJOMO TJENGUNDORO.TJENG,1.178.061.200,"2,76",L,ID
27-Feb-2026,BCAP,MNC KAPITAL INDONESIA Tbk,BOURKE INTERNATIONAL LTD,1.054.647.777,"2,47",A,CP
27-Feb-2026,BCAP,MNC KAPITAL INDONESIA Tbk,LIE EFFENDI HARSONO,542.811.400,"1,27",L,ID
27-Feb-2026,BCAP,MNC KAPITAL INDONESIA Tbk,SANREMO VENTURES INC.,534.993.500,"1,26",A,OT
27-Feb-2026,BCAP,MNC KAPITAL INDONESIA Tbk,SMART EMPIRE GROUP LTD,500.556.519,"1,17",A,OT
27-Feb-2026,BCIC,BANK JTRUST INDONESIA Tbk,JTRUST ASIA PTE. LTD.,3.381.207.875,"18,67",A,CP
27-Feb-2026,BCIC,BANK JTRUST INDONESIA Tbk,GF CAPITAL LLC,878.377.481,"4,85",A,CP
27-Feb-2026,BCIC,BANK JTRUST INDONESIA Tbk,SAMURAI CAPITAL MANAGEMENT NO 2 LIMITED LIABILITY COMPANY,700.339.767,"3,87",A,CP
27-Feb-2026,BCIC,BANK JTRUST INDONESIA Tbk,J TRUST CO LTD,12.203.135.210,"67,38",A,CP
27-Feb-2026,BCIC,BANK JTRUST INDONESIA Tbk,PT. JTRUST INVESTMENTS INDONESIA,251.471.458,"1,39",,
27-Feb-2026,BCIP,BUMI CITRA PERMAI Tbk,PT BUMI CITRA INVESTINDO,544.372.100,"38,07",L,CP
27-Feb-2026,BCIP,BUMI CITRA PERMAI Tbk,PT. BENTENG TERANG SEJAHTERA,69.229.900,"4,84",L,CP
27-Feb-2026,BCIP,BUMI CITRA PERMAI Tbk,REKSA DANA SYARIAH PACIFIC SAHAM SYARIAH III,56.027.300,"3,92",L,MF
27-Feb-2026,BCIP,BUMI CITRA PERMAI Tbk,PT. Laba Sekuritas Indonesia,55.527.600,"3,88",L,SC
27-Feb-2026,BCIP,BUMI CITRA PERMAI Tbk,SAUT MARULITUA SINAGA,54.895.300,"3,84",L,ID
27-Feb-2026,BCIP,BUMI CITRA PERMAI Tbk,DPPK JIWASRAYA,42.320.000,"2,96",L,PF
27-Feb-2026,BCIP,BUMI CITRA PERMAI Tbk,REKSADANA SYARIAH DMI DANA SAHAM SYARIAH,35.895.000,"2,51",L,MF
27-Feb-2026,BCIP,BUMI CITRA PERMAI Tbk,REKSA DANA SUCORINVEST SAHAM DINAMIS,31.500.000,"2,20",L,MF
27-Feb-2026,BCIP,BUMI CITRA PERMAI Tbk,HENDRA JULIUS SETIAWAN MARTONO,26.954.100,"1,89",L,ID
27-Feb-2026,BCIP,BUMI CITRA PERMAI Tbk,DESSY TJANDRA,20.340.700,"1,42",L,ID
27-Feb-2026,BCIP,BUMI CITRA PERMAI Tbk,BRENDA BUDIMAN,19.520.200,"1,37",L,ID
27-Feb-2026,BCIP,BUMI CITRA PERMAI Tbk,PERUSAHAAN PERSEROAN (PERSERO) PT. ASABRI,18.000.000,"1,26",L,IS
27-Feb-2026,BCIP,BUMI CITRA PERMAI Tbk,PT. Askar Pelangi Abadi,15.300.000,"1,07",L,CP
27-Feb-2026,BDKR,BERDIKARI PONDASI PERKASA Tbk,TAN JOHN TANUWIJAYA,2.410.117.900,"51,01",L,ID
27-Feb-2026,BDKR,BERDIKARI PONDASI PERKASA Tbk,JAUW LIE MING,461.000.000,"9,76",L,ID
27-Feb-2026,BDKR,BERDIKARI PONDASI PERKASA Tbk,PT RIGHT LANE CAPITAL,229.968.500,"4,87",L,CP
27-Feb-2026,BDKR,BERDIKARI PONDASI PERKASA Tbk,PT KARTIKA SUKSES PENDIRIJAYA,228.694.800,"4,84",L,CP
27-Feb-2026,BDKR,BERDIKARI PONDASI PERKASA Tbk,"HARUNA BINOSWARA JAYA, PT",226.305.300,"4,79",L,CP
27-Feb-2026,BDKR,BERDIKARI PONDASI PERKASA Tbk,PT. YONATAMA PERDANA ABADI,218.174.000,"4,62",L,CP
27-Feb-2026,BDKR,BERDIKARI PONDASI PERKASA Tbk,PT. BERDIKARI PONDASI PERKASA TBK,215.579.900,"4,56",L,CP
27-Feb-2026,BDKR,BERDIKARI PONDASI PERKASA Tbk,PT. MASTER PONDASI RAYA,196.192.700,"4,15",L,CP
27-Feb-2026,BDKR,BERDIKARI PONDASI PERKASA Tbk,ENDY,136.006.500,"2,88",L,ID
27-Feb-2026,BDKR,BERDIKARI PONDASI PERKASA Tbk,LE KANG,105.641.100,"2,24",A,ID
27-Feb-2026,BDKR,BERDIKARI PONDASI PERKASA Tbk,TAN FRANCISCUS,55.763.500,"1,18",L,ID
27-Feb-2026,BDKR,BERDIKARI PONDASI PERKASA Tbk,STEFANI FARIDA,52.714.200,"1,12",L,ID
27-Feb-2026,BDMN,BANK DANAMON INDONESIA Tbk,MUFG Bank Ltd,8.940.317.662,"91,47",A,IB
27-Feb-2026,BDMN,BANK DANAMON INDONESIA Tbk,"UBS AG, LONDON",160.060.501,"1,64",A,IB
27-Feb-2026,BEBS,BERKAH BETON SADAYA Tbk,PT BERKAH GLOBAL INVESTAMA,14.123.500.100,"31,39",L,CP
27-Feb-2026,BEBS,BERKAH BETON SADAYA Tbk,PT PENDANAAN EFEK INDONESIA,2.573.164.760,"5,72",L,CP
27-Feb-2026,BEBS,BERKAH BETON SADAYA Tbk,SUGIARWATI LUCKY,2.239.200.000,"4,98",L,ID
27-Feb-2026,BEBS,BERKAH BETON SADAYA Tbk,ASEP SULAEMAN SABANDA,2.027.163.795,"4,50",L,ID
27-Feb-2026,BEBS,BERKAH BETON SADAYA Tbk,STANDARD CHARTERED BANK (SINGAPORE) LIMITED,1.796.272.500,"3,99",A,IB
27-Feb-2026,BEBS,BERKAH BETON SADAYA Tbk,PT.CIPTA IHYA NUSANTARA,1.000.000.000,"2,22",L,CP
27-Feb-2026,BEBS,BERKAH BETON SADAYA Tbk,GANANG ADIKARYA MUHAMMAD,632.635.900,"1,41",L,ID
27-Feb-2026,BEBS,BERKAH BETON SADAYA Tbk,"JPMORGAN CHASE BANK, NATIONAL ASSOCIATION",624.325.250,"1,39",A,IB
27-Feb-2026,BEBS,BERKAH BETON SADAYA Tbk,DR. IR. H. SOEWARSO,618.479.300,"1,37",L,ID
27-Feb-2026,BEBS,BERKAH BETON SADAYA Tbk,IMRON AGUNG KHOIRUDIN,551.359.300,"1,23",L,ID
27-Feb-2026,BEBS,BERKAH BETON SADAYA Tbk,MUHAMMAD YUSUF FAHLEPI,545.657.500,"1,21",L,ID
27-Feb-2026,BEBS,BERKAH BETON SADAYA Tbk,ANDIKA RAHMAN,525.084.400,"1,17",L,ID
27-Feb-2026,BEBS,BERKAH BETON SADAYA Tbk,GAMA MANUNGGAL LESTARI PT,505.900.800,"1,12",L,CP
27-Feb-2026,BEEF,ESTIKA TATA TIARA Tbk,ASIA AGRI INTERNATIONAL PTE LTD,5.732.270.843,"70,59",A,CP
27-Feb-2026,BEEF,ESTIKA TATA TIARA Tbk,EDIE,658.385.686,"8,11",L,ID
27-Feb-2026,BEEF,ESTIKA TATA TIARA Tbk,DIMAS WIBOWO,322.817.942,"3,98",L,ID
27-Feb-2026,BEEF,ESTIKA TATA TIARA Tbk,PT DELTA INVESTAMA INDONESIA,322.027.459,"3,97",L,IB
27-Feb-2026,BEEF,ESTIKA TATA TIARA Tbk,"HJ. DIANA DEWI, SE",207.880.691,"2,56",L,ID
27-Feb-2026,BEER,JOBUBU JARUM MINAHASA Tbk,PT. MAJU MINUMAN MINAHASA,3.172.686.825,"79,32",L,CP
27-Feb-2026,BEER,JOBUBU JARUM MINAHASA Tbk,REKSA DANA SUCORINVEST EQUITY PRIMA FUND,177.933.700,"4,45",L,MF
27-Feb-2026,BEER,JOBUBU JARUM MINAHASA Tbk,PT. SATIVA BHUMI INVESTAMA,142.727.200,"3,57",L,CP
27-Feb-2026,BEER,JOBUBU JARUM MINAHASA Tbk,REKSA DANA SUCORINVEST EQUITY FUND,140.173.200,"3,50",L,MF
27-Feb-2026,BEER,JOBUBU JARUM MINAHASA Tbk,PT SENTOSA WARAS INVESTAMA,107.045.400,"2,68",L,CP
27-Feb-2026,BEER,JOBUBU JARUM MINAHASA Tbk,PT PADI GLOBAL KAPITAL,107.045.400,"2,68",L,CP
27-Feb-2026,BEKS,BANK PEMBANGUNAN DAERAH BANTEN Tbk,"BANTEN GLOBAL DEVELOPMENT, PT",34.289.755.661,"66,11",L,CP
27-Feb-2026,BEKS,BANK PEMBANGUNAN DAERAH BANTEN Tbk,SANTO - IDD1501D0254571,642.102.580,"1,24",L,ID
27-Feb-2026,BELI,GLOBAL DIGITAL NIAGA Tbk,PT GLOBAL INVESTAMA ANDALAN,104.009.002.820,"76,57",L,CP
27-Feb-2026,BELI,GLOBAL DIGITAL NIAGA Tbk,PT DWIMURIA INVESTAMA ANDALAN,6.525.158.100,"4,80",L,CP
27-Feb-2026,BELI,GLOBAL DIGITAL NIAGA Tbk,PT. LINGKARMULIA INDAH,5.736.569.727,"4,22",L,CP
27-Feb-2026,BELI,GLOBAL DIGITAL NIAGA Tbk,PT SUMBER CIPTA MULTINIAGA,5.169.793.700,"3,81",L,CP
27-Feb-2026,BELI,GLOBAL DIGITAL NIAGA Tbk,PT SAPTA ADHIKARI INVESTAMA PT,3.141.676.933,"2,31",L,CP
27-Feb-2026,BELL,TRISULA TEXTILE INDUSTRIES Tbk,PT TRISULA INTERNATIONAL TBK,5.664.450.000,"78,13",L,CP
27-Feb-2026,BELL,TRISULA TEXTILE INDUSTRIES Tbk,PT SOUTHERN CROSS TEXTILE INDUSTRY,716.249.700,"9,88",L,CP
27-Feb-2026,BELL,TRISULA TEXTILE INDUSTRIES Tbk,PT.TRITIRTA INTI MANDIRI,196.990.700,"2,72",L,CP
27-Feb-2026,BESS,BATULICIN NUSANTARA MARITIM Tbk,PT BATULICIN ENAM SEMBILAN TRANSPORTASI,2.695.947.180,"78,36",L,CP
27-Feb-2026,BESS,BATULICIN NUSANTARA MARITIM Tbk,PT. Mega Asta Raya,208.854.100,"6,07",L,CP
27-Feb-2026,BESS,BATULICIN NUSANTARA MARITIM Tbk,PT. Lestari Dharma Raya,150.750.700,"4,38",L,CP
27-Feb-2026,BESS,BATULICIN NUSANTARA MARITIM Tbk,DAFFA KARISMA INTI PT,134.551.400,"3,91",L,CP
27-Feb-2026,BESS,BATULICIN NUSANTARA MARITIM Tbk,"NAGARA ARDITO SOESANTO, ST",49.218.800,"1,43",L,ID
27-Feb-2026,BESS,BATULICIN NUSANTARA MARITIM Tbk,RHENO SETYAWAN MALEPPE,48.094.400,"1,40",L,ID
27-Feb-2026,BEST,BEKASI FAJAR INDUSTRIAL ESTATE Tbk,PT ARGO MANUNGGAL LAND DEVELOPMENT,4.643.604.400,"48,13",L,CP
27-Feb-2026,BEST,BEKASI FAJAR INDUSTRIAL ESTATE Tbk,DAIWA HOUSE INDUSTRY CO LTD,964.750.000,"10,00",A,CP
27-Feb-2026,BEST,BEKASI FAJAR INDUSTRIAL ESTATE Tbk,REKSA DANA SUCORINVEST SHARIA EQUITY FUND,216.842.300,"2,25",L,MF
27-Feb-2026,BEST,BEKASI FAJAR INDUSTRIAL ESTATE Tbk,PT IMC PELITA LOGISTIK TB,196.733.600,"2,04",L,CP
27-Feb-2026,BEST,BEKASI FAJAR INDUSTRIAL ESTATE Tbk,TAN ALIN HERAWATI,178.742.500,"1,85",L,ID
27-Feb-2026,BEST,BEKASI FAJAR INDUSTRIAL ESTATE Tbk,PT ASURANSI JIWA MANULIFE INDONESIA,134.637.500,"1,40",L,IS
27-Feb-2026,BEST,BEKASI FAJAR INDUSTRIAL ESTATE Tbk,"PANIN SEKURITAS Tbk, PT",132.814.700,"1,38",L,SC
27-Feb-2026,BEST,BEKASI FAJAR INDUSTRIAL ESTATE Tbk,LO KHENG HONG. DRS,111.862.800,"1,16",L,ID
27-Feb-2026,BEST,BEKASI FAJAR INDUSTRIAL ESTATE Tbk,DAVID ISKANDAR,103.771.400,"1,08",L,ID
27-Feb-2026,BEST,BEKASI FAJAR INDUSTRIAL ESTATE Tbk,RAHMAN KAMARUDDIN,97.500.000,"1,01",L,ID
27-Feb-2026,BFIN,BFI FINANCE INDONESIA Tbk,TRINUGRAHA CAPITAL AND CO SCA,7.688.125.938,"51,12",A,OT
27-Feb-2026,BFIN,BFI FINANCE INDONESIA Tbk,BODEGA HEAD INVESMENT HOLDING LTD,741.407.300,"4,93",A,CP
27-Feb-2026,BFIN,BFI FINANCE INDONESIA Tbk,NTASIAN DISCOVERY MASTER FUND,599.094.900,"3,98",A,MF
27-Feb-2026,BFIN,BFI FINANCE INDONESIA Tbk,PANGOLIN INV MANAG PTE LTD-PANGOLIN ASIA FUND,347.613.700,"2,31",A,IB
27-Feb-2026,BFIN,BFI FINANCE INDONESIA Tbk,LAY SIOE HO,338.743.220,"2,25",L,ID
27-Feb-2026,BFIN,BFI FINANCE INDONESIA Tbk,JONATHAN CHANG,313.417.100,"2,08",L,ID
27-Feb-2026,BFIN,BFI FINANCE INDONESIA Tbk,MERIE PRANOTO,297.649.380,"1,98",L,ID
27-Feb-2026,BFIN,BFI FINANCE INDONESIA Tbk,GSCO LLC S/A ESCHATON OPPORTUNITIES FUND II LP,259.314.298,"1,72",A,IB
27-Feb-2026,BFIN,BFI FINANCE INDONESIA Tbk,BFI FINANCE INDONESIA TBK PT,214.385.200,"1,43",L,CP
27-Feb-2026,BFIN,BFI FINANCE INDONESIA Tbk,PT PRUDENTIAL LIFE ASSURANCE,165.712.400,"1,10",L,IS
27-Feb-2026,BFIN,BFI FINANCE INDONESIA Tbk,GOLDMAN SACHS FUNDS,159.467.900,"1,06",A,MF
27-Feb-2026,BGTG,BANK GANESHA Tbk,"EQUITY DEVELOPMENT INVESTMENT, PT.",8.036.410.000,"33,53",L,CP
27-Feb-2026,BGTG,BANK GANESHA Tbk,EQUITY GLOBAL INTERNATIONAL LIMITED,5.736.363.400,"23,93",A,CP
27-Feb-2026,BGTG,BANK GANESHA Tbk,UOB KAY HIAN PRIVATE LIMITED,1.388.305.300,"5,79",A,SC
27-Feb-2026,BGTG,BANK GANESHA Tbk,PT. GEMILANG PERSADA PROPERTI,1.028.531.000,"4,29",L,CP
27-Feb-2026,BGTG,BANK GANESHA Tbk,PT. KEMILAU CAHAYA SAKTI,1.000.000.000,"4,17",L,CP
27-Feb-2026,BGTG,BANK GANESHA Tbk,PT SATYA MULIA GEMA GEMILANG,791.165.068,"3,30",L,CP
27-Feb-2026,BGTG,BANK GANESHA Tbk,"PRIMA TUNAS INVESTAMA, PT.",788.500.000,"3,29",L,CP
27-Feb-2026,BGTG,BANK GANESHA Tbk,PT. BUANA PERSADA PROPERTI,666.280.000,"2,78",L,CP
27-Feb-2026,BGTG,BANK GANESHA Tbk,GUNAWAN GOZALI,537.600.000,"2,24",L,ID
27-Feb-2026,BGTG,BANK GANESHA Tbk,PHILLIP SECURITIES PTE LTD,431.920.000,"1,80",A,SC
27-Feb-2026,BGTG,BANK GANESHA Tbk,CENTRIX INVESTMENT LIMITED,396.824.000,"1,66",A,CP
27-Feb-2026,BGTG,BANK GANESHA Tbk,FIRST PACIFIC CAPITAL GROUP LIMITED,333.720.000,"1,39",A,CP
27-Feb-2026,BGTG,BANK GANESHA Tbk,ROY TJOKROWIDJOYO,257.800.000,"1,08",L,ID
27-Feb-2026,BGTG,BANK GANESHA Tbk,PT. TIRTA BUMI DWIKARYA,239.710.000,"1,00",L,CP
27-Feb-2026,BHAT,BHAKTI MULTI ARTHA Tbk,PT BHAKTI ARTHA GLOBAL,1.254.849.375,"25,10",L,CP
27-Feb-2026,BHAT,BHAKTI MULTI ARTHA Tbk,PT. Surya Duta Mas,300.000.000,"6,00",L,CP
27-Feb-2026,BHAT,BHAKTI MULTI ARTHA Tbk,"PACIFIC LIFE INSURANCE, PT",245.690.000,"4,91",L,IS
27-Feb-2026,BHAT,BHAKTI MULTI ARTHA Tbk,PT CIPTA DINAMIKA PRIMA,243.775.000,"4,88",L,CP
27-Feb-2026,BHAT,BHAKTI MULTI ARTHA Tbk,DICKSON INVESTMENT LIMITED,242.500.000,"4,85",A,CP
27-Feb-2026,BHAT,BHAKTI MULTI ARTHA Tbk,GOODSTAR (H.K.) LIMITED,242.375.625,"4,85",A,CP
27-Feb-2026,BHAT,BHAKTI MULTI ARTHA Tbk,PT SETIABUDI DANA UNGGULAN,241.250.000,"4,83",L,CP
27-Feb-2026,BHAT,BHAKTI MULTI ARTHA Tbk,PAG INVESTMENT MANAGEMENT PTE LTD,239.500.000,"4,79",A,CP
27-Feb-2026,BHAT,BHAKTI MULTI ARTHA Tbk,EQT ASIA INVESTMENT LIMITED,235.750.000,"4,72",A,CP
27-Feb-2026,BHAT,BHAKTI MULTI ARTHA Tbk,EASTERN PEAK GROUP CORPORATION,206.536.000,"4,13",A,OT
27-Feb-2026,BHAT,BHAKTI MULTI ARTHA Tbk,PT SUMBER TEKNOLOGI MULIA,197.879.000,"3,96",L,CP
27-Feb-2026,BHAT,BHAKTI MULTI ARTHA Tbk,PT ARIMA KARYA PERSADA,194.853.100,"3,90",L,CP
27-Feb-2026,BHAT,BHAKTI MULTI ARTHA Tbk,PT TIRTA CITRA SOLUSI,142.777.500,"2,86",L,CP
27-Feb-2026,BHAT,BHAKTI MULTI ARTHA Tbk,PT. ALANA CIPTA SELARAS,139.899.700,"2,80",L,CP
27-Feb-2026,BHAT,BHAKTI MULTI ARTHA Tbk,"CAPITAL LIFE INDONESIA, PT",120.030.000,"2,40",L,IS
27-Feb-2026,BHAT,BHAKTI MULTI ARTHA Tbk,"ZED UTAMA PERSADA, PT",110.604.800,"2,21",L,CP
27-Feb-2026,BHAT,BHAKTI MULTI ARTHA Tbk,REKSA DANA SUCORINVEST EQUITY PRIMA FUND,95.572.400,"1,91",L,MF
27-Feb-2026,BHAT,BHAKTI MULTI ARTHA Tbk,PT. MEGAH ANGKASA PERKASA,79.026.600,"1,58",L,CP
27-Feb-2026,BHAT,BHAKTI MULTI ARTHA Tbk,PT. CAPITAL ASSET MANAGEMENT,55.470.000,"1,11",L,SC
27-Feb-2026,BHAT,BHAKTI MULTI ARTHA Tbk,REKSA DANA CAPITAL EQUITY FUND,54.300.000,"1,09",L,MF
27-Feb-2026,BHAT,BHAKTI MULTI ARTHA Tbk,REKSA DANA SUCORINVEST EQUITY FUND,51.693.000,"1,03",L,MF
27-Feb-2026,BHIT,MNC ASIA HOLDING Tbk,HT INVESTMENT DEVELOPMENT LTD,13.238.835.716,"15,38",A,CP
27-Feb-2026,BHIT,MNC ASIA HOLDING Tbk,CARAVAGGIO HOLDINGS LIMITED,8.321.109.800,"9,67",A,OT
27-Feb-2026,BHIT,MNC ASIA HOLDING Tbk,EP - BHAKTI PANJIWIRA,5.262.220.112,"6,11",L,CP
27-Feb-2026,BHIT,MNC ASIA HOLDING Tbk,RELIANCEVER HOLDINGS INC,3.627.471.299,"4,21",A,OT
27-Feb-2026,BHIT,MNC ASIA HOLDING Tbk,LITERATI CAPITAL INVESTMENTS LIMITED,3.603.568.065,"4,19",A,CP
27-Feb-2026,BHIT,MNC ASIA HOLDING Tbk,BOURKE INTERNATIONAL LTD,3.518.352.440,"4,09",A,CP
27-Feb-2026,BHIT,MNC ASIA HOLDING Tbk,PRINTEMPS INVESTMENTS INC.,3.267.056.289,"3,80",A,CP
27-Feb-2026,BHIT,MNC ASIA HOLDING Tbk,EXPRESS CYBER LTD,2.934.156.750,"3,41",A,CP
27-Feb-2026,BHIT,MNC ASIA HOLDING Tbk,MARCO PRINCE CORP,2.789.940.268,"3,24",A,CP
27-Feb-2026,BHIT,MNC ASIA HOLDING Tbk,HARY TANOESOEDIBJO,2.686.468.300,"3,12",L,ID
27-Feb-2026,BHIT,MNC ASIA HOLDING Tbk,TEMPUS ETERNITY LTD.,2.574.975.100,"2,99",A,CP
27-Feb-2026,BHIT,MNC ASIA HOLDING Tbk,YARIS INTERNATIONAL LTD,2.266.272.430,"2,63",A,CP
27-Feb-2026,BHIT,MNC ASIA HOLDING Tbk,CHARLTON GROUP HOLDINGS LTD,2.098.874.017,"2,44",A,IB
27-Feb-2026,BHIT,MNC ASIA HOLDING Tbk,UOB KAY HIAN (HONG KONG) LTD,1.841.798.300,"2,14",A,SC
27-Feb-2026,BHIT,MNC ASIA HOLDING Tbk,LIE EFFENDI HARSONO,1.775.000.000,"2,06",L,ID
27-Feb-2026,BHIT,MNC ASIA HOLDING Tbk,REGENCY HIGH ENTERPRISE LTD,1.582.892.000,"1,84",A,CP
27-Feb-2026,BHIT,MNC ASIA HOLDING Tbk,PT. MNC ASIA HOLDING TBK,1.549.565.446,"1,80",L,CP
27-Feb-2026,BHIT,MNC ASIA HOLDING Tbk,TARGO FINANCE LIMITED,1.294.000.000,"1,50",A,CP
27-Feb-2026,BHIT,MNC ASIA HOLDING Tbk,STARLIGHT LTD,1.066.689.200,"1,24",A,CP
27-Feb-2026,BHIT,MNC ASIA HOLDING Tbk,RATNA ENDANG SOELISTYAWATI,993.051.607,"1,15",L,ID
27-Feb-2026,BIKA,BINAKARYA JAYA ABADI Tbk,LILIANA SETIAWAN,200.912.700,"33,92",L,ID
27-Feb-2026,BIKA,BINAKARYA JAYA ABADI Tbk,BUDIANTO HALIM,189.662.100,"32,02",L,ID
27-Feb-2026,BIKA,BINAKARYA JAYA ABADI Tbk,ALI UMAR,30.093.100,"5,08",L,ID
27-Feb-2026,BIKA,BINAKARYA JAYA ABADI Tbk,LIN WEN LI,28.133.300,"4,75",L,ID
27-Feb-2026,BIKA,BINAKARYA JAYA ABADI Tbk,RUDY SUSANTO,28.133.300,"4,75",L,ID
27-Feb-2026,BIKA,BINAKARYA JAYA ABADI Tbk,AMY,26.652.600,"4,50",L,ID
27-Feb-2026,BIKA,BINAKARYA JAYA ABADI Tbk,HENGKY SOEGIHARTO GUNAWAN,25.068.600,"4,23",L,ID
27-Feb-2026,BIKA,BINAKARYA JAYA ABADI Tbk,TONY SUSANTO,17.768.400,"3,00",L,ID
27-Feb-2026,BIKA,BINAKARYA JAYA ABADI Tbk,JOHANNA,8.756.200,"1,48",L,ID
27-Feb-2026,BIKA,BINAKARYA JAYA ABADI Tbk,LEONARDO HANS HALIM,6.880.000,"1,16",L,ID
27-Feb-2026,BIKE,SEPEDA BERSAMA INDONESIA Tbk,HENRY MULYADI,327.375.000,"25,30",L,ID
27-Feb-2026,BIKE,SEPEDA BERSAMA INDONESIA Tbk,ANDREW MULYADI,327.375.000,"25,30",L,ID
27-Feb-2026,BIKE,SEPEDA BERSAMA INDONESIA Tbk,STEPHEN MULYADI,266.750.000,"20,62",L,ID
27-Feb-2026,BIKE,SEPEDA BERSAMA INDONESIA Tbk,PT FAJAR CAKRAWALA PRIMA,49.415.500,"3,82",L,CP
27-Feb-2026,BIKE,SEPEDA BERSAMA INDONESIA Tbk,PT DERBALA PROPERTI INDONESIA,47.459.800,"3,67",L,CP
27-Feb-2026,BIKE,SEPEDA BERSAMA INDONESIA Tbk,PT MULTI BUANA CARAKA,43.564.300,"3,37",L,CP
27-Feb-2026,BIKE,SEPEDA BERSAMA INDONESIA Tbk,PT ARTHA BERKAH SINERGI,39.213.700,"3,03",L,CP
27-Feb-2026,BIKE,SEPEDA BERSAMA INDONESIA Tbk,TAN TJOE ING,24.250.000,"1,87",L,ID
27-Feb-2026,BIKE,SEPEDA BERSAMA INDONESIA Tbk,PT WIRA CAKRA BERLIAN,23.912.000,"1,85",L,CP
27-Feb-2026,BIKE,SEPEDA BERSAMA INDONESIA Tbk,TE RAHARJO PRAYITNO,23.374.700,"1,81",L,ID
27-Feb-2026,BIKE,SEPEDA BERSAMA INDONESIA Tbk,PT RODA LANGIT SEMESTA,15.067.500,"1,16",L,CP
27-Feb-2026,BIMA,PRIMARINDO ASIA INFRASTRUCTURE Tbk,GOLDEN LESTARI PT,526.475.716,"86,57",L,CP
27-Feb-2026,BIMA,PRIMARINDO ASIA INFRASTRUCTURE Tbk,"USAHA BERSAMA SEKURITAS, PT",15.916.200,"2,62",L,SC
27-Feb-2026,BIMA,PRIMARINDO ASIA INFRASTRUCTURE Tbk,PT MAGMUS TEKNOLOGI NUSANTARA,6.876.400,"1,13",L,CP
27-Feb-2026,BINA,BANK INA PERDANA Tbk,PT. INDOLIFE PENSIONTAMA,1.339.483.685,"21,83",L,IS
27-Feb-2026,BINA,BANK INA PERDANA Tbk,PT. Samudra Biru,1.114.213.066,"18,16",L,CP
27-Feb-2026,BINA,BANK INA PERDANA Tbk,UOB KAY HIAN PRIVATE LIMITED,1.034.416.550,"16,86",A,SC
27-Feb-2026,BINA,BANK INA PERDANA Tbk,"GAYA HIDUP MASA KINI, PT",726.190.057,"11,84",L,CP
27-Feb-2026,BINA,BANK INA PERDANA Tbk,Lion Trust (Singapore) Limited,593.387.750,"9,67",A,MF
27-Feb-2026,BINA,BANK INA PERDANA Tbk,PT ASURANSI JIWA CENTRAL ASIA RAYA,447.677.700,"7,30",L,IS
27-Feb-2026,BINA,BANK INA PERDANA Tbk,PT PHILADEL TERRA LESTARI,280.621.700,"4,57",L,CP
27-Feb-2026,BINA,BANK INA PERDANA Tbk,21 INTERNATIONAL VENTURE SPC,141.895.000,"2,31",A,OT
27-Feb-2026,BINA,BANK INA PERDANA Tbk,PT ASURANSI CENTRAL ASIA,78.968.800,"1,29",L,IS
27-Feb-2026,BINA,BANK INA PERDANA Tbk,PT INDOLIFE PENSIONTAMA,61.347.167,"1,00",L,IS
27-Feb-2026,BINO,PERMA PLASINDO Tbk,RUHONG HOLDING PTE LTD,1.949.465.800,"85,68",A,CP
27-Feb-2026,BINO,PERMA PLASINDO Tbk,PT INTAN PARIWARA,174.000.000,"7,65",L,CP
27-Feb-2026,BIPI,ASTRINDO NUSANTARA INFRASTRUKTUR Tbk,PT Indotambang Perkasa,12.352.555.813,"19,39",L,CP
27-Feb-2026,BIPI,ASTRINDO NUSANTARA INFRASTRUKTUR Tbk,CGS INTERNATIONAL SECURITIES SINGAPORE PTE LTD,8.095.170.100,"12,71",A,IB
27-Feb-2026,BIPI,ASTRINDO NUSANTARA INFRASTRUKTUR Tbk,PT BAKRIE CAPITAL INDONESIA,3.822.619.800,"6,00",L,CP
27-Feb-2026,BIPI,ASTRINDO NUSANTARA INFRASTRUKTUR Tbk,PT. KB VALBURY SEKURITAS,3.150.000.000,"4,94",L,SC
27-Feb-2026,BIPI,ASTRINDO NUSANTARA INFRASTRUKTUR Tbk,KINGSWOOD UNION CORPORATION,2.306.155.436,"3,62",A,OT
27-Feb-2026,BIPI,ASTRINDO NUSANTARA INFRASTRUKTUR Tbk,INTERVENTURES CAPITAL PTE. LTD,2.133.709.000,"3,35",A,OT
27-Feb-2026,BIPI,ASTRINDO NUSANTARA INFRASTRUKTUR Tbk,PT DANATAMA KAPITAL INVESTAMA,1.751.785.100,"2,75",L,CP
27-Feb-2026,BIPI,ASTRINDO NUSANTARA INFRASTRUKTUR Tbk,ASURANSI SIMAS JIWA,1.681.578.492,"2,64",L,IS
27-Feb-2026,BIPI,ASTRINDO NUSANTARA INFRASTRUKTUR Tbk,PT TRUKINDO PERSADA SEJAHTERA,1.674.492.500,"2,63",L,CP
27-Feb-2026,BIPI,ASTRINDO NUSANTARA INFRASTRUKTUR Tbk,PT FIRSTINDO FINANSIAL CORPORA,1.527.707.218,"2,40",L,CP
27-Feb-2026,BIPI,ASTRINDO NUSANTARA INFRASTRUKTUR Tbk,MORGAN STANLEY AND CO INTERNATIONAL PLC,1.250.156.700,"1,96",A,CP
27-Feb-2026,BIPI,ASTRINDO NUSANTARA INFRASTRUKTUR Tbk,"BERSAMA JAYA SOLUSI, PT",904.399.010,"1,42",L,CP
27-Feb-2026,BIPI,ASTRINDO NUSANTARA INFRASTRUKTUR Tbk,"ROSEWOOD STRATEGIC INVESTMENT, PTE. LTD.",859.241.400,"1,35",A,CP
27-Feb-2026,BIPI,ASTRINDO NUSANTARA INFRASTRUKTUR Tbk,PT ASURANSI SINAR MAS,743.078.600,"1,17",L,IS
27-Feb-2026,BIPI,ASTRINDO NUSANTARA INFRASTRUKTUR Tbk,"Baskara Timur Kencana, PT",666.666.600,"1,05",L,CP
27-Feb-2026,BIPI,ASTRINDO NUSANTARA INFRASTRUKTUR Tbk,Knight Investments Pte Ltd,666.666.600,"1,05",A,OT
27-Feb-2026,BIPI,ASTRINDO NUSANTARA INFRASTRUKTUR Tbk,PT SOLUSI KARYA SUKSES,637.544.067,"1,00",L,CP
27-Feb-2026,BIPP,BHUWANATALA INDAH PERMAI Tbk,SAFIRE CAPITAL PTE.LTD.,3.098.530.195,"61,62",A,CP
27-Feb-2026,BIPP,BHUWANATALA INDAH PERMAI Tbk,PT. Victoria Investama Tbk,573.267.000,"11,40",L,CP
27-Feb-2026,BIPP,BHUWANATALA INDAH PERMAI Tbk,SUZANNA TANOJO,222.383.030,"4,42",L,ID
27-Feb-2026,BIPP,BHUWANATALA INDAH PERMAI Tbk,LOUISE LI,112.042.000,"2,23",A,ID
27-Feb-2026,BIPP,BHUWANATALA INDAH PERMAI Tbk,PT. BINTANG MITRA SEMESTARAYA TBK,111.850.000,"2,22",L,CP
27-Feb-2026,BIPP,BHUWANATALA INDAH PERMAI Tbk,PT Prolestari Megapersada,89.800.000,"1,79",L,CP
27-Feb-2026,BIPP,BHUWANATALA INDAH PERMAI Tbk,EDDY WIBOWO,85.915.300,"1,71",L,ID
27-Feb-2026,BIPP,BHUWANATALA INDAH PERMAI Tbk,PT INTIDANA WIJAYA,83.403.000,"1,66",L,CP
27-Feb-2026,BIRD,BLUE BIRD Tbk,PT. PUSAKA CITRA DJOKOSOETONO,709.857.979,"28,37",L,CP
27-Feb-2026,BIRD,BLUE BIRD Tbk,PURNOMO PRAWIRO,302.294.300,"12,08",L,ID
27-Feb-2026,BIRD,BLUE BIRD Tbk,KRESNA PRIAWAN DJOKOSOETONO,155.055.000,"6,20",L,ID
27-Feb-2026,BIRD,BLUE BIRD Tbk,"SIGIT P DJOKOSOETONO,IR,MBA",153.451.300,"6,13",L,ID
27-Feb-2026,BIRD,BLUE BIRD Tbk,INDRA PRIAWAN DJOKOSOETONO,149.176.688,"5,96",L,ID
27-Feb-2026,BIRD,BLUE BIRD Tbk,ADRIANTO DJOKOSOETONO,132.715.816,"5,30",L,ID
27-Feb-2026,BIRD,BLUE BIRD Tbk,NONI SRI AYATI PURNOMO,120.810.000,"4,83",L,ID
27-Feb-2026,BIRD,BLUE BIRD Tbk,PT GOTO GOJEK TOKOPEDIA TBK,108.207.016,"4,32",L,CP
27-Feb-2026,BIRD,BLUE BIRD Tbk,SRI ADRIYANI LESTARI,62.560.000,"2,50",L,ID
27-Feb-2026,BIRD,BLUE BIRD Tbk,Sumitomo Corporation,49.498.305,"1,98",A,CP
27-Feb-2026,BIRD,BLUE BIRD Tbk,PURNOMO INVESTAMA,46.401.800,"1,85",L,CP
27-Feb-2026,BIRD,BLUE BIRD Tbk,PT CHANDRA INVESTAMA,39.450.000,"1,58",L,CP
27-Feb-2026,BIRD,BLUE BIRD Tbk,PURNOMO ENDANG INVESTAMA,32.673.617,"1,31",L,CP
27-Feb-2026,BIRD,BLUE BIRD Tbk,HONKY HARJO,26.482.200,"1,06",L,ID
27-Feb-2026,BISI,BISI INTERNATIONAL Tbk,AGRINDO PRATAMA,930.000.000,"31,00",L,CP
27-Feb-2026,BISI,BISI INTERNATIONAL Tbk,FIELD INVESTMENT HOLDINGS PTELTD,190.687.500,"6,36",,
27-Feb-2026,BISI,BISI INTERNATIONAL Tbk,VALLEY INVESTMENT HOLDINGS PTE LTD,190.687.500,"6,36",,
27-Feb-2026,BISI,BISI INTERNATIONAL Tbk,VISTA INVESTMENT HOLDINGS PTE.LTD.,190.687.500,"6,36",A,CP
27-Feb-2026,BISI,BISI INTERNATIONAL Tbk,UBS AG SINGAPORE BRANCH,158.977.000,"5,30",A,IB
27-Feb-2026,BISI,BISI INTERNATIONAL Tbk,UNITED OVERSEAS BANK NOMINEES (PRIVATE) LIMITED,152.683.500,"5,09",A,CP
27-Feb-2026,BISI,BISI INTERNATIONAL Tbk,CITIBANK HONG KONG S/A PBG CLIENTS SG,147.500.000,"4,92",A,IB
27-Feb-2026,BISI,BISI INTERNATIONAL Tbk,DEUTSCHE BK AG (PRIVATE BANKING) SPORE WM CLIENT,146.300.000,"4,88",A,IB
27-Feb-2026,BISI,BISI INTERNATIONAL Tbk,LGT BANK AG,139.358.500,"4,65",A,IB
27-Feb-2026,BISI,BISI INTERNATIONAL Tbk,SJ BISI HOLDINGS PTE LTD,122.250.000,"4,08",A,CP
27-Feb-2026,BISI,BISI INTERNATIONAL Tbk,RBC SINGAPORE - CLIENTS A/C,110.419.500,"3,68",A,IB
27-Feb-2026,BISI,BISI INTERNATIONAL Tbk,UBS AG HONG KONG,62.119.500,"2,07",A,IB
27-Feb-2026,BISI,BISI INTERNATIONAL Tbk,UOB KAY HIAN PRIVATE LIMITED,44.144.100,"1,47",A,SC
27-Feb-2026,BISI,BISI INTERNATIONAL Tbk,HEYOKHA MAGNA MATER,33.200.000,"1,11",A,OT
27-Feb-2026,BJBR,BANK JABAR BANTEN Tbk,PEMDA PROVINSI JAWA BARAT,4.053.172.595,"38,52",,
27-Feb-2026,BJBR,BANK JABAR BANTEN Tbk,PEMDA KABUPATEN BANDUNG,761.921.189,"7,24",,
27-Feb-2026,BJBR,BANK JABAR BANTEN Tbk,PEMDA PROVINSI BANTEN,520.589.856,"4,95",,
27-Feb-2026,BJBR,BANK JABAR BANTEN Tbk,PERUSAHAAN PERSEROAN (PERSERO) PT. ASABRI,429.468.900,"4,08",L,IS
27-Feb-2026,BJBR,BANK JABAR BANTEN Tbk,PT. ASURANSI JIWA IFG,331.665.400,"3,15",L,IS
27-Feb-2026,BJBR,BANK JABAR BANTEN Tbk,PEMDA KABUPATEN TANGERANG,309.379.471,"2,94",,
27-Feb-2026,BJBR,BANK JABAR BANTEN Tbk,PEMDA KABUPATEN BOGOR,216.575.147,"2,06",,
27-Feb-2026,BJBR,BANK JABAR BANTEN Tbk,PT TASPEN (PERSERO),201.734.100,"1,92",L,IS
27-Feb-2026,BJBR,BANK JABAR BANTEN Tbk,PEMDA KABUPATEN SERANG,161.424.407,"1,53",,
27-Feb-2026,BJBR,BANK JABAR BANTEN Tbk,PEMDA KABUPATEN TASIKMALAYA,140.916.899,"1,34",,
27-Feb-2026,BJBR,BANK JABAR BANTEN Tbk,PEMDA KOTA TANGERANG,133.799.152,"1,27",,
27-Feb-2026,BJBR,BANK JABAR BANTEN Tbk,PEMDA KOTA BANDUNG,124.048.575,"1,18",,
27-Feb-2026,BJBR,BANK JABAR BANTEN Tbk,PEMDA KOTA CIMAHI,111.215.958,"1,06",,
27-Feb-2026,BJBR,BANK JABAR BANTEN Tbk,PEMDA KABUPATEN PANDEGLANG,110.162.524,"1,05",,
27-Feb-2026,BJTM,BANK PEMBANGUNAN DAERAH JAWA TIMUR Tbk,PEMDA TINGKAT I PROVINSI JAWA TIMUR,7.676.913.648,"51,13",,
27-Feb-2026,BJTM,BANK PEMBANGUNAN DAERAH JAWA TIMUR Tbk,PT TASPEN (PERSERO),414.504.700,"2,76",L,IS
27-Feb-2026,BJTM,BANK PEMBANGUNAN DAERAH JAWA TIMUR Tbk,PEMDA TINGKAT II KABUPATEN SIDOARJO,370.155.850,"2,47",,
27-Feb-2026,BJTM,BANK PEMBANGUNAN DAERAH JAWA TIMUR Tbk,PEMDA TINGKAT II KOTA SURABAYA,319.243.457,"2,13",,
27-Feb-2026,BJTM,BANK PEMBANGUNAN DAERAH JAWA TIMUR Tbk,PEMDA TINGKAT II KABUPATEN BOJONEGORO,300.288.632,"2,00",,
27-Feb-2026,BJTM,BANK PEMBANGUNAN DAERAH JAWA TIMUR Tbk,PEMDA TINGKAT II KABUPATEN BANYUWANGI,270.036.117,"1,80",,
27-Feb-2026,BJTM,BANK PEMBANGUNAN DAERAH JAWA TIMUR Tbk,PEMDA TINGKAT II KABUPATEN MALANG,253.635.445,"1,69",,
27-Feb-2026,BJTM,BANK PEMBANGUNAN DAERAH JAWA TIMUR Tbk,PEMDA TINGKAT II KABUPATEN GRESIK,220.213.170,"1,47",,
27-Feb-2026,BJTM,BANK PEMBANGUNAN DAERAH JAWA TIMUR Tbk,PEMDA TINGKAT II KABUPATEN TUBAN,217.418.404,"1,45",,
27-Feb-2026,BJTM,BANK PEMBANGUNAN DAERAH JAWA TIMUR Tbk,PEMDA TINGKAT II KABUPATEN NGAWI,215.763.995,"1,44",,
27-Feb-2026,BKDP,BUKIT DARMO PROPERTY Tbk,"ADHIBALARAJA, PT.",2.600.000.000,"34,60",,
27-Feb-2026,BKDP,BUKIT DARMO PROPERTY Tbk,"PRIMANTARA WISESA SEJAHTERA ,PT",2.461.554.500,"32,76",L,CP
27-Feb-2026,BKDP,BUKIT DARMO PROPERTY Tbk,HENDRO SUMAMPOW,623.500.000,"8,30",L,ID
27-Feb-2026,BKDP,BUKIT DARMO PROPERTY Tbk,IEVAN DANIAR SUMAMPOW,344.181.167,"4,58",L,ID
27-Feb-2026,BKDP,BUKIT DARMO PROPERTY Tbk,LEOTINE IERMA AGUSTINA.S,294.181.167,"3,92",L,ID
27-Feb-2026,BKDP,BUKIT DARMO PROPERTY Tbk,IEFENN ADRIANNE SUMAMPOW,294.181.167,"3,92",L,ID
27-Feb-2026,BKDP,BUKIT DARMO PROPERTY Tbk,J WAHYOEDI HIDAYAT,215.318.900,"2,87",L,ID
27-Feb-2026,BKDP,BUKIT DARMO PROPERTY Tbk,ENDANG LESTARI PUJIASTUTI,143.449.332,"1,91",L,ID
27-Feb-2026,BKDP,BUKIT DARMO PROPERTY Tbk,ADHIBALADIKA AGUNG,110.425.600,"1,47",L,CP
27-Feb-2026,BKSL,SENTUL CITY Tbk,PT SAKTI GENERASI PERDANA,109.462.099.825,"65,27",L,CP
27-Feb-2026,BKSL,SENTUL CITY Tbk,STELLA ISABELLA DJOHAN,11.235.277.812,"6,70",L,ID
27-Feb-2026,BKSL,SENTUL CITY Tbk,PT SAMUEL SEKURITAS INDONESIA,9.241.251.554,"5,51",L,SC
27-Feb-2026,BKSL,SENTUL CITY Tbk,BUKIT WAHANA GEMILANG PT,3.601.214.800,"2,15",L,CP
27-Feb-2026,BKSL,SENTUL CITY Tbk,HJ MEGAWATI TAUFIQ,1.972.400.000,"1,18",L,ID
27-Feb-2026,BKSL,SENTUL CITY Tbk,GOVERNMENT OF NORWAY,1.943.443.000,"1,16",A,OT
27-Feb-2026,BKSW,BANK QNB INDONESIA Tbk,QATAR NATIONAL BANK Q.P.S.C.,32.195.726.062,"91,57",A,IB
27-Feb-2026,BKSW,BANK QNB INDONESIA Tbk,UOB KAY HIAN PRIVATE LIMITED,1.074.578.377,"3,06",A,SC
27-Feb-2026,BKSW,BANK QNB INDONESIA Tbk,PT KAY HIAN SEKURITAS,351.580.500,"1,00",L,SC
27-Feb-2026,BLES,SUPERIOR PRIMA SUKSES Tbk,GLOBAL BASE UNIVERSAL,3.630.000.000,"40,83",L,CP
27-Feb-2026,BLES,SUPERIOR PRIMA SUKSES Tbk,TATA UTAMA GEMILANG,2.640.000.000,"29,70",L,CP
27-Feb-2026,BLES,SUPERIOR PRIMA SUKSES Tbk,"TANCORP INVESTAMA MULIA, PT",1.605.000.000,"18,05",L,CP
27-Feb-2026,BLES,SUPERIOR PRIMA SUKSES Tbk,"LIAUW, BILLY LAW",198.000.000,"2,23",L,ID
27-Feb-2026,BLES,SUPERIOR PRIMA SUKSES Tbk,DERMAWAN SUPARSONO,132.000.000,"1,48",L,ID
27-Feb-2026,BLOG,TRIMITRA TRANS PERSADA Tbk,PT SIGMANTARA ALFINDO,1.717.905.980,"50,83",L,CP
27-Feb-2026,BLOG,TRIMITRA TRANS PERSADA Tbk,PT DUA MITRA INTI SELARAS,985.683.750,"29,17",L,CP
27-Feb-2026,BLOG,TRIMITRA TRANS PERSADA Tbk,PT WIRAGUNA SEJAHTERA ABADI,112.649.570,"3,33",L,CP
27-Feb-2026,BLOG,TRIMITRA TRANS PERSADA Tbk,EVI ANITA,100.000.000,"2,96",L,ID
27-Feb-2026,BLOG,TRIMITRA TRANS PERSADA Tbk,PT. AMANDA CIPTA PERSADA,70.000.000,"2,07",L,CP
27-Feb-2026,BLOG,TRIMITRA TRANS PERSADA Tbk,PT CAKRAWALA MULIA PRIMA,66.662.400,"1,97",L,CP
27-Feb-2026,BLTA,BERLIAN LAJU TANKER Tbk,"Tunggaladhi Baskara, PT",4.383.489.018,"17,41",L,CP
27-Feb-2026,BLTA,BERLIAN LAJU TANKER Tbk,"ELANG MEGAH INTI, PT",2.366.547.505,"9,40",,
27-Feb-2026,BLTA,BERLIAN LAJU TANKER Tbk,BAMBANG SIHONO,1.105.609.300,"4,39",L,ID
27-Feb-2026,BLTA,BERLIAN LAJU TANKER Tbk,Resources Fortune LTD,955.155.787,"3,79",A,OT
27-Feb-2026,BLTA,BERLIAN LAJU TANKER Tbk,BANQUE DE LUXEMBOURG - CLIENT ACCOUNT,823.407.384,"3,27",A,IB
27-Feb-2026,BLTA,BERLIAN LAJU TANKER Tbk,GENERIS-D HOLDINGS PTE. LTD,786.010.349,"3,12",A,CP
27-Feb-2026,BLTA,BERLIAN LAJU TANKER Tbk,DEUTSCHE BANK,632.687.149,"2,51",,
27-Feb-2026,BLTA,BERLIAN LAJU TANKER Tbk,REKSA DANA PANIN DANA MAKSIMA,470.833.500,"1,87",L,MF
27-Feb-2026,BLTA,BERLIAN LAJU TANKER Tbk,PELAYARAN PRESISI PERKASA PT,424.583.683,"1,69",L,CP
27-Feb-2026,BLTA,BERLIAN LAJU TANKER Tbk,PACBLUE PTE LTD,424.513.683,"1,69",A,CP
27-Feb-2026,BLTA,BERLIAN LAJU TANKER Tbk,SEMINYAK AS,395.507.735,"1,57",,
27-Feb-2026,BLTA,BERLIAN LAJU TANKER Tbk,HAIYANTO,383.549.100,"1,52",L,ID
27-Feb-2026,BLTA,BERLIAN LAJU TANKER Tbk,BANK OF SINGAPORE LIMITED,354.345.996,"1,41",A,IB
27-Feb-2026,BLTA,BERLIAN LAJU TANKER Tbk,SUGIMAN LAYANTO,282.063.000,"1,12",L,ID
27-Feb-2026,BLTZ,GRAHA LAYAR PRIMA Tbk,CGI HOLDINGS LIMITED,445.708.436,"51,00",A,OT
27-Feb-2026,BLTZ,GRAHA LAYAR PRIMA Tbk,COREE CAPITAL LIMITED,349.574.856,"40,00",A,OT
27-Feb-2026,BLTZ,GRAHA LAYAR PRIMA Tbk,TOPE CAPITAL LTD,37.203.432,"4,26",A,IB
27-Feb-2026,BLTZ,GRAHA LAYAR PRIMA Tbk,NAINSOOK INVESTMENTS LTD,34.957.486,"4,00",A,IB
27-Feb-2026,BLUE,BERKAH PRIMA PERKASA Tbk,PT CETAK BIRU KAPITAL,117.943.900,"28,22",L,CP
27-Feb-2026,BLUE,BERKAH PRIMA PERKASA Tbk,HERMAN TANSRI,102.500.000,"24,52",L,ID
27-Feb-2026,BLUE,BERKAH PRIMA PERKASA Tbk,Siek Agung Guntoro,75.000.000,"17,94",L,ID
27-Feb-2026,BLUE,BERKAH PRIMA PERKASA Tbk,FADJAR TASRIF,42.500.000,"10,17",L,ID
27-Feb-2026,BLUE,BERKAH PRIMA PERKASA Tbk,RUDY TASRIF,30.000.000,"7,18",L,ID
27-Feb-2026,BLUE,BERKAH PRIMA PERKASA Tbk,PT. INDO CAPITAL SEKURITAS,17.799.500,"4,26",L,SC
27-Feb-2026,BMAS,BANK MASPION INDONESIA Tbk,KASIKORN VISION FINANCIAL COMPANY PTE LTD,15.574.208.968,"86,03",A,CP
27-Feb-2026,BMAS,BANK MASPION INDONESIA Tbk,PT ALIM INVESTINDO,887.030.453,"4,90",L,CP
27-Feb-2026,BMAS,BANK MASPION INDONESIA Tbk,PT MASPION,644.458.115,"3,56",L,CP
27-Feb-2026,BMAS,BANK MASPION INDONESIA Tbk,KASIKORNBANK PUBLIC COMPANY LIMITED,443.901.808,"2,45",A,IB
27-Feb-2026,BMAS,BANK MASPION INDONESIA Tbk,PT KASIKORN VISION FINANCIAL INDONESIA,181.026.624,"1,00",L,CP
27-Feb-2026,BMBL,LAVENDER BINA CENDIKIA Tbk,PT. AMMAR AL AMANAH,258.750.000,"25,12",L,CP
27-Feb-2026,BMBL,LAVENDER BINA CENDIKIA Tbk,PT SENTRA INVESTA MAKSIMA,98.070.600,"9,52",L,CP
27-Feb-2026,BMBL,LAVENDER BINA CENDIKIA Tbk,GALIH PANDEKAR,96.250.000,"9,34",L,ID
27-Feb-2026,BMBL,LAVENDER BINA CENDIKIA Tbk,AULIA FIRDAUS,78.750.000,"7,65",L,ID
27-Feb-2026,BMBL,LAVENDER BINA CENDIKIA Tbk,HAIYANTO,43.517.600,"4,22",L,ID
27-Feb-2026,BMBL,LAVENDER BINA CENDIKIA Tbk,Faruqi robbani,40.828.000,"3,96",L,ID
27-Feb-2026,BMBL,LAVENDER BINA CENDIKIA Tbk,RADIUS ERWIN DA SILVA S. KOM,23.044.200,"2,24",L,ID
27-Feb-2026,BMBL,LAVENDER BINA CENDIKIA Tbk,EDDY,22.788.900,"2,21",L,ID
27-Feb-2026,BMBL,LAVENDER BINA CENDIKIA Tbk,Euw Hendry Ernanto,18.597.600,"1,81",L,ID
27-Feb-2026,BMBL,LAVENDER BINA CENDIKIA Tbk,"Sari Yanto,SE",12.800.000,"1,24",L,ID
27-Feb-2026,BMHS,BUNDAMEDIK Tbk,PT. BUNDA INVESTAMA INDONESIA,4.935.430.900,"57,37",L,CP
27-Feb-2026,BMHS,BUNDAMEDIK Tbk,AKASYA INVESTMENTS LIMITED,421.416.176,"4,90",A,CP
27-Feb-2026,BMHS,BUNDAMEDIK Tbk,MULBERRY CAPITAL LIMITED,318.713.500,"3,70",A,CP
27-Feb-2026,BMHS,BUNDAMEDIK Tbk,ARCADIA HEALING LTD,292.397.700,"3,40",A,CP
27-Feb-2026,BMHS,BUNDAMEDIK Tbk,ivan rizal sini,278.600.000,"3,24",L,ID
27-Feb-2026,BMHS,BUNDAMEDIK Tbk,IR.MESHA RIZAL SINI,278.600.000,"3,24",L,ID
27-Feb-2026,BMHS,BUNDAMEDIK Tbk,RITO ALAM RIZAL SINI,278.602.400,"3,24",L,ID
27-Feb-2026,BMHS,BUNDAMEDIK Tbk,RENOBULAN RIZAL SINI SUHEIMI,207.786.000,"2,42",L,ID
27-Feb-2026,BMHS,BUNDAMEDIK Tbk,IETJE IKA S RIZAL SINI,157.865.000,"1,83",L,ID
27-Feb-2026,BMHS,BUNDAMEDIK Tbk,GO SIAUW HONG,137.875.400,"1,60",L,ID
27-Feb-2026,BMHS,BUNDAMEDIK Tbk,UNITED OVERSEAS BANK NOMINEES (PRIVATE) LIMITED,103.944.700,"1,21",A,CP
27-Feb-2026,BMHS,BUNDAMEDIK Tbk,LILY SOEPARDIMAN,100.000.000,"1,16",L,ID
27-Feb-2026,BMRI,BANK MANDIRI ( PERSERO ) Tbk,PERUSAHAAN PERSEROAN (PERSERO) PT DANANTARA ASSET MANAGEMENT,48.048.000.001,"51,48",L,CP
27-Feb-2026,BMRI,BANK MANDIRI ( PERSERO ) Tbk,INDONESIA INVESTMENT AUTHORITY,7.466.666.666,"8,00",L,OT
27-Feb-2026,BMRI,BANK MANDIRI ( PERSERO ) Tbk,DJS KETENAGAKERJAAN PROGRAM JAMINAN HARI TUA,1.242.240.824,"1,33",L,IS
27-Feb-2026,BMRI,BANK MANDIRI ( PERSERO ) Tbk,EMPLOYEES PROVIDENT FUND BOARD,1.175.151.900,"1,26",A,PF
27-Feb-2026,BMSR,BINTANG MITRA SEMESTARAYA Tbk,Chance Stand Finance Limited,685.199.832,"59,11",A,OT
27-Feb-2026,BMSR,BINTANG MITRA SEMESTARAYA Tbk,Chemical Asia Corporation PTE. LTD.,55.743.000,"4,81",A,CP
27-Feb-2026,BMSR,BINTANG MITRA SEMESTARAYA Tbk,"PANINVEST TBK, PT",52.000.000,"4,49",L,CP
27-Feb-2026,BMSR,BINTANG MITRA SEMESTARAYA Tbk,TRANS-UNIVERSAL HOLDINGS LTD,50.642.500,"4,37",A,OT
27-Feb-2026,BMSR,BINTANG MITRA SEMESTARAYA Tbk,PEAK CHALLENGE HOLDINGS LIMITED,50.000.000,"4,31",A,CP
27-Feb-2026,BMSR,BINTANG MITRA SEMESTARAYA Tbk,LOUISE LI,50.000.000,"4,31",A,ID
27-Feb-2026,BMSR,BINTANG MITRA SEMESTARAYA Tbk,SUZANNA TANOJO,41.057.500,"3,54",L,ID
27-Feb-2026,BMSR,BINTANG MITRA SEMESTARAYA Tbk,DANA PENSIUN KARYAWAN PANIN BANK,37.150.000,"3,20",L,PF
27-Feb-2026,BMSR,BINTANG MITRA SEMESTARAYA Tbk,PT. Victoria Investama Tbk,33.368.800,"2,88",L,CP
27-Feb-2026,BMSR,BINTANG MITRA SEMESTARAYA Tbk,PT Prolestari Megapersada,21.811.600,"1,88",L,CP
27-Feb-2026,BMSR,BINTANG MITRA SEMESTARAYA Tbk,PT VICTORIA SEKURITAS INDONESIA,12.269.600,"1,06",L,SC
27-Feb-2026,BMTR,GLOBAL MEDIACOM Tbk,PT. MNC ASIA HOLDING TBK,5.691.534.300,"34,32",L,CP
27-Feb-2026,BMTR,GLOBAL MEDIACOM Tbk,LO KHENG HONG. DRS,1.067.633.500,"6,44",L,ID
27-Feb-2026,BMTR,GLOBAL MEDIACOM Tbk,PT MAYBANK SEKURITAS INDONESIA - REGISTRAR,679.206.700,"4,10",L,SC
27-Feb-2026,BMTR,GLOBAL MEDIACOM Tbk,PT RIZKI BUKIT ABADI,429.700.700,"2,59",L,CP
27-Feb-2026,BMTR,GLOBAL MEDIACOM Tbk,PT MNC KAPITAL INDONESIA TBK,336.862.800,"2,03",L,CP
27-Feb-2026,BMTR,GLOBAL MEDIACOM Tbk,JABAR INDAH PROPERTINDO PT,259.884.400,"1,57",L,CP
27-Feb-2026,BMTR,GLOBAL MEDIACOM Tbk,PT GLOBAL MEDIACOM TBK,231.485.500,"1,40",L,CP
27-Feb-2026,BMTR,GLOBAL MEDIACOM Tbk,WIDAYANTI DARMAWAN,204.232.500,"1,23",L,ID
27-Feb-2026,BMTR,GLOBAL MEDIACOM Tbk,RELIANCEVER HOLDINGS INC,201.191.887,"1,21",A,OT
27-Feb-2026,BMTR,GLOBAL MEDIACOM Tbk,LGT BANK AG,185.502.000,"1,12",A,IB
27-Feb-2026,BMTR,GLOBAL MEDIACOM Tbk,EFENDI,183.303.100,"1,11",L,ID
27-Feb-2026,BMTR,GLOBAL MEDIACOM Tbk,PT. GLOBAL TRANSPORT SERVICES,177.688.700,"1,07",L,CP
27-Feb-2026,BMTR,GLOBAL MEDIACOM Tbk,BHAKTI INVESTAMA INTERNATIONAL LTD,170.901.600,"1,03",A,CP
27-Feb-2026,BNBA,BANK BUMI ARTA Tbk,PT TAKJUB FINANSIAL TEKNOLOGI,1.133.440.000,"33,45",L,CP
27-Feb-2026,BNBA,BANK BUMI ARTA Tbk,SURYA HUSADA INVESTMENT PT,1.000.396.641,"29,53",,
27-Feb-2026,BNBA,BANK BUMI ARTA Tbk,DANA GRAHA AGUNG PT,600.237.984,"17,72",,
27-Feb-2026,BNBA,BANK BUMI ARTA Tbk,PT BUDIMAN KENCANA LESTARI,370.982.305,"10,95",L,CP
27-Feb-2026,BNBR,BAKRIE AND BROTHERS Tbk,PORT FRASER INTERNATIONAL LTD,42.150.295.617,"24,31",A,CP
27-Feb-2026,BNBR,BAKRIE AND BROTHERS Tbk,FOUNTAIN CITY INVESTMENT LTD,38.445.133.000,"22,17",,
27-Feb-2026,BNBR,BAKRIE AND BROTHERS Tbk,UOB KAY HIAN PRIVATE LIMITED,14.685.041.055,"8,47",A,SC
27-Feb-2026,BNBR,BAKRIE AND BROTHERS Tbk,Eurofa Capital Investment Inc,11.718.750.000,"6,76",,
27-Feb-2026,BNBR,BAKRIE AND BROTHERS Tbk,LEVOCA ENTERPRISE LTD,9.219.385.798,"5,32",A,CP
27-Feb-2026,BNBR,BAKRIE AND BROTHERS Tbk,GRAND MARVEL INVESTMENT CORPORATION,8.000.000.000,"4,61",A,CP
27-Feb-2026,BNBR,BAKRIE AND BROTHERS Tbk,LEGACY TIMES INTERNATIONAL LIMITED,8.000.000.000,"4,61",A,CP
27-Feb-2026,BNBR,BAKRIE AND BROTHERS Tbk,PT PRODIGY ENERGY RESOURCES,5.250.000.000,"3,03",L,CP
27-Feb-2026,BNBR,BAKRIE AND BROTHERS Tbk,INVESTISSEMENT U.T.C.S.A,5.070.180.100,"2,92",A,CP
27-Feb-2026,BNBR,BAKRIE AND BROTHERS Tbk,PT. PRIMA ELOK MAKMUR,3.623.441.032,"2,09",L,CP
27-Feb-2026,BNBR,BAKRIE AND BROTHERS Tbk,PT TRIMEGAH SEKURITAS INDONESIA TBK,2.965.000.356,"1,71",L,SC
27-Feb-2026,BNBR,BAKRIE AND BROTHERS Tbk,DMS INVESTAMA PT,2.952.448.980,"1,70",L,CP
27-Feb-2026,BNBR,BAKRIE AND BROTHERS Tbk,PT BIOFUEL INDO SUMATRA,2.230.423.800,"1,29",L,CP
27-Feb-2026,BNGA,BANK CIMB NIAGA Tbk,CIMB GROUP SDN BHD,22.991.336.581,"91,45",A,IB
27-Feb-2026,BNGA,BANK CIMB NIAGA Tbk,PT COMMERCE KAPITAL,255.399.748,"1,02",,
27-Feb-2026,BNII,BANK MAYBANK INDONESIA Tbk,SORAK FINANCIAL HOLDINGS PTE LTD,34.312.479.550,"45,02",A,CP
27-Feb-2026,BNII,BANK MAYBANK INDONESIA Tbk,MAYBANK OFFSHORE CORPORATE SERVICES,25.882.393.996,"33,96",A,CP
27-Feb-2026,BNII,BANK MAYBANK INDONESIA Tbk,VITAL SOLUTION FUND,6.653.168.749,"8,73",A,CP
27-Feb-2026,BNII,BANK MAYBANK INDONESIA Tbk,MULTI DYNAMIC FUND,3.650.000.000,"4,79",A,CP
27-Feb-2026,BNII,BANK MAYBANK INDONESIA Tbk,GLOBAL AGILITY FUND,3.650.000.000,"4,79",A,CP
27-Feb-2026,BNII,BANK MAYBANK INDONESIA Tbk,PT PROSPERINDO,940.513.633,"1,23",L,CP
27-Feb-2026,BNLI,BANK PERMATA Tbk,BANGKOK BANK PUBLIC COMPANY LIMITED,32.244.827.604,"89,12",A,IB
27-Feb-2026,BNLI,BANK PERMATA Tbk,CITIGROUP GLOBAL MARKETS LIMITED,1.743.941.772,"4,82",A,SC
27-Feb-2026,BNLI,BANK PERMATA Tbk,BARCLAYS CAPITAL SECURITIES LIMITED,1.726.423.568,"4,77",A,IB
27-Feb-2026,BNLI,BANK PERMATA Tbk,PT. ASURANSI JIWA SEQUIS LIFE,361.813.743,"1,00",L,IS
27-Feb-2026,BOAT,NEWPORT MARINE SERVICES Tbk,SUJAYA SOEKARNO PUTRA,1.000.400.000,"28,57",L,ID
27-Feb-2026,BOAT,NEWPORT MARINE SERVICES Tbk,DHARMAWATI DJUHANA,750.400.000,"21,43",L,ID
27-Feb-2026,BOAT,NEWPORT MARINE SERVICES Tbk,SURYA SOEKARNO PUTRA,750.400.000,"21,43",L,ID
27-Feb-2026,BOAT,NEWPORT MARINE SERVICES Tbk,SUGIMAN HALIM,369.910.200,"10,56",L,ID
27-Feb-2026,BOAT,NEWPORT MARINE SERVICES Tbk,PT BERSAMA WEALTH MANAJEMEN,172.000.000,"4,91",L,CP
27-Feb-2026,BOAT,NEWPORT MARINE SERVICES Tbk,PT AKSARA MAJU UTAMA,136.688.600,"3,90",L,CP
27-Feb-2026,BOBA,FORMOSA INGREDIENT FACTORY Tbk,HENGKY WIJAYA,333.751.100,"28,88",L,ID
27-Feb-2026,BOBA,FORMOSA INGREDIENT FACTORY Tbk,"KURNIAMITRA DUTA SENTOSA TBK, PT",274.000.000,"23,71",L,CP
27-Feb-2026,BOBA,FORMOSA INGREDIENT FACTORY Tbk,TEXTURE MAKER ENTERPRISE CO LTD,172.784.000,"14,95",A,CP
27-Feb-2026,BOBA,FORMOSA INGREDIENT FACTORY Tbk,DEWI IRIANTY WIJAYA,67.773.900,"5,86",L,ID
27-Feb-2026,BOBA,FORMOSA INGREDIENT FACTORY Tbk,"PRESERVED FOOD SPECIALTY CO., LTD",50.775.000,"4,39",A,CP
27-Feb-2026,BOBA,FORMOSA INGREDIENT FACTORY Tbk,MISS PAPORN MAHATTANOBOL,50.775.000,"4,39",A,ID
27-Feb-2026,BOBA,FORMOSA INGREDIENT FACTORY Tbk,PEI-YI LIU TAMMY LIU,39.692.300,"3,43",A,ID
27-Feb-2026,BOBA,FORMOSA INGREDIENT FACTORY Tbk,YUNITA SUGIARTO EW,32.544.900,"2,82",L,ID
27-Feb-2026,BOBA,FORMOSA INGREDIENT FACTORY Tbk,BERNARD THEDYARDI,29.198.100,"2,53",L,ID
27-Feb-2026,BOBA,FORMOSA INGREDIENT FACTORY Tbk,DRS SURONO SUBEKTI,24.754.100,"2,14",L,ID
27-Feb-2026,BOBA,FORMOSA INGREDIENT FACTORY Tbk,AGNES WIRADIAN,23.420.600,"2,03",L,ID
27-Feb-2026,BOBA,FORMOSA INGREDIENT FACTORY Tbk,CHI YIN PETER WONG,16.000.000,"1,38",A,ID
27-Feb-2026,BOGA,APOLLO GLOBAL INTERACTIVE Tbk,GX ARCHIPELAGO PTE.LTD.,1.122.137.000,"29,50",A,CP
27-Feb-2026,BOGA,APOLLO GLOBAL INTERACTIVE Tbk,"PACIFIC LIFE INSURANCE, PT",187.580.400,"4,93",L,IS
27-Feb-2026,BOGA,APOLLO GLOBAL INTERACTIVE Tbk,"CAPITAL LIFE INDONESIA, PT",157.300.000,"4,14",L,IS
27-Feb-2026,BOGA,APOLLO GLOBAL INTERACTIVE Tbk,"BHINNEKA LIFE INDONESIA, PT",154.433.500,"4,06",L,IS
27-Feb-2026,BOGA,APOLLO GLOBAL INTERACTIVE Tbk,"CAPITAL LIFE SYARIAH, PT",146.375.500,"3,85",L,IS
27-Feb-2026,BOGA,APOLLO GLOBAL INTERACTIVE Tbk,"ZED UTAMA PERSADA, PT",133.474.600,"3,51",L,CP
27-Feb-2026,BOGA,APOLLO GLOBAL INTERACTIVE Tbk,PT. BARA SEJAHTERA SUKSES,113.054.300,"2,97",L,CP
27-Feb-2026,BOGA,APOLLO GLOBAL INTERACTIVE Tbk,PT TIRTA CITRA SOLUSI,112.280.100,"2,95",L,CP
27-Feb-2026,BOGA,APOLLO GLOBAL INTERACTIVE Tbk,PT ARIMA KARYA PERSADA,99.285.300,"2,61",L,CP
27-Feb-2026,BOGA,APOLLO GLOBAL INTERACTIVE Tbk,PT. ALANA CIPTA SELARAS,93.326.186,"2,45",L,CP
27-Feb-2026,BOGA,APOLLO GLOBAL INTERACTIVE Tbk,REKSA DANA SUCORINVEST EQUITY PRIMA FUND,88.656.300,"2,33",L,MF
27-Feb-2026,BOGA,APOLLO GLOBAL INTERACTIVE Tbk,EASTERN PEAK GROUP CORPORATION,80.000.000,"2,10",A,OT
27-Feb-2026,BOGA,APOLLO GLOBAL INTERACTIVE Tbk,PT.Pacific Indocorpora Indonesia,77.635.000,"2,04",L,CP
27-Feb-2026,BOGA,APOLLO GLOBAL INTERACTIVE Tbk,PT. Askar Pelangi Abadi,74.050.000,"1,95",L,CP
27-Feb-2026,BOGA,APOLLO GLOBAL INTERACTIVE Tbk,PT PACIFIC CAPITAL INVESTMENT,72.250.000,"1,90",L,SC
27-Feb-2026,BOGA,APOLLO GLOBAL INTERACTIVE Tbk,REKSA DANA SUCORINVEST EQUITY FUND,71.041.200,"1,87",L,MF
27-Feb-2026,BOGA,APOLLO GLOBAL INTERACTIVE Tbk,PT ASURANSI JIWA NASIONAL,67.846.000,"1,78",L,IS
27-Feb-2026,BOGA,APOLLO GLOBAL INTERACTIVE Tbk,PT. CAPITAL ASSET MANAGEMENT,63.700.000,"1,67",L,SC
27-Feb-2026,BOGA,APOLLO GLOBAL INTERACTIVE Tbk,PT SUMBER TEKNOLOGI MULIA,60.729.600,"1,60",L,CP
27-Feb-2026,BOGA,APOLLO GLOBAL INTERACTIVE Tbk,REKSA DANA CAPITAL EQUITY FUND,55.667.900,"1,46",L,MF
27-Feb-2026,BOGA,APOLLO GLOBAL INTERACTIVE Tbk,PT PACIFIC LIFE INSURANCE SYARIAH,52.600.000,"1,38",L,IS
27-Feb-2026,BOGA,APOLLO GLOBAL INTERACTIVE Tbk,PT PACIFIC SEKURITAS INDONESIA,52.300.000,"1,38",L,SC
27-Feb-2026,BOGA,APOLLO GLOBAL INTERACTIVE Tbk,FRESIA SUGIARTO,52.080.000,"1,37",L,ID
27-Feb-2026,BOGA,APOLLO GLOBAL INTERACTIVE Tbk,REKSA DANA SYARIAH SUCORINVEST SHARIA BALANCED FUND,51.290.900,"1,35",L,MF
27-Feb-2026,BOGA,APOLLO GLOBAL INTERACTIVE Tbk,REKSA DANA SUCORINVEST PREMIUM FUND,44.019.500,"1,16",L,MF
27-Feb-2026,BOGA,APOLLO GLOBAL INTERACTIVE Tbk,REKSA DANA CAPITAL BALANCED FUND,43.300.000,"1,14",L,MF
27-Feb-2026,BOGA,APOLLO GLOBAL INTERACTIVE Tbk,"CAPITAL GLOBAL STRATEGIC, PT",41.500.000,"1,09",L,CP
27-Feb-2026,BOLA,BALI BINTANG SEJAHTERA Tbk,PIETER TANURI,2.295.830.720,"38,26",L,ID
27-Feb-2026,BOLA,BALI BINTANG SEJAHTERA Tbk,PT ASURANSI CENTRAL ASIA,533.000.000,"8,88",L,IS
27-Feb-2026,BOLA,BALI BINTANG SEJAHTERA Tbk,PT ASURANSI JIWA CENTRAL ASIA RAYA,384.000.000,"6,40",L,IS
27-Feb-2026,BOLA,BALI BINTANG SEJAHTERA Tbk,AYU PATRICIA RACHMAT,304.627.000,"5,08",L,ID
27-Feb-2026,BOLA,BALI BINTANG SEJAHTERA Tbk,PT. INDOLIFE PENSIONTAMA,294.000.000,"4,90",L,IS
27-Feb-2026,BOLA,BALI BINTANG SEJAHTERA Tbk,FRANKY OESMAN WIDJAJA,249.850.000,"4,16",L,ID
27-Feb-2026,BOLA,BALI BINTANG SEJAHTERA Tbk,VERONICA COLONDAM,169.000.000,"2,82",L,ID
27-Feb-2026,BOLA,BALI BINTANG SEJAHTERA Tbk,YABES TANURI,150.000.000,"2,50",L,ID
27-Feb-2026,BOLA,BALI BINTANG SEJAHTERA Tbk,DBS BANK LTD.,127.720.000,"2,13",A,IB
27-Feb-2026,BOLA,BALI BINTANG SEJAHTERA Tbk,UOB KAY HIAN PRIVATE LIMITED,125.150.000,"2,09",A,SC
27-Feb-2026,BOLA,BALI BINTANG SEJAHTERA Tbk,MARUARAR SIRAIT,114.864.500,"1,91",L,ID
27-Feb-2026,BOLA,BALI BINTANG SEJAHTERA Tbk,PT PHILADEL TERRA LESTARI,96.150.000,"1,60",L,CP
27-Feb-2026,BOLA,BALI BINTANG SEJAHTERA Tbk,ANDHIKAPUTRI HIMAWAN,80.905.000,"1,35",L,ID
27-Feb-2026,BOLA,BALI BINTANG SEJAHTERA Tbk,TERRA KONSUMA INVESTAMA,66.878.600,"1,11",L,CP
27-Feb-2026,BOLA,BALI BINTANG SEJAHTERA Tbk,DIANA SUTANDI,64.090.200,"1,07",L,ID
27-Feb-2026,BOLT,GARUDA METALINDO Tbk,PT GARUDA MULTI INVESTAMA,1.445.000.000,"61,65",L,CP
27-Feb-2026,BOLT,GARUDA METALINDO Tbk,HERMAN WIJAYA,300.000.000,"12,80",L,ID
27-Feb-2026,BOLT,GARUDA METALINDO Tbk,ERVIN WIJAYA,112.500.000,"4,80",L,ID
27-Feb-2026,BOLT,GARUDA METALINDO Tbk,UOB KAY HIAN PRIVATE LIMITED,138.691.100,"5,92",A,SC
27-Feb-2026,BOLT,GARUDA METALINDO Tbk,ZICO TRUST (S) LTD,92.500.000,"3,95",A,CP
27-Feb-2026,BOLT,GARUDA METALINDO Tbk,DAIWA CAPITAL MARKETS SINGAPORE LIMITED-SUB A/C MEIJI SANGYO COMPANY,54.000.000,"2,30",A,CP
27-Feb-2026,BOLT,GARUDA METALINDO Tbk,PT ERSONS GLOBAL INVESTAMA,29.000.000,"1,24",L,CP
27-Feb-2026,BOLT,GARUDA METALINDO Tbk,PT WIJAYA PUTRA SUKSES,29.000.000,"1,24",L,CP
27-Feb-2026,BOSS,BORNEO OLAH SARANA SUKSES Tbk,PT MEGAH PRAKARSA UTAMA,190.138.786,"13,58",L,CP
27-Feb-2026,BOSS,BORNEO OLAH SARANA SUKSES Tbk,PT KENCANA UNGGUL SEMESTA,121.652.000,"8,69",L,CP
27-Feb-2026,BOSS,BORNEO OLAH SARANA SUKSES Tbk,PT SAPPHIRE MULIA ABADI,91.969.800,"6,57",L,CP
27-Feb-2026,BOSS,BORNEO OLAH SARANA SUKSES Tbk,KUMAR JAIRAMDAS AILDASANI,35.000.000,"2,50",L,ID
27-Feb-2026,BOSS,BORNEO OLAH SARANA SUKSES Tbk,ADI SUTONO,33.500.600,"2,39",L,ID
27-Feb-2026,BOSS,BORNEO OLAH SARANA SUKSES Tbk,JANNARDI,26.996.800,"1,93",L,ID
27-Feb-2026,BOSS,BORNEO OLAH SARANA SUKSES Tbk,ALAIN CRUYFF,26.214.500,"1,87",L,ID
27-Feb-2026,BOSS,BORNEO OLAH SARANA SUKSES Tbk,REKSA DANA NARADA SAHAM INDONESIA,22.368.000,"1,60",L,MF
27-Feb-2026,BOSS,BORNEO OLAH SARANA SUKSES Tbk,PT ANGGUN MILLING ESAJAYA,21.000.000,"1,50",L,CP
27-Feb-2026,BOSS,BORNEO OLAH SARANA SUKSES Tbk,CAI LONG,20.250.000,"1,45",A,ID
27-Feb-2026,BOSS,BORNEO OLAH SARANA SUKSES Tbk,BUCE LISAKAY,20.000.000,"1,43",L,ID
27-Feb-2026,BOSS,BORNEO OLAH SARANA SUKSES Tbk,YONGLIAN FANG,19.797.000,"1,41",L,ID
27-Feb-2026,BOSS,BORNEO OLAH SARANA SUKSES Tbk,REKSA DANA SYARIAH NARADA SAHAM BERKAH SYARIAH,18.284.300,"1,31",L,MF
27-Feb-2026,BOSS,BORNEO OLAH SARANA SUKSES Tbk,ZHONGWEI WEI,16.306.900,"1,16",L,ID
27-Feb-2026,BOSS,BORNEO OLAH SARANA SUKSES Tbk,PT RISCO KAPITAL UTAMA,16.000.000,"1,14",L,CP
27-Feb-2026,BOSS,BORNEO OLAH SARANA SUKSES Tbk,PT. TANJUNG INTI AGRO,15.537.173,"1,11",L,CP
27-Feb-2026,BOSS,BORNEO OLAH SARANA SUKSES Tbk,DEDY EFFENDI,14.556.500,"1,04",L,ID
27-Feb-2026,BPFI,WOORI FINANCE INDONESIA Tbk,"WOORI CARD CO., LTD.",2.193.552.006,"82,03",A,CP
27-Feb-2026,BPFI,WOORI FINANCE INDONESIA Tbk,"PT. BATAVIA PROSPERINDO INTERNASIONAL, TBK",208.108.444,"7,78",L,CP
27-Feb-2026,BPFI,WOORI FINANCE INDONESIA Tbk,UOB KAY HIAN PRIVATE LIMITED,109.328.200,"4,09",A,SC
27-Feb-2026,BPFI,WOORI FINANCE INDONESIA Tbk,PT KOREA INVESTMENT AND SEKURITAS INDONESIA - REGISTRAR,66.171.662,"2,47",L,SC
27-Feb-2026,BPFI,WOORI FINANCE INDONESIA Tbk,PT. Victoria Investama Tbk,27.739.500,"1,04",L,CP
27-Feb-2026,BPFI,WOORI FINANCE INDONESIA Tbk,PT. BINTANG MITRA SEMESTARAYA TBK,26.764.200,"1,00",L,CP
27-Feb-2026,BPII,BATAVIA PROSPERINDO INTERNASIONAL Tbk,MALACCA TRUST PTE. LTD.,8.881.734.000,"89,86",A,CP
27-Feb-2026,BPII,BATAVIA PROSPERINDO INTERNASIONAL Tbk,STRAIT MERCHANTS PTE. LTD.,488.444.400,"4,94",A,CP
27-Feb-2026,BPII,BATAVIA PROSPERINDO INTERNASIONAL Tbk,UOB KAY HIAN PRIVATE LIMITED,488.022.500,"4,94",A,SC
27-Feb-2026,BPTR,BATAVIA PROSPERINDO TRANS Tbk,"PT. BATAVIA PROSPERINDO INTERNASIONAL, TBK",2.381.968.773,"67,40",L,CP
27-Feb-2026,BPTR,BATAVIA PROSPERINDO TRANS Tbk,PT. Victoria Investama Tbk,370.212.200,"10,48",L,CP
27-Feb-2026,BPTR,BATAVIA PROSPERINDO TRANS Tbk,PT OSCARMAS,353.400.000,"10,00",L,CP
27-Feb-2026,BPTR,BATAVIA PROSPERINDO TRANS Tbk,Sutan Agri Resources Pte Ltd,147.186.100,"4,16",A,CP
27-Feb-2026,BPTR,BATAVIA PROSPERINDO TRANS Tbk,PAULUS HANDIGDO,69.638.600,"1,97",L,ID
27-Feb-2026,BRAM,INDO KORDSA Tbk,KORDSA TEKNIK TEKSTIL A.S.,277.193.068,"61,59",A,CP
27-Feb-2026,BRAM,INDO KORDSA Tbk,ENDANG LESTARI PUJIASTUTI,74.571.620,"16,57",L,ID
27-Feb-2026,BRAM,INDO KORDSA Tbk,PT RISJADSON SURYATAMA,25.231.500,"5,61",L,CP
27-Feb-2026,BRAM,INDO KORDSA Tbk,IEVAN DANIAR SUMAMPOW,21.864.097,"4,86",L,ID
27-Feb-2026,BRAM,INDO KORDSA Tbk,LEOTINE IERMA AGUSTINA.S,13.969.977,"3,10",L,ID
27-Feb-2026,BRAM,INDO KORDSA Tbk,IEFENN ADRIANNE SUMAMPOW,13.370.600,"2,97",L,ID
27-Feb-2026,BRAM,INDO KORDSA Tbk,PT. MITRASARI KARTIKATAMA,9.954.300,"2,21",L,CP
27-Feb-2026,BRAM,INDO KORDSA Tbk,ALDO PORSCHE,8.969.977,"1,99",A,ID
27-Feb-2026,BREN,BARITO RENEWABLES ENERGY Tbk,PT Barito Pacific Tbk,85.804.146.666,"64,14",L,CP
27-Feb-2026,BREN,BARITO RENEWABLES ENERGY Tbk,GREEN ERA ENERGY PTE.LTD.,30.673.313.100,"22,93",A,CP
27-Feb-2026,BREN,BARITO RENEWABLES ENERGY Tbk,JUPITER TIGER HOLDINGS,4.457.927.826,"3,33",A,MF
27-Feb-2026,BREN,BARITO RENEWABLES ENERGY Tbk,ZHAOCAI VCC - PRIME HILL FUND,4.237.937.367,"3,17",A,IB
27-Feb-2026,BRIS,BANK SYARIAH INDONESIA Tbk,PT BANK MANDIRI,23.740.608.436,"51,47",L,IB
27-Feb-2026,BRIS,BANK SYARIAH INDONESIA Tbk,PERUSAHAAN PERSEROAN (PERSERO) BANK NEGARA INDONESIA,10.720.230.418,"23,24",L,IB
27-Feb-2026,BRIS,BANK SYARIAH INDONESIA Tbk,"PT BANK RAKYAT INDONESIA (PERSERO), TBK",7.092.761.655,"15,38",L,IB
27-Feb-2026,BRIS,BANK SYARIAH INDONESIA Tbk,EMPLOYEES PROVIDENT FUND BOARD,575.293.700,"1,25",A,PF
27-Feb-2026,BRMS,BUMI RESOURCES MINERALS Tbk,EMIRATES TARIAN GLOBAL VENTURES SPC,35.592.738.434,"25,10",A,OT
27-Feb-2026,BRMS,BUMI RESOURCES MINERALS Tbk,GLAS TRUST (SINGAPORE) LTD.,10.784.607.811,"7,61",A,IB
27-Feb-2026,BRMS,BUMI RESOURCES MINERALS Tbk,SUGIMAN HALIM,10.568.888.888,"7,45",L,ID
27-Feb-2026,BRMS,BUMI RESOURCES MINERALS Tbk,CGS INTERNATIONAL SEKURITAS INDONESIA,7.439.770.171,"5,25",L,SC
27-Feb-2026,BRMS,BUMI RESOURCES MINERALS Tbk,PETROMINE ENERGY TRADING,6.067.891.376,"4,28",L,CP
27-Feb-2026,BRMS,BUMI RESOURCES MINERALS Tbk,PT TRIMEGAH SEKURITAS INDONESIA TBK,5.538.637.200,"3,91",L,SC
27-Feb-2026,BRMS,BUMI RESOURCES MINERALS Tbk,CGS INTERNATIONAL SECURITIES SINGAPORE PTE LTD,5.351.412.625,"3,77",A,IB
27-Feb-2026,BRMS,BUMI RESOURCES MINERALS Tbk,PT MAYBANK SEKURITAS INDONESIA - REGISTRAR,4.589.589.548,"3,24",L,SC
27-Feb-2026,BRMS,BUMI RESOURCES MINERALS Tbk,BUMI RESOURCES TBK,4.365.383.689,"3,08",L,CP
27-Feb-2026,BRMS,BUMI RESOURCES MINERALS Tbk,VANECK GOLD MINERS ETF,4.075.687.300,"2,87",A,MF
27-Feb-2026,BRMS,BUMI RESOURCES MINERALS Tbk,WEXLER CAPITAL PTE. LTD,3.100.000.032,"2,19",A,CP
27-Feb-2026,BRMS,BUMI RESOURCES MINERALS Tbk,VANECK JUNIOR GOLD MINERS ETF,2.118.119.600,"1,49",A,MF
27-Feb-2026,BRMS,BUMI RESOURCES MINERALS Tbk,PT Indotambang Perkasa,2.023.019.602,"1,43",L,CP
27-Feb-2026,BRMS,BUMI RESOURCES MINERALS Tbk,MAYBANK SECURITIES PTE. LTD.,1.850.479.200,"1,31",A,SC
27-Feb-2026,BRMS,BUMI RESOURCES MINERALS Tbk,CGS INTERNATIONAL SECURITIES HONG KONG LIMITED,1.777.700.000,"1,25",A,SC
27-Feb-2026,BRMS,BUMI RESOURCES MINERALS Tbk,PT AP INVESTMENT,1.704.000.000,"1,20",L,CP
27-Feb-2026,BRMS,BUMI RESOURCES MINERALS Tbk,PT. INDOLIFE PENSIONTAMA,1.577.237.160,"1,11",L,IS
27-Feb-2026,BRNA,BERLINA Tbk,PT DWI SATRYA UTAMA,534.252.162,"54,57",L,CP
27-Feb-2026,BRNA,BERLINA Tbk,KOMODO FUND,102.414.000,"10,46",A,MF
27-Feb-2026,BRNA,BERLINA Tbk,LISJANTO TJIPTOBIANTORO,49.774.000,"5,08",L,ID
27-Feb-2026,BRNA,BERLINA Tbk,ROLAND SWEDER HAAS,45.712.708,"4,67",L,ID
27-Feb-2026,BRNA,BERLINA Tbk,ROBERT FRANS VAN BUCHEM,37.921.010,"3,87",L,ID
27-Feb-2026,BRNA,BERLINA Tbk,PT NIAGA KARYA TUNGGAL,33.163.000,"3,39",L,CP
27-Feb-2026,BRNA,BERLINA Tbk,PT BHAKTI MEGAH PERKASA,22.764.447,"2,33",L,CP
27-Feb-2026,BRNA,BERLINA Tbk,PACIFIC CORAL LIMITED,22.383.000,"2,29",A,OT
27-Feb-2026,BRNA,BERLINA Tbk,PT PEMUDA JAYA RAYA,21.551.677,"2,20",L,CP
27-Feb-2026,BRNA,BERLINA Tbk,ATMADJA TJIPTOBIANTORO,20.154.200,"2,06",L,ID
27-Feb-2026,BRNA,BERLINA Tbk,PT CAKRAWALA MEGA SAKTI,19.891.379,"2,03",L,CP
27-Feb-2026,BRNA,BERLINA Tbk,RISFA ANDALUCIA FAHLEVIE,16.800.000,"1,72",L,ID
27-Feb-2026,BRNA,BERLINA Tbk,Roy Han Lok Tan,9.950.200,"1,02",L,ID
27-Feb-2026,BRPT,BARITO PACIFIC Tbk,PRAJOGO PANGESTU,66.910.030.165,"71,37",L,ID
27-Feb-2026,BRPT,BARITO PACIFIC Tbk,BANGKOK BANK PUBLIC COMPANY LIMITED,4.680.136.246,"4,99",A,IB
27-Feb-2026,BRPT,BARITO PACIFIC Tbk,BANK OF SINGAPORE LIMITED,2.675.482.038,"2,85",A,IB
27-Feb-2026,BRPT,BARITO PACIFIC Tbk,BOS LTD S/A ANBO HOLDINGS LIMITED,2.366.151.619,"2,52",A,OT
27-Feb-2026,BRPT,BARITO PACIFIC Tbk,DBS VICKERS SECS SINGAPORE (PTE) LTD A/C CLIENTS,1.429.362.858,"1,52",A,SC
27-Feb-2026,BRPT,BARITO PACIFIC Tbk,UOB KAY HIAN PRIVATE LIMITED,1.281.214.243,"1,37",A,SC
27-Feb-2026,BRRC,RAJA ROTI CEMERLANG Tbk,ARI SUDARSONO,421.936.056,"42,42",L,ID
27-Feb-2026,BRRC,RAJA ROTI CEMERLANG Tbk,NOPRIAN FADLI,60.603.600,"6,09",L,ID
27-Feb-2026,BRRC,RAJA ROTI CEMERLANG Tbk,AGUS SUMARJITO,52.482.536,"5,28",L,ID
27-Feb-2026,BRRC,RAJA ROTI CEMERLANG Tbk,"GRANADA GLOBAL INDUSTRI, PT",49.113.708,"4,94",L,CP
27-Feb-2026,BRRC,RAJA ROTI CEMERLANG Tbk,HENG NATALIA,22.288.800,"2,24",L,ID
27-Feb-2026,BSBK,WULANDARI BANGUN LAKSANA Tbk,CLARISSA ADY SUMASTO TJIA,10.000.000.000,"39,85",L,ID
27-Feb-2026,BSBK,WULANDARI BANGUN LAKSANA Tbk,CHRISTOPHER SUMASTO TJIA,10.000.000.000,"39,85",L,ID
27-Feb-2026,BSBK,WULANDARI BANGUN LAKSANA Tbk,GLORY VENTURE CAPITAL LTD,1.312.116.139,"5,23",L,CP
27-Feb-2026,BSBK,WULANDARI BANGUN LAKSANA Tbk,HADDONSTON VIZ VENTURES PTE LTD,1.029.597.258,"4,10",L,CP
27-Feb-2026,BSBK,WULANDARI BANGUN LAKSANA Tbk,MANDIRI INVESTASI BERSAMA PT,252.639.600,"1,01",L,CP
27-Feb-2026,BSDE,BUMI SERPONG DAMAI Tbk,"PARAGA ARTAMIDA, PT",6.461.120.464,"30,52",,
27-Feb-2026,BSDE,BUMI SERPONG DAMAI Tbk,PT EKACENTRA USAHAMAJU,5.425.964.486,"25,63",L,CP
27-Feb-2026,BSDE,BUMI SERPONG DAMAI Tbk,PT PARAGA ARTAMIDA,1.440.686.600,"6,80",L,CP
27-Feb-2026,BSDE,BUMI SERPONG DAMAI Tbk,MORNING BRIGHT INVESTMENTS LIMITED,921.961.600,"4,35",A,CP
27-Feb-2026,BSDE,BUMI SERPONG DAMAI Tbk,EUROTRADE DEVELOPMENTS LIMITED,788.392.100,"3,72",A,CP
27-Feb-2026,BSDE,BUMI SERPONG DAMAI Tbk,PT. PARAGA ARTA MIDA,621.055.400,"2,93",L,CP
27-Feb-2026,BSDE,BUMI SERPONG DAMAI Tbk,DJS KETENAGAKERJAAN PROGRAM JAMINAN HARI TUA,572.129.400,"2,70",L,IS
27-Feb-2026,BSDE,BUMI SERPONG DAMAI Tbk,PT. SIMAS TUNGGAL CENTER,375.941.470,"1,78",L,CP
27-Feb-2026,BSDE,BUMI SERPONG DAMAI Tbk,GOVERNMENT OF NORWAY,335.404.600,"1,58",A,OT
27-Feb-2026,BSDE,BUMI SERPONG DAMAI Tbk,BUMI SERPONG DAMAI TBK PT,257.970.700,"1,22",L,CP
27-Feb-2026,BSDE,BUMI SERPONG DAMAI Tbk,"METROPOLITAN TRANSCITIES INDONESIA, PT",256.923.130,"1,21",,
27-Feb-2026,BSDE,BUMI SERPONG DAMAI Tbk,PT TASPEN (PERSERO),230.304.100,"1,09",L,IS
27-Feb-2026,BSIM,BANK SINAR MAS Tbk,PT SINAR MAS MULTIARTHA Tbk,11.826.853.600,"59,99",L,CP
27-Feb-2026,BSIM,BANK SINAR MAS Tbk,PT. SHINTA UTAMA,985.189.711,"5,00",L,CP
27-Feb-2026,BSIM,BANK SINAR MAS Tbk,PT PASAR DANA PINJAMAN,713.256.176,"3,62",L,CP
27-Feb-2026,BSIM,BANK SINAR MAS Tbk,PT SINARTAMA GUNITA,688.265.732,"3,49",L,CP
27-Feb-2026,BSIM,BANK SINAR MAS Tbk,UBS AG SINGAPORE BRANCH,597.204.710,"3,03",A,IB
27-Feb-2026,BSIM,BANK SINAR MAS Tbk,SHENTON WORLD FUND LTD,545.590.174,"2,77",A,MF
27-Feb-2026,BSIM,BANK SINAR MAS Tbk,PT NUSANTARA INDAH CEMERLANG,452.774.630,"2,30",L,CP
27-Feb-2026,BSIM,BANK SINAR MAS Tbk,ASIA VALUE INVESTMENT PTE.LTD,449.498.601,"2,28",A,IB
27-Feb-2026,BSIM,BANK SINAR MAS Tbk,CLARK QUAY INVESTMENT PTE LTD,447.036.813,"2,27",A,IB
27-Feb-2026,BSIM,BANK SINAR MAS Tbk,CALDECOTT HILL FUND LTD,443.038.550,"2,25",A,SC
27-Feb-2026,BSIM,BANK SINAR MAS Tbk,DIAN CIPTAMAS AGUNG PT,436.399.284,"2,21",L,CP
27-Feb-2026,BSIM,BANK SINAR MAS Tbk,PT SISTEM LOKA TRIPRIMA,378.698.200,"1,92",L,CP
27-Feb-2026,BSIM,BANK SINAR MAS Tbk,CASCADEN INVESTMENT LIMITED,341.939.669,"1,73",A,IB
27-Feb-2026,BSIM,BANK SINAR MAS Tbk,PT. ARARA ABADI,212.208.100,"1,08",L,CP
27-Feb-2026,BSIM,BANK SINAR MAS Tbk,SINAR MAS CAKRAWALA,202.800.000,"1,03",L,CP
27-Feb-2026,BSML,BINTANG SAMUDERA MANDIRI LINES Tbk,PT GOLDFIVE INVESTMENT CAPITAL,676.460.165,"36,56",L,CP
27-Feb-2026,BSML,BINTANG SAMUDERA MANDIRI LINES Tbk,NENGAH RAMA GAUTAMA,259.000.000,"14,00",L,ID
27-Feb-2026,BSML,BINTANG SAMUDERA MANDIRI LINES Tbk,ANDRIANSYAH PRAYITNO,208.601.000,"11,27",L,ID
27-Feb-2026,BSML,BINTANG SAMUDERA MANDIRI LINES Tbk,"SANCA GRIYA MODALINDO, PT",97.893.400,"5,29",L,CP
27-Feb-2026,BSML,BINTANG SAMUDERA MANDIRI LINES Tbk,DAVID DESANAN ANAN W,74.020.000,"4,00",L,ID
27-Feb-2026,BSML,BINTANG SAMUDERA MANDIRI LINES Tbk,ARIYANTI PELITA SARI,74.020.000,"4,00",L,ID
27-Feb-2026,BSML,BINTANG SAMUDERA MANDIRI LINES Tbk,PRAMAYARI HARDIAN D,74.020.000,"4,00",L,ID
27-Feb-2026,BSML,BINTANG SAMUDERA MANDIRI LINES Tbk,PT GAPANINDO WIRA SEMESTA,47.190.000,"2,55",L,CP
27-Feb-2026,BSML,BINTANG SAMUDERA MANDIRI LINES Tbk,UOB KAY HIAN PRIVATE LIMITED,34.380.000,"1,86",A,SC
27-Feb-2026,BSML,BINTANG SAMUDERA MANDIRI LINES Tbk,DMS INVESTAMA PT,31.526.700,"1,70",L,CP
27-Feb-2026,BSML,BINTANG SAMUDERA MANDIRI LINES Tbk,PT DANA LUAS INVESTASI,31.095.700,"1,68",L,CP
27-Feb-2026,BSML,BINTANG SAMUDERA MANDIRI LINES Tbk,"UBS AG, LONDON",29.563.500,"1,60",A,IB
27-Feb-2026,BSML,BINTANG SAMUDERA MANDIRI LINES Tbk,BARCLAYS CAPITAL SECURITIES LIMITED,26.270.500,"1,42",A,IB
27-Feb-2026,BSML,BINTANG SAMUDERA MANDIRI LINES Tbk,JP MORGAN SECURITIES PLC,24.340.700,"1,32",A,IB
27-Feb-2026,BSML,BINTANG SAMUDERA MANDIRI LINES Tbk,DIMITRI LIANI,20.950.000,"1,13",L,ID
27-Feb-2026,BSSR,BARAMULTI SUKSESSARANA Tbk,PT WAHANA SENTOSA CEMERLANG,1.308.280.674,"50,00",L,CP
27-Feb-2026,BSSR,BARAMULTI SUKSESSARANA Tbk,TATA POWER INTERNATIONAL PTE LIMITED,680.290.000,"26,00",A,CP
27-Feb-2026,BSSR,BARAMULTI SUKSESSARANA Tbk,GS ENERGY CORPORATION,254.847.100,"9,74",A,CP
27-Feb-2026,BSSR,BARAMULTI SUKSESSARANA Tbk,PT GS GLOBAL RESOURCES,130.825.000,"5,00",L,CP
27-Feb-2026,BSWD,BANK OF INDIA INDONESIA Tbk,BANK OF INDIA,3.355.488.000,"90,96",A,CP
27-Feb-2026,BSWD,BANK OF INDIA INDONESIA Tbk,PT. PANCA MANTRA JAYA,184.037.991,"4,99",L,CP
27-Feb-2026,BSWD,BANK OF INDIA INDONESIA Tbk,DEEPAK RUPO CHUGANI,61.954.784,"1,68",L,ID
27-Feb-2026,BTEK,BUMI TEKNOKULTURA UNGGUL Tbk,GOLDEN HARVEST COCOA LTD,19.247.528.400,"41,59",A,CP
27-Feb-2026,BTEK,BUMI TEKNOKULTURA UNGGUL Tbk,PERUSAHAAN PERSEROAN (PERSERO) PT. ASABRI,4.557.527.258,"9,85",L,IS
27-Feb-2026,BTEK,BUMI TEKNOKULTURA UNGGUL Tbk,UBS SWITZERLAND AG,1.784.404.888,"3,86",A,IB
27-Feb-2026,BTEK,BUMI TEKNOKULTURA UNGGUL Tbk,REKSA DANA EMCO MANTAP,1.184.713.400,"2,56",L,MF
27-Feb-2026,BTEK,BUMI TEKNOKULTURA UNGGUL Tbk,REKSA DANA POOL ADVISTA KAPITAL OPTIMAL,1.093.631.800,"2,36",L,MF
27-Feb-2026,BTEK,BUMI TEKNOKULTURA UNGGUL Tbk,Reksa Dana Pan Arcadia Dana Saham Bertumbuh,890.893.000,"1,93",L,MF
27-Feb-2026,BTEK,BUMI TEKNOKULTURA UNGGUL Tbk,REKSA DANA EMCO GROWTH FUND,853.900.400,"1,85",L,MF
27-Feb-2026,BTEK,BUMI TEKNOKULTURA UNGGUL Tbk,REKSA DANA SYARIAH TREASURE SAHAM BERKAH SYARIAH,577.121.000,"1,25",L,MF
27-Feb-2026,BTEL,BAKRIE TELECOM Tbk,PT. HUAWEI TECH INVESTMENT,6.189.313.980,"16,81",L,CP
27-Feb-2026,BTEL,BAKRIE TELECOM Tbk,PT MAHINDO AGUNG SENTOSA,5.000.439.000,"13,58",L,CP
27-Feb-2026,BTEL,BAKRIE TELECOM Tbk,PT BIOFUEL INDO SUMATRA,3.145.050.000,"8,54",L,CP
27-Feb-2026,BTEL,BAKRIE TELECOM Tbk,PT. Bakrie Global Ventura,2.639.582.576,"7,17",L,CP
27-Feb-2026,BTEL,BAKRIE TELECOM Tbk,"RAIFFEISEN BANK INTERNATIONAL AG, SINGAPORE BRANCH S/A BEST QUALITY GLOBAL LIMITED",2.213.279.000,"6,01",A,OT
27-Feb-2026,BTEL,BAKRIE TELECOM Tbk,PT JASA INVESTINDO,1.613.331.000,"4,38",L,CP
27-Feb-2026,BTEL,BAKRIE TELECOM Tbk,"UBS AG, LONDON",1.293.561.470,"3,51",A,IB
27-Feb-2026,BTEL,BAKRIE TELECOM Tbk,JAKSA AGUNG MUDA BIDANG TINDAK PIDANA KHUSUS KEJAKSAAN REPUBLIK INDONESIA KEJAKSAAN REPUBLIK INDONESIA,1.235.421.231,"3,36",L,OT
27-Feb-2026,BTEL,BAKRIE TELECOM Tbk,PT. ASURANSI JIWA IFG,1.158.858.923,"3,15",L,IS
27-Feb-2026,BTEL,BAKRIE TELECOM Tbk,PT MINNA PADI INVESTAMA SEKURITAS TBK,868.897.500,"2,36",L,SC
27-Feb-2026,BTEL,BAKRIE TELECOM Tbk,REKSA DANA MINNA PADI KERATON II,515.000.000,"1,40",L,MF
27-Feb-2026,BTEL,BAKRIE TELECOM Tbk,REKSA DANA OSO FLORES EQUITY FUND,501.000.000,"1,36",L,MF
27-Feb-2026,BTEL,BAKRIE TELECOM Tbk,PT Recapital Sekuritas Indonesia (REKENING TAMPUNGAN KSEI UNTUK CLOSED MEMBER-LK001),500.000.000,"1,36",L,SC
27-Feb-2026,BTEL,BAKRIE TELECOM Tbk,EDY SUWARNO AL JAP L SING,446.406.300,"1,21",L,ID
27-Feb-2026,BTEL,BAKRIE TELECOM Tbk,ISMAIL ALI,422.686.091,"1,15",L,ID
27-Feb-2026,BTEL,BAKRIE TELECOM Tbk,EVELINE LISTIJOSUPUTRO,385.957.905,"1,05",L,ID
27-Feb-2026,BTON,BETONJAYA MANUNGGAL Tbk,GWIE GUNADI GUNAWAN,258.750.000,"35,94",L,ID
27-Feb-2026,BTON,BETONJAYA MANUNGGAL Tbk,GWIE GUNATO GUNAWAN,258.750.000,"35,94",L,ID
27-Feb-2026,BTON,BETONJAYA MANUNGGAL Tbk,EDDO CHANDRA,37.030.000,"5,14",L,ID
27-Feb-2026,BTON,BETONJAYA MANUNGGAL Tbk,JENNY TANUJAYA,34.500.000,"4,79",L,ID
27-Feb-2026,BTON,BETONJAYA MANUNGGAL Tbk,WONG RATNAWATI,28.750.000,"3,99",L,ID
27-Feb-2026,BTON,BETONJAYA MANUNGGAL Tbk,GWIE RATNA DJUWITA GUNAWAN,28.750.000,"3,99",L,ID
27-Feb-2026,BTON,BETONJAYA MANUNGGAL Tbk,MAYBANK GLOBAL GROWTH FUND VCC - MAYBANK GLOBAL GROWTH FUND 2,12.004.000,"1,67",A,IB
27-Feb-2026,BTON,BETONJAYA MANUNGGAL Tbk,BRYAN WANGSAWIDJAJA,11.500.000,"1,60",L,ID
27-Feb-2026,BTON,BETONJAYA MANUNGGAL Tbk,BEATRICE WANGSAWIDJAJA,11.500.000,"1,60",L,ID
27-Feb-2026,BTON,BETONJAYA MANUNGGAL Tbk,BRYNA WANGSAWIDJAJA,11.500.000,"1,60",L,ID
27-Feb-2026,BTON,BETONJAYA MANUNGGAL Tbk,DIDI SENTOSA SUTEDJA,10.316.900,"1,43",L,ID
27-Feb-2026,BTPN,BANK SMBC INDONESIA Tbk,SUMITOMO MITSUI BANKING CORPORATION,9.692.826.975,"91,05",A,IB
27-Feb-2026,BTPN,BANK SMBC INDONESIA Tbk,"UBS AG, LONDON",400.000.963,"3,76",A,IB
27-Feb-2026,BTPN,BANK SMBC INDONESIA Tbk,BARCLAYS CAPITAL SECURITIES LIMITED,200.000.200,"1,88",A,IB
27-Feb-2026,BTPN,BANK SMBC INDONESIA Tbk,CITIGROUP GLOBAL MARKETS LIMITED,200.000.000,"1,88",A,SC
27-Feb-2026,BTPN,BANK SMBC INDONESIA Tbk,"BANK CENTRAL ASIA Tbk, PT",109.742.058,"1,03",L,IB
27-Feb-2026,BTPS,BANK BTPN SYARIAH Tbk,PT Bank SMBC Indonesia Tbk,5.392.590.000,"70,00",L,IB
27-Feb-2026,BTPS,BANK BTPN SYARIAH Tbk,THE NT TST CO S/A CIM INVESTMENT FUND ICAV,225.098.700,"2,92",A,MF
27-Feb-2026,BTPS,BANK BTPN SYARIAH Tbk,GOVERNMENT OF NORWAY,206.369.400,"2,68",A,OT
27-Feb-2026,BTPS,BANK BTPN SYARIAH Tbk,GSCO LLC S/A ESCHATON OPPORTUNITIES FUND II LP,140.158.492,"1,82",A,IB
27-Feb-2026,BUAH,SEGAR KUMALA INDONESIA Tbk,HENDRO SUSILO,730.000.000,"36,50",L,ID
27-Feb-2026,BUAH,SEGAR KUMALA INDONESIA Tbk,MICHEAL IKSAN SUSILO,480.000.000,"24,00",L,ID
27-Feb-2026,BUAH,SEGAR KUMALA INDONESIA Tbk,TEBAR JALA KORPORA PT,111.753.000,"5,59",L,CP
27-Feb-2026,BUAH,SEGAR KUMALA INDONESIA Tbk,FARREL NOBEL,89.528.400,"4,48",L,ID
27-Feb-2026,BUAH,SEGAR KUMALA INDONESIA Tbk,LAY VINA,89.509.800,"4,48",L,ID
27-Feb-2026,BUAH,SEGAR KUMALA INDONESIA Tbk,FABIAN MARDI,89.583.000,"4,48",L,ID
27-Feb-2026,BUAH,SEGAR KUMALA INDONESIA Tbk,SUTOMO,85.320.600,"4,27",L,ID
27-Feb-2026,BUAH,SEGAR KUMALA INDONESIA Tbk,NG SIN SENG,80.000.000,"4,00",L,ID
27-Feb-2026,BUAH,SEGAR KUMALA INDONESIA Tbk,KOJOTO BUDIMAN,63.408.400,"3,17",L,ID
27-Feb-2026,BUAH,SEGAR KUMALA INDONESIA Tbk,HERMAN SUSILO,34.401.200,"1,72",L,ID
27-Feb-2026,BUAH,SEGAR KUMALA INDONESIA Tbk,MICHELLE JOCELYN,27.625.800,"1,38",L,ID
27-Feb-2026,BUAH,SEGAR KUMALA INDONESIA Tbk,RENNY LAUREN,20.906.000,"1,05",L,ID
27-Feb-2026,BUDI,BUDI STARCH & SWEETENER Tbk,PT BUDI DELTA SWAKARYA,1.487.271.833,"33,06",L,CP
27-Feb-2026,BUDI,BUDI STARCH & SWEETENER Tbk,PT SUNGAI BUDI,1.201.296.998,"26,70",L,CP
27-Feb-2026,BUDI,BUDI STARCH & SWEETENER Tbk,UOB KAY HIAN PRIVATE LIMITED,347.762.698,"7,73",A,SC
27-Feb-2026,BUDI,BUDI STARCH & SWEETENER Tbk,ATRIUM ASIA INVESTMENT MANAGEMENT PTE LTD.,223.480.000,"4,97",A,CP
27-Feb-2026,BUDI,BUDI STARCH & SWEETENER Tbk,MAYBANK SECURITIES PTE. LTD.,221.349.100,"4,92",A,SC
27-Feb-2026,BUDI,BUDI STARCH & SWEETENER Tbk,BONHAM NOMINEES PTE LTD,216.257.166,"4,81",A,CP
27-Feb-2026,BUDI,BUDI STARCH & SWEETENER Tbk,DBS VICKERS SECS SINGAPORE (PTE) LTD A/C CLIENTS,208.326.800,"4,63",A,SC
27-Feb-2026,BUDI,BUDI STARCH & SWEETENER Tbk,CGS INTERNATIONAL SECURITIES SINGAPORE PTE LTD,203.697.599,"4,53",A,IB
27-Feb-2026,BUDI,BUDI STARCH & SWEETENER Tbk,PHILLIP SECURITIES PTE LTD,187.381.466,"4,16",A,SC
27-Feb-2026,BUKA,BUKALAPAK.COM Tbk,KREATIF MEDIA KARYA PT,46.321.746.385,"44,91",L,CP
27-Feb-2026,BUKA,BUKALAPAK.COM Tbk,PT ELANG MAHKOTA TEKNOLOGI TBK,10.821.706.040,"10,49",L,CP
27-Feb-2026,BUKA,BUKALAPAK.COM Tbk,BUKALAPAK.COM TBK PT,10.786.007.907,"10,46",L,CP
27-Feb-2026,BUKA,BUKALAPAK.COM Tbk,EMPLOYEES PROVIDENT FUND BOARD,2.301.614.200,"2,23",A,PF
27-Feb-2026,BUKA,BUKALAPAK.COM Tbk,MIRAE ASSET NAVER ASIA GROWTH INVESTMENT PTE LTD,1.857.930.509,"1,80",A,CP
27-Feb-2026,BUKA,BUKALAPAK.COM Tbk,WILLIX HALIM,1.438.287.844,"1,39",L,ID
27-Feb-2026,BUKA,BUKALAPAK.COM Tbk,ACHMAD ZAKY SYAIFUDIN,1.238.240.242,"1,20",L,ID
27-Feb-2026,BUKA,BUKALAPAK.COM Tbk,MUHAMAD FAJRIN RASYID,1.221.500.033,"1,18",L,ID
27-Feb-2026,BUKK,BUKAKA TEKNIK UTAMA Tbk,SOLIHIN JUSUF KALLA,789.812.604,"29,91",L,ID
27-Feb-2026,BUKK,BUKAKA TEKNIK UTAMA Tbk,IR ACHMAD KALLA,674.951.762,"25,56",L,ID
27-Feb-2026,BUKK,BUKAKA TEKNIK UTAMA Tbk,SUHAELLY KALLA,418.017.080,"15,83",L,ID
27-Feb-2026,BUKK,BUKAKA TEKNIK UTAMA Tbk,DRS SUHAELI KALLA,382.472.710,"14,49",L,ID
27-Feb-2026,BUKK,BUKAKA TEKNIK UTAMA Tbk,KOPERASI PURNA BAKTI ENERGI,116.896.974,"4,43",L,OT
27-Feb-2026,BUKK,BUKAKA TEKNIK UTAMA Tbk,NADIA ACHMAD,50.999.122,"1,93",L,ID
27-Feb-2026,BUKK,BUKAKA TEKNIK UTAMA Tbk,LAILA ACHMAD,46.999.122,"1,78",L,ID
27-Feb-2026,BUKK,BUKAKA TEKNIK UTAMA Tbk,PT BUKAKA INVESTINDO,36.901.500,"1,40",L,CP
27-Feb-2026,BULL,BUANA LINTAS LAUTAN Tbk,PT DELTA ROYAL SEJAHTERA,2.251.898.042,"14,53",L,CP
27-Feb-2026,BULL,BUANA LINTAS LAUTAN Tbk,FORTUNE STREET LIMITED,1.408.585.144,"9,09",A,CP
27-Feb-2026,BULL,BUANA LINTAS LAUTAN Tbk,PT. KB VALBURY SEKURITAS,1.060.000.000,"6,84",L,SC
27-Feb-2026,BULL,BUANA LINTAS LAUTAN Tbk,INTERVENTURES CAPITAL PTE. LTD,771.000.000,"4,98",A,OT
27-Feb-2026,BULL,BUANA LINTAS LAUTAN Tbk,KINGSWOOD UNION CORPORATION,664.974.200,"4,29",A,OT
27-Feb-2026,BULL,BUANA LINTAS LAUTAN Tbk,ARIES LIMAN,398.444.400,"2,57",L,ID
27-Feb-2026,BULL,BUANA LINTAS LAUTAN Tbk,"PANIN SEKURITAS Tbk, PT",338.055.039,"2,18",L,SC
27-Feb-2026,BULL,BUANA LINTAS LAUTAN Tbk,WONG KEVIN,298.137.950,"1,92",L,ID
27-Feb-2026,BULL,BUANA LINTAS LAUTAN Tbk,UBS AG SINGAPORE BRANCH,210.468.100,"1,36",A,IB
27-Feb-2026,BULL,BUANA LINTAS LAUTAN Tbk,PT DANATAMA MAKMUR SEKURITAS,203.108.094,"1,31",L,SC
27-Feb-2026,BULL,BUANA LINTAS LAUTAN Tbk,PT TRUKINDO PERSADA SEJAHTERA,196.130.500,"1,27",L,CP
27-Feb-2026,BULL,BUANA LINTAS LAUTAN Tbk,Sylvia,184.753.100,"1,19",L,ID
27-Feb-2026,BULL,BUANA LINTAS LAUTAN Tbk,PT DANATAMA KAPITAL INVESTAMA,182.577.694,"1,18",L,CP
27-Feb-2026,BULL,BUANA LINTAS LAUTAN Tbk,NAN HUI MARITIME (PTE) LTD,164.160.326,"1,06",A,CP
27-Feb-2026,BULL,BUANA LINTAS LAUTAN Tbk,NAN HUA MARITIME (PTE) LTD,164.430.450,"1,06",A,CP
27-Feb-2026,BUMI,BUMI RESOURCES Tbk,Mach Energy (Hongkong) Limited,170.000.000.000,"45,78",A,CP
27-Feb-2026,BUMI,BUMI RESOURCES Tbk,UBS SWITZERLAND AG,18.948.730.283,"5,10",A,IB
27-Feb-2026,BUMI,BUMI RESOURCES Tbk,CRIS DEVELOPMENTS LIMITED,14.771.574.700,"3,98",A,CP
27-Feb-2026,BUMI,BUMI RESOURCES Tbk,Treasure Global Investments Limited,11.805.000.000,"3,18",A,CP
27-Feb-2026,BUMI,BUMI RESOURCES Tbk,GLAS TRUST (SINGAPORE) LTD.,7.716.639.554,"2,08",A,IB
27-Feb-2026,BUMI,BUMI RESOURCES Tbk,PT BAKRIE CAPITAL INDONESIA,4.390.143.957,"1,18",L,CP
27-Feb-2026,BUMI,BUMI RESOURCES Tbk,BANK OF SINGAPORE LIMITED,3.853.411.201,"1,04",A,IB
27-Feb-2026,BUVA,BUKIT ULUWATU VILLA Tbk,NUSANTARA UTAMA INVESTAMA PT,15.173.281.772,"61,64",L,CP
27-Feb-2026,BUVA,BUKIT ULUWATU VILLA Tbk,PT TATA TIRTA DATUN,969.574.600,"3,94",L,CP
27-Feb-2026,BUVA,BUKIT ULUWATU VILLA Tbk,FARPOINT LIMITED,720.756.608,"2,93",A,CP
27-Feb-2026,BUVA,BUKIT ULUWATU VILLA Tbk,PT BASIS UTAMA PRIMA,709.826.076,"2,88",L,CP
27-Feb-2026,BUVA,BUKIT ULUWATU VILLA Tbk,"LIKUPANG GRHA SENTOSA PROPERTI, PT",573.285.407,"2,33",L,CP
27-Feb-2026,BUVA,BUKIT ULUWATU VILLA Tbk,CASK & CASH PTE. LTD.,479.436.859,"1,95",A,CP
27-Feb-2026,BUVA,BUKIT ULUWATU VILLA Tbk,ALBERT KURNIAWAN BUDI S,477.572.682,"1,94",L,ID
27-Feb-2026,BUVA,BUKIT ULUWATU VILLA Tbk,GARUDA ONE VCC - ALPHA EDGE VENTURES,392.094.286,"1,59",A,OT
27-Feb-2026,BUVA,BUKIT ULUWATU VILLA Tbk,FERRY SUDJONO,299.083.186,"1,21",L,ID
27-Feb-2026,BVIC,BANK VICTORIA INTERNATIONAL Tbk,PT. Victoria Investama Tbk,7.381.035.600,"40,07",L,CP
27-Feb-2026,BVIC,BANK VICTORIA INTERNATIONAL Tbk,VICTORIA INVESTAMA TBK,3.701.036.342,"20,09",L,CP
27-Feb-2026,BVIC,BANK VICTORIA INTERNATIONAL Tbk,Chemical Asia Corporation PTE. LTD.,1.958.234.404,"10,63",A,CP
27-Feb-2026,BVIC,BANK VICTORIA INTERNATIONAL Tbk,SUZANNA TANOJO,1.163.587.703,"6,32",L,ID
27-Feb-2026,BVIC,BANK VICTORIA INTERNATIONAL Tbk,PT. BINTANG MITRA SEMESTARAYA TBK,850.186.000,"4,62",L,CP
27-Feb-2026,BVIC,BANK VICTORIA INTERNATIONAL Tbk,DEG-DEUTSCHE INV UND EG MBH,780.394.335,"4,24",A,IB
27-Feb-2026,BVIC,BANK VICTORIA INTERNATIONAL Tbk,TRANS-UNIVERSAL HOLDINGS LTD,349.503.648,"1,90",A,OT
27-Feb-2026,BVIC,BANK VICTORIA INTERNATIONAL Tbk,Louise Li,579.591.915,"3,15",A,ID
27-Feb-2026,BWPT,"EAGLE HIGH PLANTATIONS, Tbk",CS AG SG BR S/A PT RAJAWALI CAPITAL INTERNATIONAL-2023334066,11.886.121.516,"37,70",L,CP
27-Feb-2026,BWPT,"EAGLE HIGH PLANTATIONS, Tbk",FIC PROPERTIES SDN BHD,11.664.357.670,"37,00",A,MF
27-Feb-2026,BWPT,"EAGLE HIGH PLANTATIONS, Tbk",UBS AG HONG KONG,1.090.075.000,"3,46",A,IB
27-Feb-2026,BWPT,"EAGLE HIGH PLANTATIONS, Tbk","REZEKI SELARAS PERKASA, PT",805.274.800,"2,55",L,CP
27-Feb-2026,BWPT,"EAGLE HIGH PLANTATIONS, Tbk",PT TASPEN (PERSERO),656.857.500,"2,08",L,IS
27-Feb-2026,BWPT,"EAGLE HIGH PLANTATIONS, Tbk","PT. EAGLE HIGH PLANTATIONS, TBK",402.922.800,"1,28",L,CP
27-Feb-2026,BYAN,BAYAN RESOURCES Tbk,LOW TUCK KWONG,13.406.921.870,"40,22",L,ID
27-Feb-2026,BYAN,BAYAN RESOURCES Tbk,ELAINE LOW,7.333.333.700,"22,00",A,ID
27-Feb-2026,BYAN,BAYAN RESOURCES Tbk,"SUMBER SURYADAYA PRIMA, PT",3.333.380.000,"10,00",L,CP
27-Feb-2026,BYAN,BAYAN RESOURCES Tbk,"KOREA EAST-WEST POWER CO,LTD.",1.333.333.400,"4,00",A,CP
27-Feb-2026,BYAN,BAYAN RESOURCES Tbk,"KOREA WESTERN POWER CO.,LTD.",1.333.333.400,"4,00",A,CP
27-Feb-2026,BYAN,BAYAN RESOURCES Tbk,"KOREA SOUTHERN POWER CO.,LTD.",1.333.333.400,"4,00",A,CP
27-Feb-2026,BYAN,BAYAN RESOURCES Tbk,"KOREA MIDLAND POWER CO.,LTD.",1.333.333.400,"4,00",A,CP
27-Feb-2026,BYAN,BAYAN RESOURCES Tbk,KOREA SOUTH-EAST POWER CO.LTD,1.333.333.400,"4,00",A,CP
27-Feb-2026,BYAN,BAYAN RESOURCES Tbk,LIM CHAI HOCK,1.086.740.000,"3,26",L,ID
27-Feb-2026,BYAN,BAYAN RESOURCES Tbk,JENNY QUANTERO,994.975.000,"2,98",L,ID
27-Feb-2026,CAKK,CAHAYAPUTRA ASA KERAMIK Tbk,KOBIN KERAMIK INDUSTRI PT,1.066.636.700,"88,64",L,CP
27-Feb-2026,CAKK,CAHAYAPUTRA ASA KERAMIK Tbk,SUKADI,20.901.600,"1,74",L,ID
27-Feb-2026,CAKK,CAHAYAPUTRA ASA KERAMIK Tbk,ROY TJOKROWIDJOYO,18.297.900,"1,52",L,ID
27-Feb-2026,CAMP,CAMPINA ICE CREAM INDUSTRY Tbk,SABANA PRAWIRA WIDJAJA,4.940.010.100,"83,94",L,ID
27-Feb-2026,CAMP,CAMPINA ICE CREAM INDUSTRY Tbk,JUSTIANI HADIPRANOTO,297.974.000,"5,06",L,ID
27-Feb-2026,CAMP,CAMPINA ICE CREAM INDUSTRY Tbk,SUHENDRA PRAWIRAWIDJAJA,173.889.400,"2,95",L,ID
27-Feb-2026,CAMP,CAMPINA ICE CREAM INDUSTRY Tbk,HENDRO HADIPRANOTO,89.430.900,"1,52",L,ID
27-Feb-2026,CAMP,CAMPINA ICE CREAM INDUSTRY Tbk,LISTIJANI HADIPRANOTO,88.833.700,"1,51",L,ID
27-Feb-2026,CANI,CAPITOL NUSANTARA INDONESIA Tbk,PT. ANUGRAH SEMESTA LANGGENG,325.041.600,"39,00",L,CP
27-Feb-2026,CANI,CAPITOL NUSANTARA INDONESIA Tbk,CIPTA NUSANTARA ABADI PT,300.038.400,"36,00",,
27-Feb-2026,CANI,CAPITOL NUSANTARA INDONESIA Tbk,OCBC SECURITIES PRIVATE LIMITED,67.500.000,"8,10",A,SC
27-Feb-2026,CANI,CAPITOL NUSANTARA INDONESIA Tbk,RICHARD LIMSON,36.421.500,"4,37",L,ID
27-Feb-2026,CANI,CAPITOL NUSANTARA INDONESIA Tbk,NG KOK TECK,17.445.600,"2,09",A,ID
27-Feb-2026,CANI,CAPITOL NUSANTARA INDONESIA Tbk,DR JAMIN BASUKI,13.702.700,"1,64",L,ID
27-Feb-2026,CANI,CAPITOL NUSANTARA INDONESIA Tbk,LING DAW JOU,12.199.900,"1,46",L,ID
27-Feb-2026,CANI,CAPITOL NUSANTARA INDONESIA Tbk,RUDYANTO,10.000.000,"1,20",L,ID
27-Feb-2026,CARE,METRO HEALTHCARE INDONESIA Tbk,PT METRO HEALTHCARE INTERNATIONAL,16.599.999.999,"49,92",L,CP
27-Feb-2026,CARE,METRO HEALTHCARE INDONESIA Tbk,BANK JULIUS BAER & CO. LTD,5.643.313.300,"16,97",A,IB
27-Feb-2026,CARE,METRO HEALTHCARE INDONESIA Tbk,"CAPITAL LIFE SYARIAH, PT",1.581.279.600,"4,76",L,IS
27-Feb-2026,CARE,METRO HEALTHCARE INDONESIA Tbk,PT. Sejahtera Mahkota Persada,1.167.194.804,"3,51",L,CP
27-Feb-2026,CARE,METRO HEALTHCARE INDONESIA Tbk,LGT BANK AG,1.000.000.000,"3,01",A,IB
27-Feb-2026,CARE,METRO HEALTHCARE INDONESIA Tbk,BANK OF SINGAPORE LIMITED,755.459.200,"2,27",A,IB
27-Feb-2026,CARE,METRO HEALTHCARE INDONESIA Tbk,PT ARIMA KARYA PERSADA,706.910.800,"2,13",L,CP
27-Feb-2026,CARE,METRO HEALTHCARE INDONESIA Tbk,PT. ALANA CIPTA SELARAS,359.194.275,"1,08",L,CP
27-Feb-2026,CARE,METRO HEALTHCARE INDONESIA Tbk,TJANDRA MINATA SUTIONO,352.273.170,"1,06",L,ID
27-Feb-2026,CARE,METRO HEALTHCARE INDONESIA Tbk,WELLINGTON INVESTMENTS PTE.LTD,340.000.000,"1,02",A,CP
27-Feb-2026,CARS,INDUSTRI DAN PERDAGANGAN BINTRACO DHARM,AP TTb BkERJAYA TRIMAKMUR SEJAHTERA,748.351.400,"4,99",L,CP
27-Feb-2026,CARS,INDUSTRI DAN PERDAGANGAN BINTRACO DHARM,"AT TRbINkUGRAHA THOHIR HARMONI, PT",748.000.000,"4,99",L,CP
27-Feb-2026,CARS,INDUSTRI DAN PERDAGANGAN BINTRACO DHARM,AM TbAkRUARAR SIRAIT,737.518.000,"4,92",L,ID
27-Feb-2026,CARS,INDUSTRI DAN PERDAGANGAN BINTRACO DHARM,AS TAbNkDPIPER GLOBAL FUND,711.034.500,"4,74",A,IB
27-Feb-2026,CARS,INDUSTRI DAN PERDAGANGAN BINTRACO DHARM,AA TGbRkA CAPITAL PARTNER PT,673.639.800,"4,49",L,CP
27-Feb-2026,CARS,INDUSTRI DAN PERDAGANGAN BINTRACO DHARM,AS TILbVkERCITY ENTERPRISE LIMITED,650.588.000,"4,34",A,CP
27-Feb-2026,CARS,INDUSTRI DAN PERDAGANGAN BINTRACO DHARM,AO TTbNkIEL I S KOROMPIS,627.231.000,"4,18",L,ID
27-Feb-2026,CARS,INDUSTRI DAN PERDAGANGAN BINTRACO DHARM,AT TJbOkMO TJENGUNDORO.TJENG,620.513.500,"4,14",L,ID
27-Feb-2026,CARS,INDUSTRI DAN PERDAGANGAN BINTRACO DHARM,AP TEbDkAGANG ASET KRIPTO PT,562.000.000,"3,75",L,CP
27-Feb-2026,CARS,INDUSTRI DAN PERDAGANGAN BINTRACO DHARM,AM TbAkYBANK SECURITIES PTE. LTD.,497.124.500,"3,31",A,SC
27-Feb-2026,CARS,INDUSTRI DAN PERDAGANGAN BINTRACO DHARM,AY TAbBkES TANURI,491.534.500,"3,28",L,ID
27-Feb-2026,CARS,INDUSTRI DAN PERDAGANGAN BINTRACO DHARM,AP TTb. kBALI BINTANG SEJAHTERA,447.286.300,"2,98",L,CP
27-Feb-2026,CARS,INDUSTRI DAN PERDAGANGAN BINTRACO DHARM,AT TEbRkRA KONSUMA INVESTAMA,433.098.300,"2,89",L,CP
27-Feb-2026,CARS,INDUSTRI DAN PERDAGANGAN BINTRACO DHARM,AB TLbUkE DRAGON FUND SPC,404.900.000,"2,70",A,IB
27-Feb-2026,CARS,INDUSTRI DAN PERDAGANGAN BINTRACO DHARM,AV TEbRkONICA COLONDAM,403.200.000,"2,69",L,ID
27-Feb-2026,CARS,INDUSTRI DAN PERDAGANGAN BINTRACO DHARM,AP TAbUkLUS TOTOK LUSIDA,400.000.000,"2,67",L,ID
27-Feb-2026,CARS,INDUSTRI DAN PERDAGANGAN BINTRACO DHARM,AJ TEbMkI WIYONO PRIHADI,390.000.000,"2,60",L,ID
27-Feb-2026,CARS,INDUSTRI DAN PERDAGANGAN BINTRACO DHARM,AP TTb TkRIMEGAH SEKURITAS INDONESIA TBK,316.760.015,"2,11",L,SC
27-Feb-2026,CARS,INDUSTRI DAN PERDAGANGAN BINTRACO DHARM,AJ TUbLkYANAWATI LUKMAN,285.438.800,"1,90",L,ID
27-Feb-2026,CARS,INDUSTRI DAN PERDAGANGAN BINTRACO DHARM,AA TGbUkS PRAYITNO WIRAWAN,275.763.700,"1,84",L,ID
27-Feb-2026,CARS,INDUSTRI DAN PERDAGANGAN BINTRACO DHARM,AP TTb. kMITRA PERDANA CITRA,248.774.600,"1,66",L,CP
27-Feb-2026,CARS,INDUSTRI DAN PERDAGANGAN BINTRACO DHARM,AR TObYk HIMAWAN,241.460.000,"1,61",L,ID
27-Feb-2026,CARS,INDUSTRI DAN PERDAGANGAN BINTRACO DHARM,AY TAbSkA MULTI INVESTAMA,223.265.700,"1,49",L,CP
27-Feb-2026,CARS,INDUSTRI DAN PERDAGANGAN BINTRACO DHARM,AG TAbMkMA ABDURRAHMAN THOHIR,211.971.100,"1,41",L,ID
27-Feb-2026,CARS,INDUSTRI DAN PERDAGANGAN BINTRACO DHARM,AZ TAbINkAL ARIFIN,199.384.100,"1,33",L,ID
27-Feb-2026,CARS,INDUSTRI DAN PERDAGANGAN BINTRACO DHARM,AV TIbNkI TABADIRI INVESTA PT,167.013.100,"1,11",L,CP
27-Feb-2026,CARS,INDUSTRI DAN PERDAGANGAN BINTRACO DHARM,AD TEbBkBY TANIA SAM,163.160.800,"1,09",L,ID
27-Feb-2026,CARS,INDUSTRI DAN PERDAGANGAN BINTRACO DHARM,AI RT.b Pk. SUDARTO,152.963.600,"1,02",L,ID
27-Feb-2026,CASA,CAPITAL FINANCIAL INDONESIA Tbk,PT CAPITAL STRATEGIC INVESCO,28.692.354.842,"52,67",L,CP
27-Feb-2026,CASA,CAPITAL FINANCIAL INDONESIA Tbk,Bellegade International Ltd,2.669.337.000,"4,90",A,CP
27-Feb-2026,CASA,CAPITAL FINANCIAL INDONESIA Tbk,ZILLION GLORY CONSULTANTS INC,2.669.300.000,"4,90",A,OT
27-Feb-2026,CASA,CAPITAL FINANCIAL INDONESIA Tbk,GOODSTAR (H.K.) LIMITED,2.500.000.000,"4,59",A,CP
27-Feb-2026,CASA,CAPITAL FINANCIAL INDONESIA Tbk,PT CAPITAL TECHNOLOGIES INDONESIA,2.400.000.000,"4,41",L,CP
27-Feb-2026,CASA,CAPITAL FINANCIAL INDONESIA Tbk,"CAPITAL GLOBAL STRATEGIC, PT",1.951.294.700,"3,58",L,CP
27-Feb-2026,CASA,CAPITAL FINANCIAL INDONESIA Tbk,EASTERN PEAK GROUP CORPORATION,1.604.758.500,"2,95",A,OT
27-Feb-2026,CASA,CAPITAL FINANCIAL INDONESIA Tbk,PT.Pacific Indocorpora Indonesia,1.534.103.300,"2,82",L,CP
27-Feb-2026,CASA,CAPITAL FINANCIAL INDONESIA Tbk,BANK JULIUS BAER & CO. LTD,1.202.326.300,"2,21",A,IB
27-Feb-2026,CASA,CAPITAL FINANCIAL INDONESIA Tbk,PT. Sejahtera Mahkota Persada,1.021.235.472,"1,87",L,CP
27-Feb-2026,CASA,CAPITAL FINANCIAL INDONESIA Tbk,POLAR INVESTMENT CORPORATION,959.800.000,"1,76",A,CP
27-Feb-2026,CASA,CAPITAL FINANCIAL INDONESIA Tbk,PT. BARA SEJAHTERA SUKSES,926.950.000,"1,70",L,CP
27-Feb-2026,CASA,CAPITAL FINANCIAL INDONESIA Tbk,AIRSTAR INTERNATIONAL LIMITED,854.342.500,"1,57",A,CP
27-Feb-2026,CASH,CASHLEZ WORLDWIDE INDONESIA Tbk,ANDRI WIJONO SUTIONO,483.748.114,"33,80",L,ID
27-Feb-2026,CASH,CASHLEZ WORLDWIDE INDONESIA Tbk,HASIM SUTIONO,381.438.351,"26,65",L,ID
27-Feb-2026,CASH,CASHLEZ WORLDWIDE INDONESIA Tbk,SANDRA ANGELIA,51.326.500,"3,59",L,ID
27-Feb-2026,CASH,CASHLEZ WORLDWIDE INDONESIA Tbk,ELIZABETH SANTOSA,44.981.500,"3,14",L,ID
27-Feb-2026,CASH,CASHLEZ WORLDWIDE INDONESIA Tbk,FELIANTRY SUGIYO,35.523.200,"2,48",L,ID
27-Feb-2026,CASH,CASHLEZ WORLDWIDE INDONESIA Tbk,ARIEF SUGIYO,31.082.000,"2,17",L,ID
27-Feb-2026,CASH,CASHLEZ WORLDWIDE INDONESIA Tbk,GOUW TEDJA KURNIAWAN,30.600.300,"2,14",L,ID
27-Feb-2026,CASH,CASHLEZ WORLDWIDE INDONESIA Tbk,UOB KAY HIAN PRIVATE LIMITED,28.318.770,"1,98",A,SC
27-Feb-2026,CASH,CASHLEZ WORLDWIDE INDONESIA Tbk,HENDARMIN AGUNGSETYA PURWANTO,27.319.500,"1,91",L,ID
27-Feb-2026,CASH,CASHLEZ WORLDWIDE INDONESIA Tbk,BUDIMAN TJAHYADIKARTA,25.666.856,"1,79",L,ID
27-Feb-2026,CASH,CASHLEZ WORLDWIDE INDONESIA Tbk,"OEI, ALLAN WIBISONO",22.028.200,"1,54",L,ID
27-Feb-2026,CASH,CASHLEZ WORLDWIDE INDONESIA Tbk,BOBBY SANTOSO,20.000.000,"1,40",L,ID
27-Feb-2026,CASH,CASHLEZ WORLDWIDE INDONESIA Tbk,FERRY BUDIRAHARDJO,17.003.668,"1,19",L,ID
27-Feb-2026,CASH,CASHLEZ WORLDWIDE INDONESIA Tbk,ITNAWATI LUKMAN,16.222.500,"1,13",L,ID
27-Feb-2026,CASS,CAHAYA AERO SERVICES Tbk,ROKET CIPTA SENTOSA PT,1.273.041.500,"61,00",L,CP
27-Feb-2026,CASS,CAHAYA AERO SERVICES Tbk,SATS LTD S/A SATS INVESTMENTS (II) PTE. LTD.,451.830.800,"21,65",A,CP
27-Feb-2026,CASS,CAHAYA AERO SERVICES Tbk,DRS SURONO SUBEKTI,118.002.200,"5,65",L,ID
27-Feb-2026,CASS,CAHAYA AERO SERVICES Tbk,OCBC SECURITIES PRIVATE LIMITED,47.629.400,"2,28",A,SC
27-Feb-2026,CASS,CAHAYA AERO SERVICES Tbk,UOB KAY HIAN PRIVATE LIMITED,33.465.200,"1,60",A,SC
27-Feb-2026,CASS,CAHAYA AERO SERVICES Tbk,UBS AG HONG KONG,21.742.900,"1,04",A,IB
27-Feb-2026,CASS,CAHAYA AERO SERVICES Tbk,FOURTON KOMODO INDONESIA EQUITY INVESTMENT FUND,21.695.500,"1,04",A,MF
27-Feb-2026,CBDK,BANGUN KOSAMBI SUKSES Tbk,PANTAI INDAH KAPUK DUA TBK PT,4.947.011.240,"87,27",L,CP
27-Feb-2026,CBDK,BANGUN KOSAMBI SUKSES Tbk,PT Agung Sedayu,77.519.380,"1,37",L,CP
27-Feb-2026,CBMF,CAHAYA BINTANG MEDAN Tbk,"RICHIWA SAKTI INDONESIA, PT",1.270.000.000,"67,73",L,CP
27-Feb-2026,CBMF,CAHAYA BINTANG MEDAN Tbk,"SINAR MAKMUR REZEKI, PT",155.000.000,"8,27",L,CP
27-Feb-2026,CBMF,CAHAYA BINTANG MEDAN Tbk,Benny,25.000.000,"1,33",L,ID
27-Feb-2026,CBPE,CITRA BUANA PRASIDA Tbk,SANDHI PARAMA NUSA,992.031.000,"73,15",L,CP
27-Feb-2026,CBPE,CITRA BUANA PRASIDA Tbk,GAERY DJOHARI,92.969.000,"6,85",L,ID
27-Feb-2026,CBPE,CITRA BUANA PRASIDA Tbk,WELLY DJOHARI,67.541.300,"4,98",L,ID
27-Feb-2026,CBPE,CITRA BUANA PRASIDA Tbk,PT. EKANUSA SANDHITHAMA PERSADHA,67.422.000,"4,97",L,CP
27-Feb-2026,CBPE,CITRA BUANA PRASIDA Tbk,PT WIRAKY NUSA TELEKOMUNIKASI,66.666.600,"4,92",L,CP
27-Feb-2026,CBPE,CITRA BUANA PRASIDA Tbk,PT ARTAPURA NUSANTARA,32.158.100,"2,37",L,CP
27-Feb-2026,CBRE,CAKRA BUANA RESOURCES ENERGI Tbk,PT OMUDAS INVESTMENT HOLDCO,2.774.000.000,"61,13",L,CP
27-Feb-2026,CBRE,CAKRA BUANA RESOURCES ENERGI Tbk,PT REPUBLIK CAPITAL INDONESIA,513.000.000,"11,30",L,CP
27-Feb-2026,CBRE,CAKRA BUANA RESOURCES ENERGI Tbk,ANDRY HAKIM,228.000.074,"5,02",L,ID
27-Feb-2026,CBRE,CAKRA BUANA RESOURCES ENERGI Tbk,PT. KAMPUS SAHAM INDONESIA,64.000.013,"1,41",L,CP
27-Feb-2026,CBUT,CITRA BORNEO UTAMA Tbk,PT SAWIT SUMBERMAS SARANA TBK,2.194.263.700,"70,22",L,CP
27-Feb-2026,CBUT,CITRA BORNEO UTAMA Tbk,MAYBANK GLOBAL GROWTH FUND VCC - MAYBANK GLOBAL GROWTH FUND 1,344.111.000,"11,01",A,IB
27-Feb-2026,CBUT,CITRA BORNEO UTAMA Tbk,CGS INTERNATIONAL SECURITIES SINGAPORE PTE LTD,153.125.100,"4,90",A,IB
27-Feb-2026,CBUT,CITRA BORNEO UTAMA Tbk,MITRA MENDAWAI SEJATI,125.000.000,"4,00",L,CP
27-Feb-2026,CBUT,CITRA BORNEO UTAMA Tbk,KALIMANTAN SAWIT ABADI,125.000.000,"4,00",L,CP
27-Feb-2026,CBUT,CITRA BORNEO UTAMA Tbk,CITRA BORNEO INDAH,55.736.300,"1,78",L,CP
27-Feb-2026,CBUT,CITRA BORNEO UTAMA Tbk,PT BULAN SEGA LESTARI,42.615.600,"1,36",L,CP
27-Feb-2026,CBUT,CITRA BORNEO UTAMA Tbk,PT SUDON JASA INVESTAMA,39.877.600,"1,28",L,CP
27-Feb-2026,CCSI,COMMUNICATION CABLE SYSTEMS INDONESIA Tbk,GRAHATAMA KREASIBARU,470.720.563,"35,30",L,CP
27-Feb-2026,CCSI,COMMUNICATION CABLE SYSTEMS INDONESIA Tbk,PT Lingkar Matra,244.639.718,"18,35",L,CP
27-Feb-2026,CCSI,COMMUNICATION CABLE SYSTEMS INDONESIA Tbk,SAPTADAYA BUMITAMA PERSADA PT.,244.639.718,"18,35",L,CP
27-Feb-2026,CCSI,COMMUNICATION CABLE SYSTEMS INDONESIA Tbk,CENTRAL BUSINESS ALLIANCE PTE. LTD.,133.233.112,"9,99",A,CP
27-Feb-2026,CCSI,COMMUNICATION CABLE SYSTEMS INDONESIA Tbk,PETER DJATMIKO,111.625.000,"8,37",L,ID
27-Feb-2026,CCSI,COMMUNICATION CABLE SYSTEMS INDONESIA Tbk,UNITED OVERSEAS BANK NOMINEES (PRIVATE) LIMITED,17.510.020,"1,31",A,CP
27-Feb-2026,CDIA,CHANDRA DAYA INVESTASI Tbk,PT CHANDRA ASRI PACIFIC TBK,74.897.620.800,"60,00",L,CP
27-Feb-2026,CDIA,CHANDRA DAYA INVESTASI Tbk,PHOENIX POWER B.V.,37.448.816.400,"30,00",A,CP
27-Feb-2026,CDIA,CHANDRA DAYA INVESTASI Tbk,BANGKOK BANK PUBLIC COMPANY LIMITED,1.250.000.000,"1,00",A,IB
27-Feb-2026,CEKA,WILMAR CAHAYA INDONESIA Tbk,"SENTRATAMA NIAGA INDONESIA, PT",517.771.000,"87,02",L,CP
27-Feb-2026,CEKA,WILMAR CAHAYA INDONESIA Tbk,RISING SHINE INVESTMENTS LIMITED,29.490.000,"4,96",A,CP
27-Feb-2026,CEKA,WILMAR CAHAYA INDONESIA Tbk,DRS SURONO SUBEKTI,12.164.400,"2,04",L,ID
27-Feb-2026,CEKA,WILMAR CAHAYA INDONESIA Tbk,GANDA THIO,7.439.600,"1,25",L,ID
27-Feb-2026,CENT,CENTRATAMA TELEKOMUNIKASI INDONESIA Tbk,EP ID HOLDINGS PTE.LTD,28.741.393.732,"92,17",A,CP
27-Feb-2026,CENT,CENTRATAMA TELEKOMUNIKASI INDONESIA Tbk,UOB KAY HIAN PRIVATE LIMITED,1.247.838.596,"4,00",A,SC
27-Feb-2026,CFIN,CLIPAN FINANCE INDONESIA Tbk,"BANK PAN INDONESIA TBK, PT",2.051.431.264,"51,49",L,IB
27-Feb-2026,CFIN,CLIPAN FINANCE INDONESIA Tbk,FIDELITY FUNDS,327.759.425,"8,23",A,MF
27-Feb-2026,CFIN,CLIPAN FINANCE INDONESIA Tbk,HAIYANTO,159.167.300,"3,99",L,ID
27-Feb-2026,CFIN,CLIPAN FINANCE INDONESIA Tbk,UOB KAY HIAN PRIVATE LIMITED,102.218.200,"2,57",A,SC
27-Feb-2026,CFIN,CLIPAN FINANCE INDONESIA Tbk,DRS SURONO SUBEKTI,101.839.700,"2,56",L,ID
27-Feb-2026,CFIN,CLIPAN FINANCE INDONESIA Tbk,OCBC SECURITIES PRIVATE LIMITED,64.834.400,"1,63",A,SC
27-Feb-2026,CFIN,CLIPAN FINANCE INDONESIA Tbk,"PANIN SEKURITAS Tbk, PT",63.561.800,"1,60",L,SC
27-Feb-2026,CFIN,CLIPAN FINANCE INDONESIA Tbk,LO KHENG HONG. DRS,63.141.100,"1,58",L,ID
27-Feb-2026,CFIN,CLIPAN FINANCE INDONESIA Tbk,RIDOAN MADJUKIE,62.000.000,"1,56",L,ID
27-Feb-2026,CFIN,CLIPAN FINANCE INDONESIA Tbk,REKSA DANA PANIN DANA MAKSIMA,60.248.800,"1,51",L,MF
27-Feb-2026,CFIN,CLIPAN FINANCE INDONESIA Tbk,MAYBANK SECURITIES PTE. LTD.,48.919.100,"1,23",A,SC
27-Feb-2026,CGAS,CITRA NUSANTARA GEMILANG Tbk,PT PETRO ASIA ENERGY,572.570.000,"32,32",L,CP
27-Feb-2026,CGAS,CITRA NUSANTARA GEMILANG Tbk,DHARMA MULIA JAYA,379.750.000,"21,44",L,CP
27-Feb-2026,CGAS,CITRA NUSANTARA GEMILANG Tbk,CIPTA NYATA GEMILANG,161.200.000,"9,10",L,CP
27-Feb-2026,CGAS,CITRA NUSANTARA GEMILANG Tbk,TIRTA MARITIM NUSANTARA,126.480.000,"7,14",L,CP
27-Feb-2026,CGAS,CITRA NUSANTARA GEMILANG Tbk,ILHAM MAGGRI,42.500.000,"2,40",L,ID
27-Feb-2026,CGAS,CITRA NUSANTARA GEMILANG Tbk,PURWOKO,35.965.900,"2,03",L,ID
27-Feb-2026,CGAS,CITRA NUSANTARA GEMILANG Tbk,R HARI PRABOWO ST,31.778.400,"1,79",L,ID
27-Feb-2026,CGAS,CITRA NUSANTARA GEMILANG Tbk,QUWAWMOON,29.329.100,"1,66",L,ID
27-Feb-2026,CHEK,DIASTIKA BIOTEKINDO Tbk,OPTEL INVESTAMA MULIA,2.488.367.736,"60,50",L,CP
27-Feb-2026,CHEK,DIASTIKA BIOTEKINDO Tbk,DRA TH M NELLY SUSANTI,650.179.697,"15,81",L,ID
27-Feb-2026,CHEK,DIASTIKA BIOTEKINDO Tbk,MIRXES PTE LTD,114.292.300,"2,78",A,CP
27-Feb-2026,CHEK,DIASTIKA BIOTEKINDO Tbk,HEALTHY ALLIANCE LIMITED,93.625.876,"2,28",A,CP
27-Feb-2026,CHEK,DIASTIKA BIOTEKINDO Tbk,STRAITS VENTURE CAPITAL LTD,79.073.800,"1,92",A,CP
27-Feb-2026,CHEM,CHEMSTAR INDONESIA Tbk,PT TUNAS BAHTERA HARUM,1.164.000.000,"68,47",L,CP
27-Feb-2026,CHEM,CHEMSTAR INDONESIA Tbk,FELIX KURNIAWAN,67.232.400,"3,95",L,ID
27-Feb-2026,CHEM,CHEMSTAR INDONESIA Tbk,PT PILAR FORSA NUSA,50.000.000,"2,94",L,CP
27-Feb-2026,CHEM,CHEMSTAR INDONESIA Tbk,SITTI FATIMAH ZAHRA,36.935.500,"2,17",L,ID
27-Feb-2026,CHEM,CHEMSTAR INDONESIA Tbk,IR MUHAMMAD YUSRIZKI MULIAWAN,36.609.400,"2,15",L,ID
27-Feb-2026,CHEM,CHEMSTAR INDONESIA Tbk,EDUARDUS TJOENG,33.587.500,"1,98",L,ID
27-Feb-2026,CHIP,PELITA TEKNOLOGI GLOBAL Tbk,KARYA PERMATA BERKAT JAYA PT,480.480.000,"59,61",L,CP
27-Feb-2026,CHIP,PELITA TEKNOLOGI GLOBAL Tbk,WILMAR SEJAHTERA ASIA PT,30.300.000,"3,76",L,CP
27-Feb-2026,CHIP,PELITA TEKNOLOGI GLOBAL Tbk,BARAN SURYAMAS LAMA PT,30.300.000,"3,76",L,CP
27-Feb-2026,CHIP,PELITA TEKNOLOGI GLOBAL Tbk,ANEKA TARUNA SELARAS PT,30.300.000,"3,76",L,CP
27-Feb-2026,CHIP,PELITA TEKNOLOGI GLOBAL Tbk,SURYA PELANGI CAHAYA PT,30.300.000,"3,76",L,CP
27-Feb-2026,CHIP,PELITA TEKNOLOGI GLOBAL Tbk,DJAJA ISKANDAR PUTRA,18.780.800,"2,33",L,ID
27-Feb-2026,CHIP,PELITA TEKNOLOGI GLOBAL Tbk,NATHAN TIRTANA,14.596.900,"1,81",L,ID
27-Feb-2026,CHIP,PELITA TEKNOLOGI GLOBAL Tbk,DAVID TANDRIS,11.863.861,"1,47",L,ID
27-Feb-2026,CHIP,PELITA TEKNOLOGI GLOBAL Tbk,FEBRIYANTO SANTIAGO MOLEH,9.376.500,"1,16",L,ID
27-Feb-2026,CHIP,PELITA TEKNOLOGI GLOBAL Tbk,WELLY SETIADI SALIM,8.395.000,"1,04",L,ID
27-Feb-2026,CHIP,PELITA TEKNOLOGI GLOBAL Tbk,CAKRA ARAH SELATAN CV,8.215.100,"1,02",L,CP
27-Feb-2026,CINT,CHITOSE INTERNASIONAL Tbk,PT.TRITIRTA INTI MANDIRI,532.646.100,"53,26",L,CP
27-Feb-2026,CINT,CHITOSE INTERNASIONAL Tbk,NIVEN HOLDINGS LIMITED,60.194.800,"6,02",A,IB
27-Feb-2026,CINT,CHITOSE INTERNASIONAL Tbk,KIKY SUHERLAN,50.000.000,"5,00",L,ID
27-Feb-2026,CINT,CHITOSE INTERNASIONAL Tbk,DEDIE SUHERLAN,50.000.000,"5,00",L,ID
27-Feb-2026,CINT,CHITOSE INTERNASIONAL Tbk,UBS AG SINGAPORE BRANCH,49.000.000,"4,90",A,IB
27-Feb-2026,CINT,CHITOSE INTERNASIONAL Tbk,CASCADEN INVESTMENT LIMITED,35.956.700,"3,60",A,IB
27-Feb-2026,CINT,CHITOSE INTERNASIONAL Tbk,BAYRON INVESTMENT GROUP LTD,35.667.250,"3,57",A,OT
27-Feb-2026,CINT,CHITOSE INTERNASIONAL Tbk,PT TRISULA INTERNATIONAL TBK,34.979.000,"3,50",L,CP
27-Feb-2026,CINT,CHITOSE INTERNASIONAL Tbk,PT TRIMAS SARANA GARMENT INDUSTRY,25.835.800,"2,58",L,CP
27-Feb-2026,CINT,CHITOSE INTERNASIONAL Tbk,PHILLIP SECURITIES PTE LTD,19.250.000,"1,93",A,SC
27-Feb-2026,CINT,CHITOSE INTERNASIONAL Tbk,PT. TRIMEX SARANA TRISULA,15.554.000,"1,56",L,CP
27-Feb-2026,CINT,CHITOSE INTERNASIONAL Tbk,"BINA ANALISINDO SEMESTA, PT",12.250.000,"1,23",,
27-Feb-2026,CINT,CHITOSE INTERNASIONAL Tbk,BOQUETE GROUP S.A.,10.339.150,"1,03",A,IB
27-Feb-2026,CITA,CITA MINERAL INVESTINDO Tbk,GLENCORE INTERNATIONAL INVESTMENTS LTD.,1.251.999.084,"31,61",A,OT
27-Feb-2026,CITA,CITA MINERAL INVESTINDO Tbk,HARITA JAYARAYA,2.394.245.958,"60,46",L,CP
27-Feb-2026,CITA,CITA MINERAL INVESTINDO Tbk,PT ALAMTRI INDO ALUMINIUM,142.648.700,"3,60",L,CP
27-Feb-2026,CITA,CITA MINERAL INVESTINDO Tbk,UOB KAY HIAN PRIVATE LIMITED,115.873.940,"2,93",A,SC
27-Feb-2026,CITY,NATURA CITY DEVELOPMENTS Tbk,PT SAKTI GENERASI PERDANA,1.115.000.000,"20,63",L,CP
27-Feb-2026,CITY,NATURA CITY DEVELOPMENTS Tbk,"TUNAS TUMBUH BERKEMBANG, PT",534.427.000,"9,89",,
27-Feb-2026,CITY,NATURA CITY DEVELOPMENTS Tbk,GOLDEN CAPITAL FOUNDATION,510.000.000,"9,44",,
27-Feb-2026,CITY,NATURA CITY DEVELOPMENTS Tbk,"KARYA CAKRAWALA PERDANA, PT",313.902.870,"5,81",,
27-Feb-2026,CITY,NATURA CITY DEVELOPMENTS Tbk,"GEMA KARYA INSAN, PT",269.000.000,"4,98",,
27-Feb-2026,CITY,NATURA CITY DEVELOPMENTS Tbk,PT ASA KENCANA MAKMUR,266.000.000,"4,92",,
27-Feb-2026,CITY,NATURA CITY DEVELOPMENTS Tbk,QUEEN BRIDGE INVESTMENTS LIMITED,260.000.000,"4,81",,
27-Feb-2026,CITY,NATURA CITY DEVELOPMENTS Tbk,PT GUNUNG NUSA INDAH,250.000.000,"4,63",,
27-Feb-2026,CITY,NATURA CITY DEVELOPMENTS Tbk,PT MANIKA ELOK CEMERLANG,250.000.000,"4,63",,
27-Feb-2026,CITY,NATURA CITY DEVELOPMENTS Tbk,PT SURYA CIPTA UTAMA,240.000.000,"4,44",,
27-Feb-2026,CITY,NATURA CITY DEVELOPMENTS Tbk,CAHAYA OBOR DAMAI,235.200.000,"4,35",L,CP
27-Feb-2026,CITY,NATURA CITY DEVELOPMENTS Tbk,NUANSA INDAH KEMILAU,212.522.000,"3,93",L,CP
27-Feb-2026,CITY,NATURA CITY DEVELOPMENTS Tbk,PACIFIK MANAGEMENT BUANA,210.000.000,"3,89",L,CP
27-Feb-2026,CITY,NATURA CITY DEVELOPMENTS Tbk,PT ASA INSAN SAMPURNA,265.000.000,"4,90",,
27-Feb-2026,CITY,NATURA CITY DEVELOPMENTS Tbk,"MAHA GEMILANG SEJAHTERA, PT",155.225.000,"2,87",L,CP
27-Feb-2026,CLAY,CITRA PUTRA REALTY Tbk,CITRA PUTRA MANDIRI PT,1.998.750.000,"77,77",,
27-Feb-2026,CLAY,CITRA PUTRA REALTY Tbk,ABI HASNI TAHIR,122.000.000,"4,75",L,ID
27-Feb-2026,CLAY,CITRA PUTRA REALTY Tbk,DODI SUHARTONO ABDULKADIR,122.000.000,"4,75",L,ID
27-Feb-2026,CLAY,CITRA PUTRA REALTY Tbk,RUKI,117.000.000,"4,55",L,ID
27-Feb-2026,CLAY,CITRA PUTRA REALTY Tbk,ALBERT PHILIP,55.065.000,"2,14",L,ID
27-Feb-2026,CLAY,CITRA PUTRA REALTY Tbk,PUTRI SELARAS,51.250.000,"1,99",L,ID
27-Feb-2026,CLAY,CITRA PUTRA REALTY Tbk,PT BIOFUEL INDO SUMATRA,44.843.667,"1,74",L,CP
27-Feb-2026,CLAY,CITRA PUTRA REALTY Tbk,RAJA SAPTA ERVIAN,42.068.266,"1,64",L,ID
27-Feb-2026,CLEO,SARIGUNA PRIMATIRTA Tbk,PT. TANCORP GLOBAL ABADI,13.469.824.800,"56,12",L,CP
27-Feb-2026,CLEO,SARIGUNA PRIMATIRTA Tbk,PT TANCORP GLOBAL SENTOSA,5.061.400.000,"21,09",L,CP
27-Feb-2026,CLEO,SARIGUNA PRIMATIRTA Tbk,"TUDUNG PUTRA PUTRI JAYA, PT",985.757.800,"4,11",L,CP
27-Feb-2026,CLEO,SARIGUNA PRIMATIRTA Tbk,PT. MULIA PRIMA TUNGGAL,700.000.000,"2,92",L,CP
27-Feb-2026,CLEO,SARIGUNA PRIMATIRTA Tbk,"BERKAT NIRWANA SENTOSA, PT",700.000.000,"2,92",L,CP
27-Feb-2026,CLEO,SARIGUNA PRIMATIRTA Tbk,DRS SURONO SUBEKTI,292.720.000,"1,22",L,ID
27-Feb-2026,CLPI,COLORPAK INDONESIA Tbk,PT. INK COLOR INT PTE.LTD WM CLIENT,156.230.000,"51,00",A,CP
27-Feb-2026,CLPI,COLORPAK INDONESIA Tbk,PT. BUKIT JAYA SEMESTA,22.755.300,"7,43",L,CP
27-Feb-2026,CLPI,COLORPAK INDONESIA Tbk,CHANDRA NATALIE WIDJAJA,20.364.500,"6,65",L,ID
27-Feb-2026,CLPI,COLORPAK INDONESIA Tbk,SANTOSO JIEMY,12.159.000,"3,97",L,ID
27-Feb-2026,CLPI,COLORPAK INDONESIA Tbk,TJIA HWIE TJIN,8.000.000,"2,61",L,ID
27-Feb-2026,CLPI,COLORPAK INDONESIA Tbk,TJIA TJOEN HOK,6.867.700,"2,24",L,ID
27-Feb-2026,CLPI,COLORPAK INDONESIA Tbk,SYLVIA INDRASARI NUGROHO,6.190.000,"2,02",L,ID
27-Feb-2026,CLPI,COLORPAK INDONESIA Tbk,NITA WULANSARI NUGROHO,6.190.000,"2,02",L,ID
27-Feb-2026,CLPI,COLORPAK INDONESIA Tbk,MARLON SUYANTHIO,4.806.400,"1,57",L,ID
27-Feb-2026,CLPI,COLORPAK INDONESIA Tbk,SUTRISNO,3.683.500,"1,20",L,ID
27-Feb-2026,CLPI,COLORPAK INDONESIA Tbk,WINARDI PRANATAJAYA,3.141.000,"1,03",L,ID
27-Feb-2026,CLPI,COLORPAK INDONESIA Tbk,RICKY DONALS,3.106.500,"1,01",L,ID
27-Feb-2026,CMNP,CITRA MARGA NUSAPHALA PERSADA Tbk,BP2S SG/BNP PARIBAS SINGAPORE BRANCH WEALTH MANAGEMENT,3.974.436.274,"59,35",A,OT
27-Feb-2026,CMNP,CITRA MARGA NUSAPHALA PERSADA Tbk,FEISAL HAMKA,335.084.474,"5,00",L,ID
27-Feb-2026,CMNP,CITRA MARGA NUSAPHALA PERSADA Tbk,LENA T BURHANUDIN,334.559.700,"5,00",L,ID
27-Feb-2026,CMNP,CITRA MARGA NUSAPHALA PERSADA Tbk,FITRIA YUSUF,334.195.400,"4,99",L,ID
27-Feb-2026,CMNP,CITRA MARGA NUSAPHALA PERSADA Tbk,FARID HAMKA,333.828.574,"4,99",L,ID
27-Feb-2026,CMNP,CITRA MARGA NUSAPHALA PERSADA Tbk,MERAH PUTIH INTERNATIONAL LIMITED,331.989.901,"4,96",A,CP
27-Feb-2026,CMNP,CITRA MARGA NUSAPHALA PERSADA Tbk,MOHAMAD JUSUF HAMKA,258.666.296,"3,86",L,ID
27-Feb-2026,CMNP,CITRA MARGA NUSAPHALA PERSADA Tbk,ENDANG LESTARI PUJIASTUTI,240.144.250,"3,59",L,ID
27-Feb-2026,CMNP,CITRA MARGA NUSAPHALA PERSADA Tbk,IEVAN DANIAR SUMAMPOW,167.076.500,"2,50",L,ID
27-Feb-2026,CMNP,CITRA MARGA NUSAPHALA PERSADA Tbk,AGUS WIDAGDO,147.930.750,"2,21",L,ID
27-Feb-2026,CMNP,CITRA MARGA NUSAPHALA PERSADA Tbk,IEFENN ADRIANNE SUMAMPOW,86.212.220,"1,29",L,ID
27-Feb-2026,CMNT,CEMINDO GEMILANG Tbk,WH INVESTMENTS PTE. LTD.,14.962.904.000,"87,37",A,CP
27-Feb-2026,CMNT,CEMINDO GEMILANG Tbk,CHINA PARADISE H.K. LIMITED,518.839.500,"3,03",A,CP
27-Feb-2026,CMNT,CEMINDO GEMILANG Tbk,GRANDHAM LIMITED,506.332.600,"2,96",A,CP
27-Feb-2026,CMNT,CEMINDO GEMILANG Tbk,"SURYA TENGGARA BUANA, PT",381.025.900,"2,22",L,CP
27-Feb-2026,CMNT,CEMINDO GEMILANG Tbk,UBS AG SINGAPORE BRANCH,296.069.700,"1,73",A,IB
27-Feb-2026,CMNT,CEMINDO GEMILANG Tbk,PT GAMA GROUP,190.000.000,"1,11",L,CP
27-Feb-2026,CMPP,AIRASIA INDONESIA Tbk,AIRASIA AVIATION GROUP LIMITED,4.942.013.300,"46,25",A,CP
27-Feb-2026,CMPP,AIRASIA INDONESIA Tbk,PT. FERSINDO NUSAPERKASA,4.931.915.000,"46,16",L,CP
27-Feb-2026,CMPP,AIRASIA INDONESIA Tbk,PT DANATAMA MAKMUR SEKURITAS,400.000.000,"3,74",L,SC
27-Feb-2026,CMRY,CISARUA MOUNTAIN DAIRY Tbk,BAMBANG SUTANTIO,4.250.000.000,"53,56",L,ID
27-Feb-2026,CMRY,CISARUA MOUNTAIN DAIRY Tbk,FARELL GRANDISURI,608.558.900,"7,67",L,ID
27-Feb-2026,CMRY,CISARUA MOUNTAIN DAIRY Tbk,WENZEL SUTANTIO,561.807.600,"7,08",L,ID
27-Feb-2026,CMRY,CISARUA MOUNTAIN DAIRY Tbk,AXEL SUTANTIO,537.003.200,"6,77",L,ID
27-Feb-2026,CMRY,CISARUA MOUNTAIN DAIRY Tbk,GENERAL ATLANTIC SINGAPORE CMR PTE. LTD.,447.777.778,"5,64",A,CP
27-Feb-2026,CMRY,CISARUA MOUNTAIN DAIRY Tbk,MITSUBISHI UFJ MORGAN STANLEY SECURITIES CO LTD-CLIENT ACCOUNT,111.945.500,"1,41",A,SC
27-Feb-2026,CMRY,CISARUA MOUNTAIN DAIRY Tbk,PT PRUDENTIAL LIFE ASSURANCE,80.550.800,"1,02",L,IS
27-Feb-2026,CNKO,EXPLOITASI ENERGI INDONESIA Tbk,ANDERSON BAY PTE LTD,4.083.459.543,"45,59",A,CP
27-Feb-2026,CNKO,EXPLOITASI ENERGI INDONESIA Tbk,ALAN KUNTJORO,179.200.000,"2,00",L,ID
27-Feb-2026,CNKO,EXPLOITASI ENERGI INDONESIA Tbk,PT SAIBATAMA INTERNASIONAL MANDIRI,174.285.211,"1,95",L,CP
27-Feb-2026,CNKO,EXPLOITASI ENERGI INDONESIA Tbk,NIXON JACOBUS SILFANUS,163.219.100,"1,82",L,ID
27-Feb-2026,CNKO,EXPLOITASI ENERGI INDONESIA Tbk,VIVI GUNAWAN,150.000.000,"1,67",L,ID
27-Feb-2026,CNMA,NUSANTARA SEJAHTERA RAYA Tbk,PT. HARKATJAYA BUMIPERSADA,45.000.000.000,"53,99",L,CP
27-Feb-2026,CNMA,NUSANTARA SEJAHTERA RAYA Tbk,SALWEEN INVESTMENT PTE LTD,18.760.000.000,"22,51",A,CP
27-Feb-2026,CNMA,NUSANTARA SEJAHTERA RAYA Tbk,PT. ADI PRATAMA NUSANTARA,11.250.000.000,"13,50",L,CP
27-Feb-2026,CNMA,NUSANTARA SEJAHTERA RAYA Tbk,PT NUSANTARA SEJAHTERA RAYA TBK,1.698.015.400,"2,04",L,CP
27-Feb-2026,CNMA,NUSANTARA SEJAHTERA RAYA Tbk,ALBIZIA ASEAN TENGGARA FUND,1.188.309.900,"1,43",A,CP
27-Feb-2026,CNTX,CENTEX Tbk SERI A PREFEREN,PT PROSPECT MOTOR,23.941.000,"34,20",L,CP
27-Feb-2026,CNTX,CENTEX Tbk SERI A PREFEREN,PT EASTERNTEX,20.298.000,"29,00",,
27-Feb-2026,CNTX,CENTEX Tbk SERI A PREFEREN,PENFABRIC SDN BERHAD,11.546.054,"16,49",A,CP
27-Feb-2026,CNTX,CENTEX Tbk SERI A PREFEREN,TORAY INDUSTRIES INC,4.000.000,"5,71",,
27-Feb-2026,CNTX,CENTEX Tbk SERI A PREFEREN,BUDIMAN KENCANA LESTARI,3.310.000,"4,73",L,CP
27-Feb-2026,CNTX,CENTEX Tbk SERI A PREFEREN,USMAN,1.807.800,"2,58",L,ID
27-Feb-2026,COAL,BLACK DIAMOND RESOURCES Tbk,SUJAKA LAYS,2.180.789.500,"34,89",L,ID
27-Feb-2026,COAL,BLACK DIAMOND RESOURCES Tbk,ARIE RINALDI,375.000.000,"6,00",L,ID
27-Feb-2026,COAL,BLACK DIAMOND RESOURCES Tbk,HERRY SEN,250.000.000,"4,00",L,ID
27-Feb-2026,COAL,BLACK DIAMOND RESOURCES Tbk,"SELUAS LAUTAN INDONESIA, PT",133.188.100,"2,13",L,CP
27-Feb-2026,COAL,BLACK DIAMOND RESOURCES Tbk,YUDI SETIAWAN,97.526.400,"1,56",L,ID
27-Feb-2026,COAL,BLACK DIAMOND RESOURCES Tbk,CHRIST SOENOTO,78.750.000,"1,26",L,ID
27-Feb-2026,COCO,WAHANA INTERFOOD NUSANTARA Tbk,MAHOGANY GLOBAL INVESTMENT PTE.LTD,1.826.864.604,"51,32",A,CP
27-Feb-2026,COCO,WAHANA INTERFOOD NUSANTARA Tbk,DBS BANK LTD.,186.514.644,"5,24",A,IB
27-Feb-2026,COCO,WAHANA INTERFOOD NUSANTARA Tbk,MARUARAR SIRAIT,117.910.500,"3,31",L,ID
27-Feb-2026,COCO,WAHANA INTERFOOD NUSANTARA Tbk,IR. P. SUDARTO,100.299.100,"2,82",L,ID
27-Feb-2026,COCO,WAHANA INTERFOOD NUSANTARA Tbk,PT TRIMEGAH SEKURITAS INDONESIA TBK,80.000.100,"2,25",L,SC
27-Feb-2026,COCO,WAHANA INTERFOOD NUSANTARA Tbk,PT. PURI DAMAI SEJAHTERA,79.331.100,"2,23",L,CP
27-Feb-2026,COCO,WAHANA INTERFOOD NUSANTARA Tbk,PT MITRA SAWIT BARU,60.907.250,"1,71",L,CP
27-Feb-2026,COCO,WAHANA INTERFOOD NUSANTARA Tbk,PT. INTER JAYA CORPORA,50.605.750,"1,42",L,CP
27-Feb-2026,COCO,WAHANA INTERFOOD NUSANTARA Tbk,LEE YAN GWAN,47.900.000,"1,35",A,ID
27-Feb-2026,COCO,WAHANA INTERFOOD NUSANTARA Tbk,ANTHONIO,44.856.500,"1,26",L,ID
27-Feb-2026,COIN,INDOKRIPTO KOIN SEMESTA Tbk,"MEGAH PERKASA INVESTINDO, PT",3.527.001.000,"23,98",L,CP
27-Feb-2026,COIN,INDOKRIPTO KOIN SEMESTA Tbk,"BAHANA NUSANTARA INDOJAYA, PT",2.931.249.000,"19,93",L,CP
27-Feb-2026,COIN,INDOKRIPTO KOIN SEMESTA Tbk,IR.H.BUDI MARDIONO,1.166.750.000,"7,93",L,ID
27-Feb-2026,COIN,INDOKRIPTO KOIN SEMESTA Tbk,"TEKNOLOGI ANAK NUSANTARA, PT",750.000.000,"5,10",L,CP
27-Feb-2026,COIN,INDOKRIPTO KOIN SEMESTA Tbk,"GRAHA PUTRA MENTARI, PT",500.000.000,"3,40",L,CP
27-Feb-2026,COIN,INDOKRIPTO KOIN SEMESTA Tbk,"CAKRAWALA INDOTAMA ABADI, PT",500.000.000,"3,40",L,CP
27-Feb-2026,COIN,INDOKRIPTO KOIN SEMESTA Tbk,"DUTA PERKASA TEKNOLOGI, PT",500.000.000,"3,40",L,CP
27-Feb-2026,COIN,INDOKRIPTO KOIN SEMESTA Tbk,"FAJAR INFORMATIKA PERKASA, PT",500.000.000,"3,40",L,CP
27-Feb-2026,COIN,INDOKRIPTO KOIN SEMESTA Tbk,"HARMONI SENTOSA NUSANTARA, PT",500.000.000,"3,40",L,CP
27-Feb-2026,COIN,INDOKRIPTO KOIN SEMESTA Tbk,"MANTRA PERMATA SEJAHTERA, PT",468.750.000,"3,19",L,CP
27-Feb-2026,COIN,INDOKRIPTO KOIN SEMESTA Tbk,"SURYA DIGITAL GEMILANG, PT",468.750.000,"3,19",L,CP
27-Feb-2026,COIN,INDOKRIPTO KOIN SEMESTA Tbk,"ENERGI HARMONI PERKASA, PT",375.000.000,"2,55",L,CP
27-Feb-2026,COIN,INDOKRIPTO KOIN SEMESTA Tbk,"ARSARI NUSA INVESTAMA, PT",294.117.600,"2,00",L,IB
27-Feb-2026,COIN,INDOKRIPTO KOIN SEMESTA Tbk,PT. WASAMAS INVESTAMA NUSANTARA,220.000.000,"1,50",L,CP
27-Feb-2026,COIN,INDOKRIPTO KOIN SEMESTA Tbk,"SENTRA DANA KAPITAL, PT",187.500.000,"1,27",L,CP
27-Feb-2026,COWL,COWELL DEVELOPMENT Tbk,PT Gama Nusapala,3.464.639.204,"71,12",L,CP
27-Feb-2026,COWL,COWELL DEVELOPMENT Tbk,FERAL INVESTMENT INC,699.040.539,"14,35",A,CP
27-Feb-2026,COWL,COWELL DEVELOPMENT Tbk,Earvin Limited,395.470.500,"8,12",A,CP
27-Feb-2026,COWL,COWELL DEVELOPMENT Tbk,PT KRISTAL DAYA KENCANA,110.694.600,"2,27",L,CP
27-Feb-2026,COWL,COWELL DEVELOPMENT Tbk,REKSA DANA EMCO MANTAP,76.758.400,"1,58",L,MF
27-Feb-2026,CPIN,CHAROEN POKPHAND INDONESIA Tbk,CHAROEN POKPHAND INDONESIA GROUP,9.106.385.410,"55,53",L,CP
27-Feb-2026,CPIN,CHAROEN POKPHAND INDONESIA Tbk,UBS AG SINGAPORE BRANCH,980.766.200,"5,98",A,IB
27-Feb-2026,CPIN,CHAROEN POKPHAND INDONESIA Tbk,PT LEAP GLOBAL CAPITAL,768.442.400,"4,69",L,CP
27-Feb-2026,CPIN,CHAROEN POKPHAND INDONESIA Tbk,DBS BANK LTD.,719.421.300,"4,39",A,IB
27-Feb-2026,CPIN,CHAROEN POKPHAND INDONESIA Tbk,UNITED OVERSEAS BANK NOMINEES (PRIVATE) LIMITED,704.137.300,"4,29",A,CP
27-Feb-2026,CPIN,CHAROEN POKPHAND INDONESIA Tbk,RBC SINGAPORE - CLIENTS A/C,681.950.000,"4,16",A,IB
27-Feb-2026,CPIN,CHAROEN POKPHAND INDONESIA Tbk,BONHAM NOMINEES PTE LTD,512.963.540,"3,13",A,CP
27-Feb-2026,CPIN,CHAROEN POKPHAND INDONESIA Tbk,UOB KAY HIAN PRIVATE LIMITED,392.577.420,"2,39",A,SC
27-Feb-2026,CPIN,CHAROEN POKPHAND INDONESIA Tbk,DJS KETENAGAKERJAAN PROGRAM JAMINAN PENSIUN,263.754.700,"1,61",L,IS
27-Feb-2026,CPRI,CAPRI NUSA SATU PROPERTI Tbk,PT RDW GLOBAL INVESTASI d/h PT INDIGO SUPER MEKANIKA,1.732.500.000,"71,20",,
27-Feb-2026,CPRI,CAPRI NUSA SATU PROPERTI Tbk,UOB KAY HIAN PRIVATE LIMITED,118.591.000,"4,87",A,SC
27-Feb-2026,CPRI,CAPRI NUSA SATU PROPERTI Tbk,REKSA DANA EMCO MANTAP,37.119.200,"1,53",L,MF
27-Feb-2026,CPRO,CENTRAL PROTEINAPRIMA Tbk,PT CENTRAL PANGAN PRIMA,26.898.933.014,"45,15",L,CP
27-Feb-2026,CPRO,CENTRAL PROTEINAPRIMA Tbk,UOB KAY HIAN PRIVATE LIMITED,2.903.900.000,"4,87",A,SC
27-Feb-2026,CPRO,CENTRAL PROTEINAPRIMA Tbk,DBS BANK LTD.,2.894.065.000,"4,86",A,IB
27-Feb-2026,CPRO,CENTRAL PROTEINAPRIMA Tbk,CGS INTERNATIONAL SECURITIES SINGAPORE PTE LTD,2.781.941.900,"4,67",A,IB
27-Feb-2026,CPRO,CENTRAL PROTEINAPRIMA Tbk,UBS AG SINGAPORE BRANCH,2.521.823.600,"4,23",A,IB
27-Feb-2026,CPRO,CENTRAL PROTEINAPRIMA Tbk,UOB KAY HIAN (HONG KONG) LTD,2.425.500.000,"4,07",A,SC
27-Feb-2026,CPRO,CENTRAL PROTEINAPRIMA Tbk,CITIBANK HONG KONG S/A PBG CLIENTS SG,1.832.000.000,"3,08",A,IB
27-Feb-2026,CPRO,CENTRAL PROTEINAPRIMA Tbk,CHANDRA ANTOLIS,785.578.800,"1,32",L,ID
27-Feb-2026,CRAB,TOBA SURIMI INDUSTRIES Tbk,GINDRA TARDY,507.780.000,"26,04",L,ID
27-Feb-2026,CRAB,TOBA SURIMI INDUSTRIES Tbk,BINTARNA TARDY,436.112.200,"22,36",L,ID
27-Feb-2026,CRAB,TOBA SURIMI INDUSTRIES Tbk,BUDI SATRIA TARDY,329.195.700,"16,88",L,ID
27-Feb-2026,CRAB,TOBA SURIMI INDUSTRIES Tbk,IRSAN SUDARGO,168.012.000,"8,62",L,ID
27-Feb-2026,CRAB,TOBA SURIMI INDUSTRIES Tbk,SIA LENG HONG ALIAS TONY,161.928.000,"8,30",L,ID
27-Feb-2026,CRAB,TOBA SURIMI INDUSTRIES Tbk,PT PRIMA ANDALAN SEKURITAS,63.308.400,"3,25",L,CP
27-Feb-2026,CRAB,TOBA SURIMI INDUSTRIES Tbk,PT EQUITAS GLOBAL MANDIRI,61.443.300,"3,15",L,CP
27-Feb-2026,CRAB,TOBA SURIMI INDUSTRIES Tbk,PT INTI DEXA INVESTINDO,61.512.500,"3,15",L,CP
27-Feb-2026,CRAB,TOBA SURIMI INDUSTRIES Tbk,PT MINA PRIMA INVESTAMA,53.407.500,"2,74",L,CP
27-Feb-2026,CRAB,TOBA SURIMI INDUSTRIES Tbk,ERMAN,46.800.000,"2,40",L,ID
27-Feb-2026,CRAB,TOBA SURIMI INDUSTRIES Tbk,RUDY WIJAYA,20.005.000,"1,03",L,ID
27-Feb-2026,CRSN,CARSURIN Tbk,SHEILA MARIA TIWAN,1.447.139.400,"50,04",L,ID
27-Feb-2026,CRSN,CARSURIN Tbk,FLORA REGINA REGIAN,852.624.000,"29,48",L,ID
27-Feb-2026,CRSN,CARSURIN Tbk,PT HYPERION PLUTUS PILAR,144.300.000,"4,99",L,CP
27-Feb-2026,CRSN,CARSURIN Tbk,PT. ATLAS ORION INTEGRITAS,144.100.000,"4,98",L,CP
27-Feb-2026,CRSN,CARSURIN Tbk,PT. MONTEZUMA AQUARIUS UTAMA,144.000.000,"4,98",L,CP
27-Feb-2026,CRSN,CARSURIN Tbk,BING MONIAGA,29.820.000,"1,03",L,ID
27-Feb-2026,CRSN,CARSURIN Tbk,ANTONIUS GUNAWAN GHO,29.731.100,"1,03",L,ID
27-Feb-2026,CSAP,CATUR SENTOSA ADIPRANA Tbk,PT.BUANATATA ADISENTOSA,1.819.108.716,"32,01",L,CP
27-Feb-2026,CSAP,CATUR SENTOSA ADIPRANA Tbk,SCG RETAIL HOLDING COMPANY LIMITED,1.755.800.091,"30,89",A,CP
27-Feb-2026,CSAP,CATUR SENTOSA ADIPRANA Tbk,NTASIAN DISCOVERY MASTER FUND,749.033.925,"13,18",A,MF
27-Feb-2026,CSAP,CATUR SENTOSA ADIPRANA Tbk,DBS BANK LTD S/A ALBIZIA ASEAN OPPORTUNITIES FUND,568.336.263,"10,00",A,IB
27-Feb-2026,CSAP,CATUR SENTOSA ADIPRANA Tbk,BUDYANTO TOTONG,353.893.142,"6,23",L,ID
27-Feb-2026,CSIS,CAHAYASAKTI INVESTINDO SUKSES Tbk,PT ANDALAN UTAMA BINTARA,1.193.219.559,"65,21",L,CP
27-Feb-2026,CSIS,CAHAYASAKTI INVESTINDO SUKSES Tbk,PT OLYMPIC KAPITAL EQUITY,350.232.000,"19,14",L,CP
27-Feb-2026,CSMI,CIPTA SELERA MURNI Tbk,LISA MUCHTAR,458.200.000,"56,15",L,ID
27-Feb-2026,CSMI,CIPTA SELERA MURNI Tbk,REKSA DANA SUCORINVEST EQUITY PRIMA FUND,40.060.200,"4,91",L,MF
27-Feb-2026,CSMI,CIPTA SELERA MURNI Tbk,REKSA DANA SUCORINVEST SAHAM DINAMIS,27.252.900,"3,34",L,MF
27-Feb-2026,CSMI,CIPTA SELERA MURNI Tbk,REKSA DANA SUCORINVEST SHARIA EQUITY FUND,20.240.900,"2,48",L,MF
27-Feb-2026,CSMI,CIPTA SELERA MURNI Tbk,CIPTA SWADAYA MURNI PT,17.348.900,"2,13",L,CP
27-Feb-2026,CSMI,CIPTA SELERA MURNI Tbk,REKSA DANA BALANCED FUND SUCORINVEST ANAK PINTAR,15.593.000,"1,91",L,MF
27-Feb-2026,CSMI,CIPTA SELERA MURNI Tbk,EVIE T. KARISOH,13.300.000,"1,63",L,ID
27-Feb-2026,CSRA,CISADANE SAWIT RAYA Tbk,PT. VERDAN SAWIT LESTARI,779.000.000,"38,00",L,CP
27-Feb-2026,CSRA,CISADANE SAWIT RAYA Tbk,PT SAPTA SAWIT LESTARI,779.000.000,"38,00",L,CP
27-Feb-2026,CSRA,CISADANE SAWIT RAYA Tbk,ALLON SERVICES PTE LTD,100.000.000,"4,88",A,OT
27-Feb-2026,CSRA,CISADANE SAWIT RAYA Tbk,PT CISADANE SAWIT RAYA,95.107.100,"4,64",L,CP
27-Feb-2026,CSRA,CISADANE SAWIT RAYA Tbk,PT. SAWIT INTI PERKASA,82.000.000,"4,00",L,CP
27-Feb-2026,CSRA,CISADANE SAWIT RAYA Tbk,Jambol Iwanto,39.743.128,"1,94",L,ID
27-Feb-2026,CSRA,CISADANE SAWIT RAYA Tbk,EXCELLARY CAPITAL PTE. LTD.,37.457.972,"1,83",A,OT
27-Feb-2026,CTBN,CITRA TUBINDO Tbk,KESTREL WAVE INVESTMENT LTD,386.029.420,"48,23",A,CP
27-Feb-2026,CTBN,CITRA TUBINDO Tbk,VALLOUREC TUBES,268.000.000,"33,48",A,CP
27-Feb-2026,CTBN,CITRA TUBINDO Tbk,NIPPON STEEL CORPORATION,55.816.880,"6,97",A,CP
27-Feb-2026,CTBN,CITRA TUBINDO Tbk,NIPPON STEEL SINGAPORE PTE LTD,30.954.650,"3,87",A,CP
27-Feb-2026,CTBN,CITRA TUBINDO Tbk,Sumitomo Corporation,28.968.880,"3,62",A,CP
27-Feb-2026,CTBN,CITRA TUBINDO Tbk,SUMITOMO CORPORATION ASIA & OCEANIA PTE. LTD.,14.414.200,"1,80",A,IB
27-Feb-2026,CTBN,CITRA TUBINDO Tbk,BNP PARIBAS SECURITIES SERVICES JERSEY S/A NON TAX TREATY CLIENTS/TAXABLE (EUR),11.890.200,"1,49",A,SC
27-Feb-2026,CTRA,CIPUTRA DEVELOPMENT Tbk,PT. SANG PELOPOR,9.882.123.998,"53,31",L,CP
27-Feb-2026,CTRA,CIPUTRA DEVELOPMENT Tbk,YIMMY STEPHANOES,781.655.800,"4,22",L,ID
27-Feb-2026,CTRA,CIPUTRA DEVELOPMENT Tbk,FIDELITY FUNDS,692.548.600,"3,74",A,MF
27-Feb-2026,CTRA,CIPUTRA DEVELOPMENT Tbk,GOVERNMENT OF NORWAY,458.223.297,"2,47",A,OT
27-Feb-2026,CTRA,CIPUTRA DEVELOPMENT Tbk,PT. ARENABINA MAKARTI,301.000.000,"1,62",L,CP
27-Feb-2026,CTRA,CIPUTRA DEVELOPMENT Tbk,DJS KETENAGAKERJAAN PROGRAM JAMINAN HARI TUA,279.939.500,"1,51",L,IS
27-Feb-2026,CTRA,CIPUTRA DEVELOPMENT Tbk,JPMCB NA AIF CLT RE-FIDELITY ASIAN VALUES PLC,208.812.200,"1,13",A,CP
27-Feb-2026,CTTH,CITATAH Tbk,PARALLAX VENTURE PARTNERS XIII LTD,232.618.891,"18,90",,
27-Feb-2026,CTTH,CITATAH Tbk,UOB KAY HIAN PRIVATE LIMITED,115.735.348,"9,40",A,SC
27-Feb-2026,CTTH,CITATAH Tbk,TAUFIK JOHANNES,105.992.999,"8,61",L,ID
27-Feb-2026,CTTH,CITATAH Tbk,ADVANCE CAPITAL LIMITED,86.472.558,"7,03",,
27-Feb-2026,CTTH,CITATAH Tbk,MERIDIAN-PACIFIC INTERNATIONAL PTE LTD,67.777.000,"5,51",,
27-Feb-2026,CTTH,CITATAH Tbk,Investspring Limited,64.800.681,"5,26",A,CP
27-Feb-2026,CTTH,CITATAH Tbk,Hexagon International Worldwide Ltd.,60.842.830,"4,94",A,OT
27-Feb-2026,CTTH,CITATAH Tbk,WONG HWA JIN,58.002.500,"4,71",L,ID
27-Feb-2026,CTTH,CITATAH Tbk,KANTOR PUSAT DJKN DITJEN KEKAYAAN NEGARA KEMENTRIAN KEUANGAN,52.725.864,"4,28",L,OT
27-Feb-2026,CTTH,CITATAH Tbk,JIMMY SIANTO,29.767.275,"2,42",L,ID
27-Feb-2026,CTTH,CITATAH Tbk,DENISE JOHANES,12.600.000,"1,02",L,ID
27-Feb-2026,CUAN,PETRINDO JAYA KREASI Tbk,PRAJOGO PANGESTU,94.541.950.000,"84,10",L,ID
27-Feb-2026,CUAN,PETRINDO JAYA KREASI Tbk,"GRANGE PROSPERITY PTE, LTD",3.661.059.500,"3,26",A,CP
27-Feb-2026,CUAN,PETRINDO JAYA KREASI Tbk,DBS BANK LTD.,1.625.088.000,"1,45",A,IB
27-Feb-2026,CUAN,PETRINDO JAYA KREASI Tbk,HSBC LTD-SINGAPORE BRANCH PRIVATE BANKING DIVISION ACCOUNT CLIENTS,1.230.116.000,"1,09",A,CP
27-Feb-2026,CUAN,PETRINDO JAYA KREASI Tbk,BANK OF SINGAPORE LIMITED,1.173.739.100,"1,04",A,IB
27-Feb-2026,CUAN,PETRINDO JAYA KREASI Tbk,STANDARD CHARTERED BANK (SINGAPORE) LIMITED,1.141.185.000,"1,02",A,IB
27-Feb-2026,CYBR,ITSEC ASIA Tbk,INV MANAGEMENT PTE LTD,2.622.536.397,"39,06",A,CP
27-Feb-2026,CYBR,ITSEC ASIA Tbk,MB INVESTMENT MANAGEMENT PTE.LTD.,1.710.200.057,"25,47",A,CP
27-Feb-2026,CYBR,ITSEC ASIA Tbk,UBS SWITZERLAND AG,578.336.670,"8,61",A,IB
27-Feb-2026,CYBR,ITSEC ASIA Tbk,CMB MONACO,295.620.900,"4,40",A,IB
27-Feb-2026,CYBR,ITSEC ASIA Tbk,PT OCBC SEKURITAS INDONESIA,249.300.000,"3,71",L,SC
27-Feb-2026,CYBR,ITSEC ASIA Tbk,TITAN HOLDINGS MIDDLE EAST LIMITED,211.156.400,"3,15",A,CP
27-Feb-2026,CYBR,ITSEC ASIA Tbk,MATTHEW OWEN MARSDEN,175.788.800,"2,62",A,ID
27-Feb-2026,CYBR,ITSEC ASIA Tbk,ABS SECURITISATION SA,146.063.400,"2,18",A,CP
27-Feb-2026,DAAZ,DAAZ BARA LESTARI Tbk,PT DAAZ NUSANTARA ABADI,848.500.000,"42,49",L,CP
27-Feb-2026,DAAZ,DAAZ BARA LESTARI Tbk,ZAINAL ABIDINSYAH SIREGAR,339.400.000,"17,00",L,ID
27-Feb-2026,DAAZ,DAAZ BARA LESTARI Tbk,IRAWAN SASTROTANOJO,254.550.000,"12,75",L,ID
27-Feb-2026,DAAZ,DAAZ BARA LESTARI Tbk,ERWIN SUTANTO,254.550.000,"12,75",L,ID
27-Feb-2026,DAAZ,DAAZ BARA LESTARI Tbk,VOLCANO VENTURES VCC - VOLCANO WEB3 FUND,94.850.100,"4,75",A,CP
27-Feb-2026,DAAZ,DAAZ BARA LESTARI Tbk,GARUDA ONE VCC - ALPHA EDGE VENTURES,62.100.100,"3,11",A,OT
27-Feb-2026,DAAZ,DAAZ BARA LESTARI Tbk,PT SUMBER WAHYU SENTOSA,57.900.000,"2,90",L,CP
27-Feb-2026,DADA,DIAMOND CITRA PROPERTINDO Tbk,PT KARYA PERMATA INOVASI INDONESIA,1.600.000.000,"21,53",L,CP
27-Feb-2026,DADA,DIAMOND CITRA PROPERTINDO Tbk,"SETIAWAN, SE",113.002.100,"1,52",L,ID
27-Feb-2026,DADA,DIAMOND CITRA PROPERTINDO Tbk,SUTIA NA,81.700.000,"1,10",L,ID
27-Feb-2026,DADA,DIAMOND CITRA PROPERTINDO Tbk,UOB KAY HIAN PRIVATE LIMITED,80.000.000,"1,08",A,SC
27-Feb-2026,DADA,DIAMOND CITRA PROPERTINDO Tbk,LUKMAN HARJANTO,75.043.000,"1,01",L,ID
27-Feb-2026,DART,DUTA ANGGADA REALTY Tbk,HARTADI ANGKOSUBROTO,1.465.409.134,"46,65",L,ID
27-Feb-2026,DART,DUTA ANGGADA REALTY Tbk,PT. DUTA ANGGADA,1.391.976.548,"44,31",L,CP
27-Feb-2026,DART,DUTA ANGGADA REALTY Tbk,OVERSEA-CHINESE BANKING CORPORATION LIMITED,46.330.600,"1,47",A,IB
27-Feb-2026,DART,DUTA ANGGADA REALTY Tbk,IRENE THESMAN,43.438.100,"1,38",L,ID
27-Feb-2026,DART,DUTA ANGGADA REALTY Tbk,LGT BANK AG,42.652.080,"1,36",A,IB
27-Feb-2026,DATA,REMALA ABADI Tbk,VERAH WAHYUDI S WONG,551.301.200,"40,09",L,ID
27-Feb-2026,DATA,REMALA ABADI Tbk,PT IFORTE SOLUSI INFOTEK,550.000.900,"40,00",L,CP
27-Feb-2026,DATA,REMALA ABADI Tbk,DJONI,75.000.000,"5,45",L,ID
27-Feb-2026,DATA,REMALA ABADI Tbk,FX BOEDI SOEBIANTO,16.293.100,"1,18",L,ID
27-Feb-2026,DAYA,DUTA INTIDAYA Tbk,TOTAL ALLIANCE HOLDINGS LIMITED,1.788.029.003,"73,87",A,IB
27-Feb-2026,DAYA,DUTA INTIDAYA Tbk,"INDAH SEHAT CEMERLANG,PT",422.007.259,"17,43",L,CP
27-Feb-2026,DAYA,DUTA INTIDAYA Tbk,"UNION BANCAIRE PRIVEE, UBP SA SINGAPORE BRANCH",96.787.000,"4,00",A,IB
27-Feb-2026,DAYA,DUTA INTIDAYA Tbk,UOB KAY HIAN PRIVATE LIMITED,70.000.000,"2,89",A,SC
27-Feb-2026,DAYA,DUTA INTIDAYA Tbk,"USAHA INDAH ABADI,PT",25.000.000,"1,03",L,CP
27-Feb-2026,DCII,DCI INDONESIA Tbk,OTTO TOTO SUGIRI,712.784.905,"29,90",L,ID
27-Feb-2026,DCII,DCI INDONESIA Tbk,MARINA BUDIMAN,536.505.149,"22,51",L,ID
27-Feb-2026,DCII,DCI INDONESIA Tbk,HAN ARMING HANAFIA,336.352.227,"14,11",L,ID
27-Feb-2026,DCII,DCI INDONESIA Tbk,ANTHONI SALIM,265.033.461,"11,12",L,ID
27-Feb-2026,DCII,DCI INDONESIA Tbk,SKYHILLS CAPITAL SPC,110.000.000,"4,61",A,CP
27-Feb-2026,DCII,DCI INDONESIA Tbk,BING MONIAGA,100.861.358,"4,23",L,ID
27-Feb-2026,DCII,DCI INDONESIA Tbk,FORTUNE YIELD INVESTMENT SPC,100.000.000,"4,20",A,CP
27-Feb-2026,DCII,DCI INDONESIA Tbk,CHANG CHENG INVESTMENT HOLDING LIMITED,80.257.700,"3,37",A,CP
27-Feb-2026,DCII,DCI INDONESIA Tbk,Peak Harvest Pte Ltd,74.518.300,"3,13",A,CP
27-Feb-2026,DCII,DCI INDONESIA Tbk,PT. GRAHA SENTOSA ADITAMA MAJU,63.728.500,"2,67",L,CP
27-Feb-2026,DEAL,DEWATA FREIGHTINTERNATIONAL Tbk,PT. BIMADA PARAMITA ADHYANA,117.472.141,"10,25",L,CP
27-Feb-2026,DEAL,DEWATA FREIGHTINTERNATIONAL Tbk,HENDRI,106.598.800,"9,30",L,ID
27-Feb-2026,DEAL,DEWATA FREIGHTINTERNATIONAL Tbk,HARJONO,56.631.700,"4,94",L,ID
27-Feb-2026,DEAL,DEWATA FREIGHTINTERNATIONAL Tbk,LUCKY THERESSA RAY,23.283.200,"2,03",L,ID
27-Feb-2026,DEAL,DEWATA FREIGHTINTERNATIONAL Tbk,LIE LIAN TIE,22.727.200,"1,98",L,ID
27-Feb-2026,DEAL,DEWATA FREIGHTINTERNATIONAL Tbk,PT. BERSAMA NGRUWAT BONDO,18.551.100,"1,62",L,CP
27-Feb-2026,DEAL,DEWATA FREIGHTINTERNATIONAL Tbk,PIERRE DERMAWAN,13.831.900,"1,21",L,ID
27-Feb-2026,DEAL,DEWATA FREIGHTINTERNATIONAL Tbk,AGUS MANASYE,13.500.000,"1,18",L,ID
27-Feb-2026,DEAL,DEWATA FREIGHTINTERNATIONAL Tbk,NANI HARDJOSUHONO POETRO,13.200.000,"1,15",L,ID
27-Feb-2026,DEAL,DEWATA FREIGHTINTERNATIONAL Tbk,Laniana,12.504.400,"1,09",L,ID
27-Feb-2026,DEAL,DEWATA FREIGHTINTERNATIONAL Tbk,GAO RI,12.006.900,"1,05",L,ID
27-Feb-2026,DEFI,DANASUPRA ERAPACIFIC Tbk,"ASURANSI JIWA KRESNA, PT",162.009.540,"23,57",L,IS
27-Feb-2026,DEFI,DANASUPRA ERAPACIFIC Tbk,PT INTAN SAKTI WIRATAMA,143.756.666,"20,92",L,CP
27-Feb-2026,DEFI,DANASUPRA ERAPACIFIC Tbk,PT JESIVINDO JUVATAMA,102.600.000,"14,93",L,CP
27-Feb-2026,DEFI,DANASUPRA ERAPACIFIC Tbk,PT QUANTUM CLOVERA INVESTAMA TBK,99.417.000,"14,47",L,SC
27-Feb-2026,DEFI,DANASUPRA ERAPACIFIC Tbk,ABAKUS (ASIA PACIFIC) PTE. LTD.,33.800.000,"4,92",A,CP
27-Feb-2026,DEFI,DANASUPRA ERAPACIFIC Tbk,PT HARMONI GEMILANG INTAN,19.603.393,"2,85",L,CP
27-Feb-2026,DEFI,DANASUPRA ERAPACIFIC Tbk,PT KARYA KARUNIA PERSADA,15.144.470,"2,20",L,CP
27-Feb-2026,DEFI,DANASUPRA ERAPACIFIC Tbk,PT. KRESNA ASSET MANAGEMENT S/A PT. M CASH INTEGRASI TBK,15.000.000,"2,18",L,CP
27-Feb-2026,DEFI,DANASUPRA ERAPACIFIC Tbk,PT BANGUN CIPTA GRAHA,13.583.400,"1,98",L,CP
27-Feb-2026,DEFI,DANASUPRA ERAPACIFIC Tbk,INOVASI PRIMA SENTOSA,10.230.100,"1,49",L,CP
27-Feb-2026,DEFI,DANASUPRA ERAPACIFIC Tbk,PT KRESNA PRIMA INVEST,9.450.000,"1,38",L,CP
27-Feb-2026,DEPO,CATURKARDA DEPO BANGUNAN Tbk,PT TANCORP SURYA SUKSES,1.595.423.600,"23,50",L,CP
27-Feb-2026,DEPO,CATURKARDA DEPO BANGUNAN Tbk,PT.BUANATATA ADISENTOSA,1.595.423.600,"23,50",L,CP
27-Feb-2026,DEPO,CATURKARDA DEPO BANGUNAN Tbk,KAMBIYANTO KETTIN,1.536.840.000,"22,63",,
27-Feb-2026,DEPO,CATURKARDA DEPO BANGUNAN Tbk,GLOBAL HOUSE INTERNATIONAL COMPANY LIMITED,1.493.800.000,"22,00",A,CP
27-Feb-2026,DEPO,CATURKARDA DEPO BANGUNAN Tbk,DBS BANK LTD S/A ALBIZIA ASEAN OPPORTUNITIES FUND,156.823.600,"2,31",A,IB
27-Feb-2026,DEWA,DARMA HENWA Tbk,GOLDWAVE CAPITAL LIMITED,3.815.217.000,"9,38",A,OT
27-Feb-2026,DEWA,DARMA HENWA Tbk,PT ANDHESTI TUNGKAS PRATAMA,3.235.000.066,"7,95",L,CP
27-Feb-2026,DEWA,DARMA HENWA Tbk,CGS INTERNATIONAL SECURITIES HONG KONG LIMITED,2.595.655.200,"6,38",A,SC
27-Feb-2026,DEWA,DARMA HENWA Tbk,Zurich Assets International Ltd,2.513.178.390,"6,18",A,CP
27-Feb-2026,DEWA,DARMA HENWA Tbk,CGS INTERNATIONAL SEKURITAS INDONESIA,2.249.540.595,"5,53",L,SC
27-Feb-2026,DEWA,DARMA HENWA Tbk,PETROMINE ENERGY TRADING,1.814.059.000,"4,46",L,CP
27-Feb-2026,DEWA,DARMA HENWA Tbk,PT DARMA HENWA TBK,1.638.793.874,"4,03",L,CP
27-Feb-2026,DEWA,DARMA HENWA Tbk,ADAM GIFARI SE,846.750.100,"2,08",L,ID
27-Feb-2026,DEWA,DARMA HENWA Tbk,PT. KB VALBURY SEKURITAS,821.218.700,"2,02",L,SC
27-Feb-2026,DEWA,DARMA HENWA Tbk,PT. BCA SEKURITAS,812.005.072,"2,00",L,SC
27-Feb-2026,DEWA,DARMA HENWA Tbk,PT PRODIGY ENERGY RESOURCES,773.000.000,"1,90",L,CP
27-Feb-2026,DEWA,DARMA HENWA Tbk,HARTMAN INTERNATIONAL PTE LTD,634.052.067,"1,56",A,CP
27-Feb-2026,DEWA,DARMA HENWA Tbk,PT TRIMEGAH SEKURITAS INDONESIA TBK,557.112.637,"1,37",L,SC
27-Feb-2026,DEWI,DEWI SHRI FARMINDO Tbk,ADITIYA FAJAR JUNUS,780.000.000,"39,00",L,ID
27-Feb-2026,DEWI,DEWI SHRI FARMINDO Tbk,HENRY SAPUTRA,264.630.000,"13,23",L,ID
27-Feb-2026,DEWI,DEWI SHRI FARMINDO Tbk,SUJITO NGATIMAN,110.956.700,"5,55",L,ID
27-Feb-2026,DEWI,DEWI SHRI FARMINDO Tbk,FERRY SAPUTRA,101.592.900,"5,08",L,ID
27-Feb-2026,DEWI,DEWI SHRI FARMINDO Tbk,RAKHMAT DAMDAMI,56.747.300,"2,84",L,ID
27-Feb-2026,DEWI,DEWI SHRI FARMINDO Tbk,TJIPTO JUNOES,37.872.400,"1,89",L,ID
27-Feb-2026,DEWI,DEWI SHRI FARMINDO Tbk,HENDRA KUSTIAWAN,37.372.800,"1,87",L,ID
27-Feb-2026,DEWI,DEWI SHRI FARMINDO Tbk,PURNOMO SINAR HADI,27.850.000,"1,39",L,ID
27-Feb-2026,DEWI,DEWI SHRI FARMINDO Tbk,PT TRUST SEKURITAS,25.085.500,"1,25",L,SC
27-Feb-2026,DEWI,DEWI SHRI FARMINDO Tbk,FEBRIANA NGATIMAN,23.799.600,"1,19",L,ID
27-Feb-2026,DEWI,DEWI SHRI FARMINDO Tbk,BARCLAYS CAPITAL SECURITIES LIMITED,20.563.300,"1,03",A,IB
27-Feb-2026,DFAM,DAFAM PROPERTY INDONESIA Tbk,PT. DAFAM,1.015.000.000,"53,43",L,CP
27-Feb-2026,DFAM,DAFAM PROPERTY INDONESIA Tbk,BILLY DAHLAN,185.200.000,"9,75",L,ID
27-Feb-2026,DFAM,DAFAM PROPERTY INDONESIA Tbk,REKSA DANA NARADA SAHAM INDONESIA,134.032.800,"7,05",L,MF
27-Feb-2026,DFAM,DAFAM PROPERTY INDONESIA Tbk,EDY SELAMAT,127.665.073,"6,72",L,ID
27-Feb-2026,DFAM,DAFAM PROPERTY INDONESIA Tbk,REKSA DANA NARADA SAHAM INDONESIA II,75.848.600,"3,99",L,MF
27-Feb-2026,DFAM,DAFAM PROPERTY INDONESIA Tbk,AGITA PRALAMBANG I.S,37.070.017,"1,95",L,ID
27-Feb-2026,DFAM,DAFAM PROPERTY INDONESIA Tbk,REKSA DANA NARADA CAMPURAN I,30.203.500,"1,59",L,MF
27-Feb-2026,DFAM,DAFAM PROPERTY INDONESIA Tbk,DUROTUNNISIAA,21.545.600,"1,13",L,ID
27-Feb-2026,DFAM,DAFAM PROPERTY INDONESIA Tbk,LEONARDO WIE SAN,20.000.000,"1,05",L,ID
27-Feb-2026,DFAM,DAFAM PROPERTY INDONESIA Tbk,BAMBANG SOEGIHARTO,20.000.000,"1,05",L,ID
27-Feb-2026,DGIK,NUSA KONSTRUKSI ENJINIRING Tbk,PT GLOBAL DINAMIKA KENCANA,2.897.768.500,"52,30",L,CP
27-Feb-2026,DGIK,NUSA KONSTRUKSI ENJINIRING Tbk,OCBC SECURITIES PRIVATE LIMITED,536.958.200,"9,69",A,SC
27-Feb-2026,DGIK,NUSA KONSTRUKSI ENJINIRING Tbk,PT NUSA KONSTRUKSI ENJINIRING TBK,400.214.500,"7,22",L,CP
27-Feb-2026,DGIK,NUSA KONSTRUKSI ENJINIRING Tbk,PT GEMA INVESTASI UTAMA,270.834.400,"4,89",L,CP
27-Feb-2026,DGIK,NUSA KONSTRUKSI ENJINIRING Tbk,PT PILAR UTAMA CAPITAL,249.638.400,"4,51",L,CP
27-Feb-2026,DGIK,NUSA KONSTRUKSI ENJINIRING Tbk,PT KAPITALINDO SEJAHTERA MANDIRI,204.262.300,"3,69",L,CP
27-Feb-2026,DGIK,NUSA KONSTRUKSI ENJINIRING Tbk,PT GLOBAL DINAMIKA KENCANA SINGAPORE PTE. LTD.,149.639.000,"2,70",A,CP
27-Feb-2026,DGIK,NUSA KONSTRUKSI ENJINIRING Tbk,PT INVESTINDO PRATAMA SEJAHTERA,106.608.400,"1,92",L,CP
27-Feb-2026,DGIK,NUSA KONSTRUKSI ENJINIRING Tbk,INDODEXA WIRA BUANA PT,75.000.000,"1,35",,
27-Feb-2026,DGIK,NUSA KONSTRUKSI ENJINIRING Tbk,PERMATA BUANA INTERNATIONAL PT,75.000.000,"1,35",,
27-Feb-2026,DGNS,DIAGNOS LABORATORIUM UTAMA Tbk,PT BUNDAMEDIK,490.000.000,"39,20",L,CP
27-Feb-2026,DGNS,DIAGNOS LABORATORIUM UTAMA Tbk,PT. BUNDA INVESTAMA INDONESIA,485.000.000,"38,80",L,CP
27-Feb-2026,DGNS,DIAGNOS LABORATORIUM UTAMA Tbk,MULTI GARAM UTAMA PT,37.174.700,"2,97",L,CP
27-Feb-2026,DGNS,DIAGNOS LABORATORIUM UTAMA Tbk,"BUNDAMEDIK TBK, PT",25.000.000,"2,00",L,CP
27-Feb-2026,DGNS,DIAGNOS LABORATORIUM UTAMA Tbk,HARTARTO CIPUTRA,13.300.000,"1,06",L,ID
27-Feb-2026,DGWG,DELTA GIRI WACANA Tbk,DAVID YAORY,1.769.974.000,"30,09",L,ID
27-Feb-2026,DGWG,DELTA GIRI WACANA Tbk,PT MAYBANK SEKURITAS INDONESIA - REGISTRAR,736.843.000,"12,53",L,SC
27-Feb-2026,DGWG,DELTA GIRI WACANA Tbk,PT GAIA PROSPERITI KAPITAL,270.633.500,"4,60",L,CP
27-Feb-2026,DGWG,DELTA GIRI WACANA Tbk,PT. BERKSHIRE MULTI INVESTAMA,190.077.200,"3,23",L,CP
27-Feb-2026,DGWG,DELTA GIRI WACANA Tbk,GEBRAKAN BINTANG UTARA PT,113.325.300,"1,93",L,CP
27-Feb-2026,DGWG,DELTA GIRI WACANA Tbk,MARWATI JENNY TANASAL,92.924.100,"1,58",L,ID
27-Feb-2026,DIGI,ARKADIA DIGITAL MEDIA Tbk,"HARVEST CAPITAL INTERNATIONAL, PT",584.817.200,"35,99",L,CP
27-Feb-2026,DIGI,ARKADIA DIGITAL MEDIA Tbk,IWA SUKRESNO KARUNIA,457.061.300,"28,13",L,ID
27-Feb-2026,DIGI,ARKADIA DIGITAL MEDIA Tbk,SUWARJONO,86.184.800,"5,30",L,ID
27-Feb-2026,DIGI,ARKADIA DIGITAL MEDIA Tbk,FERRY SETIAWAN HENDRA P,25.402.800,"1,56",L,ID
27-Feb-2026,DILD,INTILAND DEVELOPMENT Tbk,CGS INTERNATIONAL SECURITIES SINGAPORE PTE LTD,1.556.900.100,"15,02",A,IB
27-Feb-2026,DILD,INTILAND DEVELOPMENT Tbk,CGS INTERNATIONAL SEKURITAS INDONESIA,1.505.252.433,"14,52",L,SC
27-Feb-2026,DILD,INTILAND DEVELOPMENT Tbk,PT BINA YATRA SENTOSA,1.168.804.675,"11,28",L,CP
27-Feb-2026,DILD,INTILAND DEVELOPMENT Tbk,BALI PRIVATE VILLA (S) PTE. LTD,775.871.346,"7,48",A,IB
27-Feb-2026,DILD,INTILAND DEVELOPMENT Tbk,LO KHENG HONG. DRS,696.038.100,"6,71",L,ID
27-Feb-2026,DILD,INTILAND DEVELOPMENT Tbk,"PANIN SEKURITAS Tbk, PT",367.092.700,"3,54",L,SC
27-Feb-2026,DILD,INTILAND DEVELOPMENT Tbk,SUHENDRO PRABOWO,219.683.834,"2,12",L,ID
27-Feb-2026,DILD,INTILAND DEVELOPMENT Tbk,DRS. JAHJA ASIKIN,191.147.434,"1,84",L,ID
27-Feb-2026,DILD,INTILAND DEVELOPMENT Tbk,UOB KAY HIAN PRIVATE LIMITED,182.361.634,"1,76",A,SC
27-Feb-2026,DILD,INTILAND DEVELOPMENT Tbk,UTAMA GONDOKUSUMO,153.778.684,"1,48",L,ID
27-Feb-2026,DILD,INTILAND DEVELOPMENT Tbk,PT AMB FINANSIAL INDONESIA,150.000.000,"1,45",L,CP
27-Feb-2026,DILD,INTILAND DEVELOPMENT Tbk,PING HANDAYANI HANLI,125.389.534,"1,21",L,ID
27-Feb-2026,DIVA,DISTRIBUSI VOUCHER NUSANTARA Tbk,"ASURANSI JIWA KRESNA, PT",454.825.000,"31,84",L,IS
27-Feb-2026,DIVA,DISTRIBUSI VOUCHER NUSANTARA Tbk,PT. 1 INTI DOT COM,313.500.300,"21,95",L,CP
27-Feb-2026,DIVA,DISTRIBUSI VOUCHER NUSANTARA Tbk,PT SOTERIA WICAKSANA INVESTAMA,216.771.800,"15,17",L,CP
27-Feb-2026,DIVA,DISTRIBUSI VOUCHER NUSANTARA Tbk,MARTIN SUHARLIE,116.936.200,"8,19",A,ID
27-Feb-2026,DIVA,DISTRIBUSI VOUCHER NUSANTARA Tbk,PT ASURANSI MAXIMUS GRAHA PERSADA TBK,32.519.500,"2,28",L,IS
27-Feb-2026,DIVA,DISTRIBUSI VOUCHER NUSANTARA Tbk,PT DISTRIBUSI VOUCHER NUSANTARA TBK,28.583.800,"2,00",L,CP
27-Feb-2026,DIVA,DISTRIBUSI VOUCHER NUSANTARA Tbk,PT. LOGITEK DIGITAL NUSANTARA,19.522.800,"1,37",L,CP
27-Feb-2026,DKFT,CENTRAL OMEGA RESOURCES Tbk,PT JINSHENG MINING,3.475.113.878,"61,63",L,CP
27-Feb-2026,DKFT,CENTRAL OMEGA RESOURCES Tbk,ANDY UNTONO,280.601.500,"4,98",L,ID
27-Feb-2026,DKFT,CENTRAL OMEGA RESOURCES Tbk,INDRAWATI KAMARUDIN,258.104.900,"4,58",L,ID
27-Feb-2026,DKFT,CENTRAL OMEGA RESOURCES Tbk,TALITHA SARAH UNTONO,190.691.600,"3,38",L,ID
27-Feb-2026,DKFT,CENTRAL OMEGA RESOURCES Tbk,KIKI HAMIDJAJA,142.400.044,"2,53",L,ID
27-Feb-2026,DKFT,CENTRAL OMEGA RESOURCES Tbk,"PT CENTRAL OMEGA RESOURCES, TBK",124.760.725,"2,21",L,CP
27-Feb-2026,DKFT,CENTRAL OMEGA RESOURCES Tbk,UBS AG SINGAPORE BRANCH,80.811.300,"1,43",A,IB
27-Feb-2026,DKFT,CENTRAL OMEGA RESOURCES Tbk,BANK OF SINGAPORE LIMITED,65.788.200,"1,17",A,IB
27-Feb-2026,DKHH,CIPTA SARANA MEDIKA Tbk,SILIWANGI DJAJAKUSUMAH HOSPITALS,2.019.998.000,"79,21",L,CP
27-Feb-2026,DLTA,DELTA DJAKARTA Tbk,SAN MIGUEL MALAYSIA (L) PTE.LTD.,467.061.150,"58,33",A,CP
27-Feb-2026,DLTA,DELTA DJAKARTA Tbk,PEMERINTAH DAERAH DKI JAKARTA,210.200.700,"26,25",,
27-Feb-2026,DLTA,DELTA DJAKARTA Tbk,CAVENHAM PRIVATE EQUITY(2006),30.634.450,"3,83",A,MF
27-Feb-2026,DLTA,DELTA DJAKARTA Tbk,REKSA DANA PANIN DANA MAKSIMA,11.314.000,"1,41",L,MF
27-Feb-2026,DMAS,PURADELTA LESTARI Tbk,PT SUMBER ARUSMULIA,27.608.772.200,"57,28",L,CP
27-Feb-2026,DMAS,PURADELTA LESTARI Tbk,SOJITZ CORPORATION,12.049.527.800,"25,00",,
27-Feb-2026,DMAS,PURADELTA LESTARI Tbk,PT TASPEN (PERSERO),853.927.400,"1,77",L,IS
27-Feb-2026,DMMX,DIGITAL MEDIATAMA MAXIMA Tbk,PT NFC INDONESIA TBK,2.126.868.400,"27,65",L,CP
27-Feb-2026,DMMX,DIGITAL MEDIATAMA MAXIMA Tbk,PT. JAYA DISTRIBUSI RITEL,1.446.731.400,"18,81",L,CP
27-Feb-2026,DMMX,DIGITAL MEDIATAMA MAXIMA Tbk,BANK OF SINGAPORE LIMITED,1.068.254.200,"13,89",A,IB
27-Feb-2026,DMMX,DIGITAL MEDIATAMA MAXIMA Tbk,PT SOTERIA WICAKSANA INVESTAMA,788.295.100,"10,25",L,CP
27-Feb-2026,DMMX,DIGITAL MEDIATAMA MAXIMA Tbk,PT. DIGITAL MEDIATAMA MAXIMA TBK,432.872.500,"5,63",L,CP
27-Feb-2026,DMMX,DIGITAL MEDIATAMA MAXIMA Tbk,HARTONO FRANSCESCO,248.144.400,"3,23",L,ID
27-Feb-2026,DMMX,DIGITAL MEDIATAMA MAXIMA Tbk,RR CAPITAL GROUP PTE. LTD,190.257.700,"2,47",A,CP
27-Feb-2026,DMMX,DIGITAL MEDIATAMA MAXIMA Tbk,HARIJANTO LANGGENG,95.270.100,"1,24",L,ID
27-Feb-2026,DMMX,DIGITAL MEDIATAMA MAXIMA Tbk,NINIK KUSUMOWATI TJAHJONO,86.877.400,"1,13",L,ID
27-Feb-2026,DMMX,DIGITAL MEDIATAMA MAXIMA Tbk,EDY SUSANTO,78.380.800,"1,02",L,ID
27-Feb-2026,DMND,DIAMOND FOOD INDONESIA Tbk,CHEN TSEN NAN,3.306.889.113,"34,93",L,ID
27-Feb-2026,DMND,DIAMOND FOOD INDONESIA Tbk,ANDERSON INVESTMENTS PTE. LTD.,1.892.724.964,"19,99",A,CP
27-Feb-2026,DMND,DIAMOND FOOD INDONESIA Tbk,KENNETH CHEN,1.881.573.854,"19,87",L,ID
27-Feb-2026,DMND,DIAMOND FOOD INDONESIA Tbk,CHEN WAI SIOE,971.832.425,"10,26",L,ID
27-Feb-2026,DMND,DIAMOND FOOD INDONESIA Tbk,ASTRAWATI ALUWI,657.855.795,"6,95",L,ID
27-Feb-2026,DMND,DIAMOND FOOD INDONESIA Tbk,GARUDA ONE VCC - SEA DYNAMIC OPPORTUNITIES,445.879.173,"4,71",A,MF
27-Feb-2026,DMND,DIAMOND FOOD INDONESIA Tbk,GARUDA ONE VCC - ASIA GROWTH FUND,211.603.676,"2,23",A,MF
27-Feb-2026,DNAR,BANK OKE INDONESIA Tbk,OK NEXT CO.LTD,15.288.673.243,"90,51",A,IB
27-Feb-2026,DNAR,BANK OKE INDONESIA Tbk,PT WILLOW DENE INDONESIA,625.000.000,"3,70",L,CP
27-Feb-2026,DNAR,BANK OKE INDONESIA Tbk,JONATHAN TAHIR,236.995.977,"1,40",L,ID
27-Feb-2026,DNET,INDORITEL MAKMUR INTERNASIONAL Tbk,HANNAWELL GROUP LIMITED,5.581.931.400,"39,35",A,CP
27-Feb-2026,DNET,INDORITEL MAKMUR INTERNASIONAL Tbk,ANTHONI SALIM,3.588.278.023,"25,30",L,ID
27-Feb-2026,DNET,INDORITEL MAKMUR INTERNASIONAL Tbk,PT MEGAH ERARAHARJA,2.854.633.305,"20,13",L,CP
27-Feb-2026,DNET,INDORITEL MAKMUR INTERNASIONAL Tbk,CRIS DEVELOPMENTS LIMITED,527.497.050,"3,72",A,CP
27-Feb-2026,DNET,INDORITEL MAKMUR INTERNASIONAL Tbk,PT PRIMA VISUALINDO,410.510.000,"2,89",L,CP
27-Feb-2026,DNET,INDORITEL MAKMUR INTERNASIONAL Tbk,PT. INDOLIFE PENSIONTAMA,362.682.500,"2,56",L,IS
27-Feb-2026,DNET,INDORITEL MAKMUR INTERNASIONAL Tbk,PT CAKRA BAKTI WIRA SEMESTA,223.370.000,"1,57",L,CP
27-Feb-2026,DNET,INDORITEL MAKMUR INTERNASIONAL Tbk,CHEMINVEST LIMITED,187.198.314,"1,32",A,CP
27-Feb-2026,DNET,INDORITEL MAKMUR INTERNASIONAL Tbk,Stream Topaz Limited,142.720.000,"1,01",A,CP
27-Feb-2026,DOID,BUMA INTERNASIONAL GRUP Tbk,NORTHSTAR TAMBANG PERSADA LTD,2.924.000.000,"38,22",A,OT
27-Feb-2026,DOID,BUMA INTERNASIONAL GRUP Tbk,SIX SIS LTD,432.100.000,"5,65",A,IB
27-Feb-2026,DOID,BUMA INTERNASIONAL GRUP Tbk,PT TRIMEGAH SEKURITAS INDONESIA TBK,374.580.000,"4,90",L,SC
27-Feb-2026,DOID,BUMA INTERNASIONAL GRUP Tbk,UBS AG SINGAPORE BRANCH,334.996.615,"4,38",A,IB
27-Feb-2026,DOID,BUMA INTERNASIONAL GRUP Tbk,BUMA INTERNASIONAL GRUP,293.837.700,"3,84",L,CP
27-Feb-2026,DOID,BUMA INTERNASIONAL GRUP Tbk,MANOJ PITAMBER NANWANI,239.299.200,"3,13",L,ID
27-Feb-2026,DOID,BUMA INTERNASIONAL GRUP Tbk,DBS BANK LTD.,234.902.900,"3,07",A,IB
27-Feb-2026,DOID,BUMA INTERNASIONAL GRUP Tbk,RONALD SUTARDJA MSC MBA,222.760.000,"2,91",L,ID
27-Feb-2026,DOID,BUMA INTERNASIONAL GRUP Tbk,ASHISH GUPTA,200.000.000,"2,61",A,ID
27-Feb-2026,DOID,BUMA INTERNASIONAL GRUP Tbk,CA INDOSUEZ (SWITZERLAND) SA,170.538.000,"2,23",A,IB
27-Feb-2026,DOID,BUMA INTERNASIONAL GRUP Tbk,CAI SWITZERLAND SA,170.000.000,"2,22",A,IB
27-Feb-2026,DOID,BUMA INTERNASIONAL GRUP Tbk,PINKY NK,76.986.800,"1,01",L,ID
27-Feb-2026,DOOH,ERA MEDIA SEJAHTERA Tbk,PT. PRAMBANAN INVESTASI SUKSES,5.440.789.800,"70,30",L,CP
27-Feb-2026,DOSS,GLOBAL SUKSES DIGITAL Tbk,PT SUKSES INVESTAMA INDONESIA,1.086.250.000,"62,97",L,CP
27-Feb-2026,DOSS,GLOBAL SUKSES DIGITAL Tbk,SUGIMAN HALIM,172.083.800,"9,98",L,ID
27-Feb-2026,DOSS,GLOBAL SUKSES DIGITAL Tbk,TAHIR MATULATAN,124.871.100,"7,24",L,ID
27-Feb-2026,DOSS,GLOBAL SUKSES DIGITAL Tbk,UBS AG SINGAPORE BRANCH,73.843.500,"4,28",A,IB
27-Feb-2026,DOSS,GLOBAL SUKSES DIGITAL Tbk,IRA MAYA SAFITRI,39.453.000,"2,29",L,ID
27-Feb-2026,DOSS,GLOBAL SUKSES DIGITAL Tbk,MANJIT KISHIN PUNJABI,30.691.500,"1,78",L,ID
27-Feb-2026,DPNS,DUTA PERTIWI NUSANTARA,"DUTAPERMANA MAKMUR,PT",169.485.935,"51,18",L,CP
27-Feb-2026,DPNS,DUTA PERTIWI NUSANTARA,BANK JULIUS BAER & CO. LTD,22.538.303,"6,81",A,IB
27-Feb-2026,DPNS,DUTA PERTIWI NUSANTARA,SIANG HADI WIDJAJA,18.899.111,"5,71",L,ID
27-Feb-2026,DPNS,DUTA PERTIWI NUSANTARA,"GADING DANALESTARI, PT",16.000.000,"4,83",L,CP
27-Feb-2026,DPNS,DUTA PERTIWI NUSANTARA,HSBC LTD-SINGAPORE BRANCH PRIVATE BANKING DIVISION ACCOUNT CLIENTS,15.500.000,"4,68",A,CP
27-Feb-2026,DPNS,DUTA PERTIWI NUSANTARA,NG RYAN,10.741.962,"3,24",L,ID
27-Feb-2026,DPNS,DUTA PERTIWI NUSANTARA,SOESANTO AMIDJAJA,9.426.335,"2,85",L,ID
27-Feb-2026,DPNS,DUTA PERTIWI NUSANTARA,LIE EFFENDI HARSONO,7.483.932,"2,26",L,ID
27-Feb-2026,DPNS,DUTA PERTIWI NUSANTARA,ALPHONSUS A DHARMAWAN,6.220.400,"1,88",L,ID
27-Feb-2026,DPNS,DUTA PERTIWI NUSANTARA,ANDY TANUJAYA,5.284.000,"1,60",L,ID
27-Feb-2026,DPNS,DUTA PERTIWI NUSANTARA,MILLION POLFAN,3.479.100,"1,05",L,ID
27-Feb-2026,DPNS,DUTA PERTIWI NUSANTARA,DR GUNADI DIBJOJUWONO,3.347.900,"1,01",L,ID
27-Feb-2026,DPUM,DUA PUTRA UTAMA MAKMUR Tbk,PT PANDAWA PUTRA INVESTAMA,2.888.954.500,"69,20",L,CP
27-Feb-2026,DPUM,DUA PUTRA UTAMA MAKMUR Tbk,Reksa Dana Pan Arcadia Dana Saham Bertumbuh,190.570.000,"4,56",L,MF
27-Feb-2026,DPUM,DUA PUTRA UTAMA MAKMUR Tbk,PT JAMINAN KREDIT INDONESIA,163.636.300,"3,92",L,IB
27-Feb-2026,DPUM,DUA PUTRA UTAMA MAKMUR Tbk,DANA PENSIUN PERTAMINA,156.637.100,"3,75",L,PF
27-Feb-2026,DPUM,DUA PUTRA UTAMA MAKMUR Tbk,PT BNI SEKURITAS,103.686.400,"2,48",L,SC
27-Feb-2026,DPUM,DUA PUTRA UTAMA MAKMUR Tbk,EDDY WINATA,84.833.400,"2,03",L,ID
27-Feb-2026,DPUM,DUA PUTRA UTAMA MAKMUR Tbk,PERUSAHAAN PERSEROAN (PERSERO) PT. ASABRI,53.338.780,"1,28",L,IS
27-Feb-2026,DRMA,DHARMA POLIMETAL Tbk,"DHARMA INTI ANUGERAH, PT",2.240.000.000,"47,60",L,CP
27-Feb-2026,DRMA,DHARMA POLIMETAL Tbk,TRIPUTRA INVESTINDO ARYA,666.500.000,"14,16",L,CP
27-Feb-2026,DRMA,DHARMA POLIMETAL Tbk,"IRIANTO SANTOSO,IR",240.000.000,"5,10",L,ID
27-Feb-2026,DRMA,DHARMA POLIMETAL Tbk,IWAN DEWONO BUDIYUWONO,218.000.000,"4,63",L,ID
27-Feb-2026,DRMA,DHARMA POLIMETAL Tbk,HADI KASIM,188.662.800,"4,01",L,ID
27-Feb-2026,DRMA,DHARMA POLIMETAL Tbk,FIDELITY FUNDS,185.627.000,"3,94",A,MF
27-Feb-2026,DRMA,DHARMA POLIMETAL Tbk,STANDARD CHARTERED BANK SINGAPORE S/A SIXTEENTH STREET ASIAN GEMS FUND ID134041400003,117.826.100,"2,50",A,OT
27-Feb-2026,DRMA,DHARMA POLIMETAL Tbk,EMPLOYEES PROVIDENT FUND BOARD,99.911.600,"2,12",A,PF
27-Feb-2026,DRMA,DHARMA POLIMETAL Tbk,NOEL AELYO LARAS KUSUMA NEGARA,71.412.700,"1,52",L,ID
27-Feb-2026,DRMA,DHARMA POLIMETAL Tbk,YOSAPHAT PANUTURI SIMANJUNTAK,60.800.000,"1,29",L,ID
27-Feb-2026,DRMA,DHARMA POLIMETAL Tbk,PHILIPUS NAFTALI,60.000.000,"1,28",L,ID
27-Feb-2026,DSFI,DHARMA SAMUDERA FISHING INDUSTRIES Tbk,PT Marina Berkah Investama,1.292.483.650,"69,60",L,CP
27-Feb-2026,DSFI,DHARMA SAMUDERA FISHING INDUSTRIES Tbk,DHARMA MULIA ANDHIKA,66.528.000,"3,58",L,CP
27-Feb-2026,DSFI,DHARMA SAMUDERA FISHING INDUSTRIES Tbk,DANA PENSIUN BANK PEMBANGUNAN DAERAH JATENG,34.130.800,"1,84",L,PF
27-Feb-2026,DSFI,DHARMA SAMUDERA FISHING INDUSTRIES Tbk,"JASABANDA GARTA, PT",22.062.000,"1,19",L,SC
27-Feb-2026,DSNG,DHARMA SATYA NUSANTARA Tbk,TRIPUTRA INVESTINDO ARYA,3.002.450.341,"28,33",L,CP
27-Feb-2026,DSNG,DHARMA SATYA NUSANTARA Tbk,PT Krishna Kapital Investama,1.550.365.000,"14,63",L,CP
27-Feb-2026,DSNG,DHARMA SATYA NUSANTARA Tbk,ARIANTO OETOMO,575.967.500,"5,43",L,ID
27-Feb-2026,DSNG,DHARMA SATYA NUSANTARA Tbk,ANDRIANTO OETOMO,575.367.500,"5,43",L,ID
27-Feb-2026,DSNG,DHARMA SATYA NUSANTARA Tbk,MITRA ANEKA GUNA PT,519.876.000,"4,90",L,CP
27-Feb-2026,DSNG,DHARMA SATYA NUSANTARA Tbk,UOB KAY HIAN PRIVATE LIMITED,497.485.700,"4,69",A,SC
27-Feb-2026,DSNG,DHARMA SATYA NUSANTARA Tbk,DBS BANK LTD SG S/A PT TRI NUR CAKRAWALA,400.000.000,"3,77",L,CP
27-Feb-2026,DSNG,DHARMA SATYA NUSANTARA Tbk,PT TRI NUR CAKRAWALA,388.898.508,"3,67",L,CP
27-Feb-2026,DSNG,DHARMA SATYA NUSANTARA Tbk,IR. T. PERMADI RACHMAT,251.132.900,"2,37",L,ID
27-Feb-2026,DSNG,DHARMA SATYA NUSANTARA Tbk,ARIESKA LIANAWATI,241.865.000,"2,28",L,ID
27-Feb-2026,DSNG,DHARMA SATYA NUSANTARA Tbk,PT REKSA CIPTA INVESTAMA,238.301.919,"2,25",L,CP
27-Feb-2026,DSNG,DHARMA SATYA NUSANTARA Tbk,DJOJO BOENTORO,189.750.000,"1,79",L,ID
27-Feb-2026,DSNG,DHARMA SATYA NUSANTARA Tbk,PERSADA CAPITAL INVESTAMA,187.153.245,"1,77",L,CP
27-Feb-2026,DSNG,DHARMA SATYA NUSANTARA Tbk,PT. WAHANA ADHIKENCANA,178.555.000,"1,68",L,CP
27-Feb-2026,DSNG,DHARMA SATYA NUSANTARA Tbk,PT MULTI FORESTA INVESTAMA,156.250.000,"1,47",L,CP
27-Feb-2026,DSNG,DHARMA SATYA NUSANTARA Tbk,MAYBANK SECURITIES PTE. LTD.,121.920.000,"1,15",A,SC
27-Feb-2026,DSNG,DHARMA SATYA NUSANTARA Tbk,EFENDI SULISETYO,118.800.000,"1,12",L,ID
27-Feb-2026,DSSA,DIAN SWASTATIKA SENTOSA Tbk,PT SINAR MAS TUNGGAL,4.615.523.200,"59,90",L,CP
27-Feb-2026,DSSA,DIAN SWASTATIKA SENTOSA Tbk,PT DIAN SWASTATIKA SENTOSA TBK,1.516.238.270,"19,68",L,CP
27-Feb-2026,DSSA,DIAN SWASTATIKA SENTOSA Tbk,CITIBANK HONG KONG S/A CITIBANK HK SA PBG CLIENTS HK,318.748.700,"4,14",A,IB
27-Feb-2026,DSSA,DIAN SWASTATIKA SENTOSA Tbk,FITZGERALD & WILKINSON INVESTMENTS LTD,290.989.130,"3,78",A,IB
27-Feb-2026,DSSA,DIAN SWASTATIKA SENTOSA Tbk,UOB KAY HIAN PRIVATE LIMITED,288.098.300,"3,74",A,SC
27-Feb-2026,DSSA,DIAN SWASTATIKA SENTOSA Tbk,BANK OF SINGAPORE LIMITED,87.184.800,"1,13",A,IB
27-Feb-2026,DUCK,JAYA BERSAMA INDO Tbk,FIDELITY FUNDS,126.833.900,"9,88",A,MF
27-Feb-2026,DUCK,JAYA BERSAMA INDO Tbk,"ASIA KULINER SEJAHTERA, PT",82.076.590,"6,40",L,CP
27-Feb-2026,DUCK,JAYA BERSAMA INDO Tbk,HAIYANTO,62.574.500,"4,88",L,ID
27-Feb-2026,DUCK,JAYA BERSAMA INDO Tbk,CITIBANK NEW YORK S/A RAINBOW FUND LP,62.620.000,"4,88",A,OT
27-Feb-2026,DUCK,JAYA BERSAMA INDO Tbk,PT. ASURANSI JIWA PROLIFE INDONESIA,60.327.300,"4,70",L,IS
27-Feb-2026,DUCK,JAYA BERSAMA INDO Tbk,UNIVERSAL-INVESTMENT- GESSELLSCHAFT MBH FOR AVH EMERGING MARKETS FONDS UI,47.150.000,"3,67",A,OT
27-Feb-2026,DUCK,JAYA BERSAMA INDO Tbk,CA INDOSUEZ (SWITZERLAND) SA,27.165.800,"2,12",A,IB
27-Feb-2026,DUCK,JAYA BERSAMA INDO Tbk,PIUS SUTRISNO RIYANTO,26.578.700,"2,07",L,ID
27-Feb-2026,DUCK,JAYA BERSAMA INDO Tbk,CGS INTERNATIONAL SECURITIES SINGAPORE PTE LTD,25.755.700,"2,01",A,IB
27-Feb-2026,DUCK,JAYA BERSAMA INDO Tbk,DARWIN WINARDI,22.882.300,"1,78",L,ID
27-Feb-2026,DUTI,DUTA PERTIWI Tbk,BUMI SERPONG DAMAI TBK PT,1.709.013.632,"92,38",L,CP
27-Feb-2026,DUTI,DUTA PERTIWI Tbk,EUROTRADE DEVELOPMENTS LIMITED,77.279.100,"4,18",A,CP
27-Feb-2026,DUTI,DUTA PERTIWI Tbk,MORNING BRIGHT INVESTMENTS LIMITED,52.782.167,"2,85",A,CP
27-Feb-2026,DVLA,DARYA - VARIA LABORATORIA Tbk,BLUE SPHERE SINGAPORE PTE LTD,1.031.737.312,"92,12",A,CP
27-Feb-2026,DVLA,DARYA - VARIA LABORATORIA Tbk,CHANDWICK DEVELOPMENTS LIMITED,43.263.300,"3,86",A,OT
27-Feb-2026,DWGL,DWI GUNA LAKSANA Tbk,HAWTHORN-CAPITAL INVESTMENT PTE. LTD.,4.489.671.120,"48,52",,
27-Feb-2026,DWGL,DWI GUNA LAKSANA Tbk,DIAN CIPTAMAS AGUNG PT,899.011.380,"9,72",L,CP
27-Feb-2026,DWGL,DWI GUNA LAKSANA Tbk,ASURANSI SIMAS JIWA,766.206.066,"8,28",L,IS
27-Feb-2026,DWGL,DWI GUNA LAKSANA Tbk,PT NUSANTARA INDAH CEMERLANG,434.000.000,"4,69",L,CP
27-Feb-2026,DWGL,DWI GUNA LAKSANA Tbk,PT ARTHAMAS SOLUSINDO,417.613.200,"4,51",L,CP
27-Feb-2026,DWGL,DWI GUNA LAKSANA Tbk,PT LANGGENG KREASITAMA,344.211.517,"3,72",L,CP
27-Feb-2026,DWGL,DWI GUNA LAKSANA Tbk,PT BERKAT NUSANTARA INDAH,336.864.702,"3,64",L,CP
27-Feb-2026,DWGL,DWI GUNA LAKSANA Tbk,SINAR MAS MULTIARTHA TBK.,293.599.900,"3,17",L,CP
27-Feb-2026,DWGL,DWI GUNA LAKSANA Tbk,"PRIMA SAMODA, PT",264.601.124,"2,86",,
27-Feb-2026,DWGL,DWI GUNA LAKSANA Tbk,PT REVESSEL INDONESIA,192.978.550,"2,09",L,CP
27-Feb-2026,DWGL,DWI GUNA LAKSANA Tbk,REKSA DANA DANAMAS STABIL,182.022.400,"1,97",L,MF
27-Feb-2026,DWGL,DWI GUNA LAKSANA Tbk,PT. RIZKI LANCAR SENTOSA,156.533.783,"1,69",L,CP
27-Feb-2026,DWGL,DWI GUNA LAKSANA Tbk,PT. NARINDO SOLUSI TELEKOMUNIKASI,149.072.600,"1,61",L,CP
27-Feb-2026,DWGL,DWI GUNA LAKSANA Tbk,PT. BERAU BARA ENERGI,113.135.298,"1,22",L,CP
27-Feb-2026,DYAN,DYANDRA MEDIA INTERNATIONAL Tbk,PT TELETRANSMEDIA,2.199.357.269,"51,47",L,CP
27-Feb-2026,DYAN,DYANDRA MEDIA INTERNATIONAL Tbk,PT YULIE SEKURITAS INDONESIA TBK,297.241.300,"6,96",L,SC
27-Feb-2026,DYAN,DYANDRA MEDIA INTERNATIONAL Tbk,MONDIAL INVESTAMA INDONESIA,225.104.964,"5,27",L,CP
27-Feb-2026,DYAN,DYANDRA MEDIA INTERNATIONAL Tbk,RINA R A H RADINAL MAKSUM,221.118.774,"5,17",L,ID
27-Feb-2026,DYAN,DYANDRA MEDIA INTERNATIONAL Tbk,HANDI IRAWAN DJUWADI,217.098.200,"5,08",L,ID
27-Feb-2026,DYAN,DYANDRA MEDIA INTERNATIONAL Tbk,MARTINI SUTIKNO,120.554.350,"2,82",L,ID
27-Feb-2026,DYAN,DYANDRA MEDIA INTERNATIONAL Tbk,GRAHAWITA SANTIKA,116.152.375,"2,72",L,CP
27-Feb-2026,DYAN,DYANDRA MEDIA INTERNATIONAL Tbk,BUDI YANTO LUSLI,102.959.451,"2,41",L,ID
27-Feb-2026,DYAN,DYANDRA MEDIA INTERNATIONAL Tbk,T WIDYASARI WIDYATMAKA,66.031.050,"1,55",L,ID
27-Feb-2026,DYAN,DYANDRA MEDIA INTERNATIONAL Tbk,REKSA DANA PANIN DANA MAKSIMA,52.225.400,"1,22",L,MF
27-Feb-2026,EAST,EASTPARC HOTEL Tbk,FAUZIAH UMAR ABDAT,204.024.060,"4,94",L,ID
27-Feb-2026,EAST,EASTPARC HOTEL Tbk,NADIAH KHALID ABDAT,200.075.320,"4,85",L,ID
27-Feb-2026,EAST,EASTPARC HOTEL Tbk,HJ KAELESHA AFIATI,170.000.000,"4,12",L,ID
27-Feb-2026,EAST,EASTPARC HOTEL Tbk,KHALID BIN OMAR ABDAT,1.804.903.250,"43,74",L,ID
27-Feb-2026,EAST,EASTPARC HOTEL Tbk,FAUZI OMAR ABDAT,112.615.990,"2,73",A,ID
27-Feb-2026,EAST,EASTPARC HOTEL Tbk,MUHAMMAD BIN FAISEL ABDAT,104.609.100,"2,54",A,ID
27-Feb-2026,EAST,EASTPARC HOTEL Tbk,HAMZAH BIN FAISEL ABDAT,104.541.000,"2,53",A,ID
27-Feb-2026,EAST,EASTPARC HOTEL Tbk,ALIAH BINTI FAISEL ABDAT,101.906.000,"2,47",A,ID
27-Feb-2026,EAST,EASTPARC HOTEL Tbk,KHALED BIN FAISEL ABDAT,94.485.100,"2,29",A,ID
27-Feb-2026,EAST,EASTPARC HOTEL Tbk,FAZLINA OMAR ABDAT,90.517.180,"2,19",A,ID
27-Feb-2026,EAST,EASTPARC HOTEL Tbk,FARIZAH BINTI ZAHID,89.703.050,"2,17",A,ID
27-Feb-2026,EAST,EASTPARC HOTEL Tbk,NAJIHA BINTI ZAHID,89.703.050,"2,17",A,ID
27-Feb-2026,EAST,EASTPARC HOTEL Tbk,ARIFF BIN ZAHID,89.703.050,"2,17",A,ID
27-Feb-2026,EAST,EASTPARC HOTEL Tbk,AHMAD BIN ABDULLAH HUSSAIN HARHARAH,85.584.800,"2,07",A,ID
27-Feb-2026,EAST,EASTPARC HOTEL Tbk,GHAZALLA JINNAH,82.792.829,"2,01",A,ID
27-Feb-2026,EAST,EASTPARC HOTEL Tbk,SA'DIAH ALI ABDAT,60.465.600,"1,47",A,ID
27-Feb-2026,EAST,EASTPARC HOTEL Tbk,ALI BIN SAID ABDAT,58.000.000,"1,41",A,ID
27-Feb-2026,EAST,EASTPARC HOTEL Tbk,NUR'AINI BINTE ZAKARIA SHAIKH OMAR BAGHARIB,44.472.300,"1,08",A,ID
27-Feb-2026,EAST,EASTPARC HOTEL Tbk,GUSTI SABAH BINTE ZAKARIA (GUSTI SABAH BINTE ZAKARIA BAGHARIB),44.145.260,"1,07",A,ID
27-Feb-2026,EAST,EASTPARC HOTEL Tbk,HUSSAIN BIN AHMAD ABDULLAH HARHARAH,42.802.600,"1,04",A,ID
27-Feb-2026,ECII,ELECTRONIC CITY INDONESIA Tbk,UOB KAY HIAN PRIVATE LIMITED,397.327.305,"29,78",A,SC
27-Feb-2026,ECII,ELECTRONIC CITY INDONESIA Tbk,PT. Graha Surya Kirana,341.250.000,"25,57",,
27-Feb-2026,ECII,ELECTRONIC CITY INDONESIA Tbk,PT. Artha Graha Network,308.850.000,"23,15",,
27-Feb-2026,ECII,ELECTRONIC CITY INDONESIA Tbk,"PT ELECTRONIC CITY INDONESIA, Tbk",119.451.195,"8,95",L,CP
27-Feb-2026,ECII,ELECTRONIC CITY INDONESIA Tbk,PT ARTHA HARAPAN GEMILANG,46.892.600,"3,51",L,CP
27-Feb-2026,ECII,ELECTRONIC CITY INDONESIA Tbk,REKSA DANA SUCORINVEST SAHAM DINAMIS,20.999.000,"1,57",L,MF
27-Feb-2026,ECII,ELECTRONIC CITY INDONESIA Tbk,NIXON JACOBUS SILFANUS,18.165.000,"1,36",L,ID
27-Feb-2026,EDGE,INDOINTERNET Tbk,DIGITAL EDGE (HONG KONG) LIMITED,1.193.969.000,"59,10",A,CP
27-Feb-2026,EDGE,INDOINTERNET Tbk,DIGITAL EDGE (HK) SPVI LIMITED,666.682.500,"33,00",A,CP
27-Feb-2026,EDGE,INDOINTERNET Tbk,UOB KAY HIAN (HONG KONG) LTD,151.519.000,"7,50",A,SC
27-Feb-2026,EKAD,EKADHARMA INTERNATIONAL Tbk,PT. EKADHARMA INTI PERKASA,2.874.012.300,"82,26",L,CP
27-Feb-2026,EKAD,EKADHARMA INTERNATIONAL Tbk,DRS SURONO SUBEKTI,135.595.800,"3,88",L,ID
27-Feb-2026,EKAD,EKADHARMA INTERNATIONAL Tbk,OCBC SECURITIES PRIVATE LIMITED,102.188.875,"2,92",A,SC
27-Feb-2026,EKAD,EKADHARMA INTERNATIONAL Tbk,SINTAWATI KUSTADY,92.574.575,"2,65",L,ID
27-Feb-2026,EKAD,EKADHARMA INTERNATIONAL Tbk,LAI CHIN TOT,47.984.700,"1,37",A,ID
27-Feb-2026,ELIT,DATA SINERGITAMA JAYA Tbk,"GRATUS DEO INDONESIA, PT",557.038.128,"27,42",,
27-Feb-2026,ELIT,DATA SINERGITAMA JAYA Tbk,"INDONESIA MUDA INOVATIF, PT",432.965.764,"21,31",,
27-Feb-2026,ELIT,DATA SINERGITAMA JAYA Tbk,PT DELEMONT GLOBAL VENTURE,306.291.308,"15,08",L,CP
27-Feb-2026,ELIT,DATA SINERGITAMA JAYA Tbk,PT. INOTECH,124.495.612,"6,13",L,CP
27-Feb-2026,ELIT,DATA SINERGITAMA JAYA Tbk,Hendra Suryakusuma,38.519.612,"1,90",L,ID
27-Feb-2026,ELIT,DATA SINERGITAMA JAYA Tbk,PT TRUST SEKURITAS,34.465.400,"1,70",L,SC
27-Feb-2026,ELIT,DATA SINERGITAMA JAYA Tbk,WILSON SURYAJAYA,28.075.200,"1,38",L,ID
27-Feb-2026,ELPI,PELAYARAN NASIONAL EKALYA PURNAMASARI Tbk,KREASI CIPTA TIMUR,6.104.700.000,"82,36",L,CP
27-Feb-2026,ELPI,PELAYARAN NASIONAL EKALYA PURNAMASARI Tbk,PT. CITRA PRIMA LOKA,339.048.200,"4,57",L,CP
27-Feb-2026,ELPI,PELAYARAN NASIONAL EKALYA PURNAMASARI Tbk,PT. GLOBAL BERKAT SOLUSINDO,337.029.600,"4,55",L,CP
27-Feb-2026,ELPI,PELAYARAN NASIONAL EKALYA PURNAMASARI Tbk,TAN CHRISTIAN TANIPUTRA,189.000.000,"2,55",L,ID
27-Feb-2026,ELPI,PELAYARAN NASIONAL EKALYA PURNAMASARI Tbk,BANK OF SINGAPORE LIMITED,181.600.600,"2,45",A,IB
27-Feb-2026,ELPI,PELAYARAN NASIONAL EKALYA PURNAMASARI Tbk,SURYA BUDIMAN,124.294.200,"1,68",L,ID
27-Feb-2026,ELSA,ELNUSA Tbk,PT PERTAMINA HULU ENERGI,3.729.781.000,"51,10",L,CP
27-Feb-2026,ELSA,ELNUSA Tbk,HAIYANTO,454.538.400,"6,23",L,ID
27-Feb-2026,ELSA,ELNUSA Tbk,RIDOAN MADJUKIE,133.500.000,"1,83",L,ID
27-Feb-2026,ELSA,ELNUSA Tbk,PURYANTO,130.584.100,"1,79",L,ID
27-Feb-2026,ELSA,ELNUSA Tbk,"PANIN SEKURITAS Tbk, PT",100.460.600,"1,38",L,SC
27-Feb-2026,ELSA,ELNUSA Tbk,"UBS AG, LONDON",91.339.315,"1,25",A,IB
27-Feb-2026,ELSA,ELNUSA Tbk,REKSA DANA ASHMORE SAHAM SEJAHTERA NUSANTARA,86.759.600,"1,19",L,MF
27-Feb-2026,ELSA,ELNUSA Tbk,WISDOMTREE EMERGING MARKETS HIGH DIVIDEND FUND,80.096.300,"1,10",A,MF
27-Feb-2026,ELSA,ELNUSA Tbk,"GSCO LLC S/A TRUFFLE HOUND GLOBAL VALUE, LLC",80.000.000,"1,10",A,OT
27-Feb-2026,ELTY,BAKRIELAND DEVELOPMENT Tbk,ASURANSI SIMAS JIWA,2.329.095.649,"5,35",L,IS
27-Feb-2026,ELTY,BAKRIELAND DEVELOPMENT Tbk,INTERVENTURES CAPITAL PTE. LTD,2.227.645.000,"5,12",A,OT
27-Feb-2026,ELTY,BAKRIELAND DEVELOPMENT Tbk,BANK OF SINGAPORE LIMITED,1.510.156.800,"3,47",A,IB
27-Feb-2026,ELTY,BAKRIELAND DEVELOPMENT Tbk,PETROMINE ENERGY TRADING,1.135.924.000,"2,61",L,CP
27-Feb-2026,ELTY,BAKRIELAND DEVELOPMENT Tbk,DJONI,1.126.588.700,"2,59",L,ID
27-Feb-2026,ELTY,BAKRIELAND DEVELOPMENT Tbk,REKSA DANA TF SUPER MAXXI,1.045.321.000,"2,40",L,MF
27-Feb-2026,ELTY,BAKRIELAND DEVELOPMENT Tbk,PT GLOBAL INTRIMA,760.000.000,"1,75",L,CP
27-Feb-2026,ELTY,BAKRIELAND DEVELOPMENT Tbk,REKSA DANA OSO FLORES EQUITY FUND,601.988.700,"1,38",L,MF
27-Feb-2026,ELTY,BAKRIELAND DEVELOPMENT Tbk,"Tesco International Capital, PT",574.775.100,"1,32",L,CP
27-Feb-2026,ELTY,BAKRIELAND DEVELOPMENT Tbk,REKSA DANA POOL ADVISTA KAPITAL OPTIMAL,558.433.900,"1,28",L,MF
27-Feb-2026,ELTY,BAKRIELAND DEVELOPMENT Tbk,HAIYANTO,531.412.500,"1,22",L,ID
27-Feb-2026,ELTY,BAKRIELAND DEVELOPMENT Tbk,KINGSWOOD UNION CORPORATION,495.213.796,"1,14",A,OT
27-Feb-2026,ELTY,BAKRIELAND DEVELOPMENT Tbk,PT. NARINDO SOLUSI TELEKOMUNIKASI,476.246.804,"1,09",L,CP
27-Feb-2026,EMAS,MERDEKA GOLD RESOURCES Tbk,MERDEKA COPPER GOLD TBK PT,9.329.376.465,"63,33",L,CP
27-Feb-2026,EMAS,MERDEKA GOLD RESOURCES Tbk,PT NUSANTARA INDAH CEMERLANG,551.877.600,"3,75",L,CP
27-Feb-2026,EMAS,MERDEKA GOLD RESOURCES Tbk,WINATO KARTONO,548.772.817,"3,73",L,ID
27-Feb-2026,EMAS,MERDEKA GOLD RESOURCES Tbk,CONTINUUM SPC,464.173.100,"3,15",A,MF
27-Feb-2026,EMAS,MERDEKA GOLD RESOURCES Tbk,LAVERTON INVESTMENT HOLDINGS LTD,282.446.760,"1,92",A,IB
27-Feb-2026,EMAS,MERDEKA GOLD RESOURCES Tbk,HARDI WIJAYA LIONG,235.188.351,"1,60",L,ID
27-Feb-2026,EMAS,MERDEKA GOLD RESOURCES Tbk,MORGAN STANLEY AND CO INTERNATIONAL PLC,222.668.112,"1,51",A,CP
27-Feb-2026,EMAS,MERDEKA GOLD RESOURCES Tbk,PT BINTANG DELAPAN HARMONI,221.216.300,"1,50",L,CP
27-Feb-2026,EMAS,MERDEKA GOLD RESOURCES Tbk,"Nugraha Eka Kencana, PT",195.377.665,"1,33",L,CP
27-Feb-2026,EMAS,MERDEKA GOLD RESOURCES Tbk,SANTOSO KARTONO,185.041.495,"1,26",L,ID
27-Feb-2026,EMAS,MERDEKA GOLD RESOURCES Tbk,STANDARD CHARTERED BANK (SINGAPORE) LIMITED,170.402.000,"1,16",A,IB
27-Feb-2026,EMAS,MERDEKA GOLD RESOURCES Tbk,DIAN CIPTAMAS AGUNG PT,160.804.000,"1,09",L,CP
27-Feb-2026,EMAS,MERDEKA GOLD RESOURCES Tbk,SMG MANAGEMENT LIMITED,161.207.400,"1,09",A,CP
27-Feb-2026,EMDE,MEGAPOLITAN DEVELOPMENTS Tbk,COSMOPOLITAN PERSADA DEVELOPMENT,2.237.018.320,"66,78",L,CP
27-Feb-2026,EMDE,MEGAPOLITAN DEVELOPMENTS Tbk,DBS BANK LTD.,231.147.000,"6,90",A,IB
27-Feb-2026,EMDE,MEGAPOLITAN DEVELOPMENTS Tbk,SADIKUN WIRATNO,159.102.500,"4,75",L,ID
27-Feb-2026,EMDE,MEGAPOLITAN DEVELOPMENTS Tbk,L. MELANI LOWAS.B.RIMBA,131.490.840,"3,93",L,ID
27-Feb-2026,EMDE,MEGAPOLITAN DEVELOPMENTS Tbk,SUDJONO BARAK RIMBA,131.490.840,"3,93",L,ID
27-Feb-2026,EMDE,MEGAPOLITAN DEVELOPMENTS Tbk,SILVIA DAISY NILASARI. L,108.095.700,"3,23",L,ID
27-Feb-2026,EMDE,MEGAPOLITAN DEVELOPMENTS Tbk,Dennis Fitriawan Singgih,47.090.100,"1,41",L,ID
27-Feb-2026,EMDE,MEGAPOLITAN DEVELOPMENTS Tbk,REKSA DANA SUCORINVEST EQUITY PRIMA FUND,38.041.500,"1,14",L,MF
27-Feb-2026,EMTK,ELANG MAHKOTA TEKNOLOGI Tbk,RD EDDY K SARIAATMADJA,13.439.147.454,"21,88",L,ID
27-Feb-2026,EMTK,ELANG MAHKOTA TEKNOLOGI Tbk,PT ADIKARSA SARANA,8.654.560.360,"14,09",L,CP
27-Feb-2026,EMTK,ELANG MAHKOTA TEKNOLOGI Tbk,IR. SUSANTO SUWARTO,7.117.889.090,"11,59",L,ID
27-Feb-2026,EMTK,ELANG MAHKOTA TEKNOLOGI Tbk,ANTHONI SALIM,5.510.302.220,"8,97",L,ID
27-Feb-2026,EMTK,ELANG MAHKOTA TEKNOLOGI Tbk,PIET YAURY,4.989.564.500,"8,12",A,ID
27-Feb-2026,EMTK,ELANG MAHKOTA TEKNOLOGI Tbk,PT PRIMA VISUALINDO,3.802.209.980,"6,19",L,CP
27-Feb-2026,EMTK,ELANG MAHKOTA TEKNOLOGI Tbk,RD FOFO SARIAATMADJA,2.901.559.040,"4,72",L,ID
27-Feb-2026,EMTK,ELANG MAHKOTA TEKNOLOGI Tbk,GP NETWORK ASIA PTE LTD,2.821.978.671,"4,59",A,OT
27-Feb-2026,EMTK,ELANG MAHKOTA TEKNOLOGI Tbk,INAWATI NINGSIH JUWONO,1.036.500.030,"1,69",L,ID
27-Feb-2026,EMTK,ELANG MAHKOTA TEKNOLOGI Tbk,STANDARD CHARTERED BANK (SINGAPORE) LIMITED,988.925.000,"1,61",A,IB
27-Feb-2026,EMTK,ELANG MAHKOTA TEKNOLOGI Tbk,DEUTSCHE BK AG (PRIVATE BANKING) SPORE WM CLIENT,621.917.516,"1,01",A,IB
27-Feb-2026,ENAK,CHAMP RESTO INDONESIA Tbk,BAROKAH MELAYU FOOD PTE. LTD.,1.181.173.300,"54,52",A,CP
27-Feb-2026,ENAK,CHAMP RESTO INDONESIA Tbk,ALI GUNAWAN BUDIMAN,309.683.700,"14,29",L,ID
27-Feb-2026,ENAK,CHAMP RESTO INDONESIA Tbk,PT. ALBA CIPTA RASA,294.363.000,"13,59",L,CP
27-Feb-2026,ENAK,CHAMP RESTO INDONESIA Tbk,PT CIPTA RASA JUARA,163.454.000,"7,54",L,CP
27-Feb-2026,ENAK,CHAMP RESTO INDONESIA Tbk,BANK OF SINGAPORE LIMITED,87.645.800,"4,05",A,IB
27-Feb-2026,ENAK,CHAMP RESTO INDONESIA Tbk,JOHN ANDREAS DJOEWARDI,43.036.800,"1,99",L,ID
27-Feb-2026,ENRG,ENERGI MEGA PERSADA Tbk,PT SHIMA GLOBAL KAPITAL,4.589.993.813,"17,42",L,CP
27-Feb-2026,ENRG,ENERGI MEGA PERSADA Tbk,PT TRIMEGAH SEKURITAS INDONESIA TBK,3.096.057.222,"11,75",L,SC
27-Feb-2026,ENRG,ENERGI MEGA PERSADA Tbk,CGS INTERNATIONAL SEKURITAS INDONESIA,2.000.015.198,"7,59",L,SC
27-Feb-2026,ENRG,ENERGI MEGA PERSADA Tbk,PT MAYBANK SEKURITAS INDONESIA - REGISTRAR,1.739.244.300,"6,60",L,SC
27-Feb-2026,ENRG,ENERGI MEGA PERSADA Tbk,PT BAKRIE CAPITAL INDONESIA,1.238.853.797,"4,70",L,CP
27-Feb-2026,ENRG,ENERGI MEGA PERSADA Tbk,MAJU PERKASA OPTIMA KARSA PT,897.606.400,"3,41",L,CP
27-Feb-2026,ENRG,ENERGI MEGA PERSADA Tbk,Reignwood International Investment (Group) Company Limited,898.278.476,"3,41",A,CP
27-Feb-2026,ENRG,ENERGI MEGA PERSADA Tbk,PT BAKRIE KALILA INVESTMENT,814.855.432,"3,09",L,CP
27-Feb-2026,ENRG,ENERGI MEGA PERSADA Tbk,CGS INTERNATIONAL SECURITIES HONG KONG LIMITED,801.976.100,"3,04",A,SC
27-Feb-2026,ENRG,ENERGI MEGA PERSADA Tbk,PT SATYA INVESTA PERSADA,754.212.193,"2,86",L,CP
27-Feb-2026,ENRG,ENERGI MEGA PERSADA Tbk,BERKAT MITRA PATRIA PT,491.209.900,"1,86",L,CP
27-Feb-2026,ENRG,ENERGI MEGA PERSADA Tbk,"PANIN SEKURITAS Tbk, PT",409.097.519,"1,55",L,SC
27-Feb-2026,ENRG,ENERGI MEGA PERSADA Tbk,PETROMINE ENERGY TRADING,362.957.245,"1,38",L,CP
27-Feb-2026,ENRG,ENERGI MEGA PERSADA Tbk,PT BIOFUEL INDO SUMATRA,354.918.500,"1,35",L,CP
27-Feb-2026,ENRG,ENERGI MEGA PERSADA Tbk,SAMUEL INTERNATIONAL,350.000.067,"1,33",L,CP
27-Feb-2026,ENRG,ENERGI MEGA PERSADA Tbk,PT. KB VALBURY SEKURITAS,349.500.125,"1,33",L,SC
27-Feb-2026,ENRG,ENERGI MEGA PERSADA Tbk,SENTRA DAYA GEMILANG PT,292.926.534,"1,11",L,CP
27-Feb-2026,ENVY,ENVY TECHNOLOGIES INDONESIA Tbk,PT ENVY MANAJEMEN KONSULTANSI,130.352.100,"7,24",,
27-Feb-2026,ENVY,ENVY TECHNOLOGIES INDONESIA Tbk,WG CAPITAL LTD.,108.157.000,"6,01",A,CP
27-Feb-2026,ENVY,ENVY TECHNOLOGIES INDONESIA Tbk,HISATA KAZUHIRO,77.000.000,"4,28",A,ID
27-Feb-2026,ENVY,ENVY TECHNOLOGIES INDONESIA Tbk,DOLIANO MOZANNA SIREGAR,40.658.200,"2,26",L,ID
27-Feb-2026,ENVY,ENVY TECHNOLOGIES INDONESIA Tbk,UOB KAY HIAN PRIVATE LIMITED,40.270.000,"2,24",A,SC
27-Feb-2026,ENVY,ENVY TECHNOLOGIES INDONESIA Tbk,RIKKY RIDWAN,30.787.700,"1,71",L,ID
27-Feb-2026,ENVY,ENVY TECHNOLOGIES INDONESIA Tbk,WILLIAM ATAPARY,23.793.100,"1,32",L,ID
27-Feb-2026,ENVY,ENVY TECHNOLOGIES INDONESIA Tbk,DBS BANK LTD.,20.717.400,"1,15",A,IB
27-Feb-2026,ENZO,MORENZO ABADI PERKASA Tbk,"TRITUNGGAL SUKSES INVESTAMA, PT",1.482.600.000,"68,56",L,CP
27-Feb-2026,ENZO,MORENZO ABADI PERKASA Tbk,"JANTY SETYASTUTY, SH",106.604.400,"4,93",L,ID
27-Feb-2026,ENZO,MORENZO ABADI PERKASA Tbk,"UDUR HOTMAIDA SIAHAAN, S.S",106.104.600,"4,91",L,ID
27-Feb-2026,ENZO,MORENZO ABADI PERKASA Tbk,YANI SUNARTI,83.791.500,"3,87",L,ID
27-Feb-2026,ENZO,MORENZO ABADI PERKASA Tbk,BONA HUTABARAT,80.026.300,"3,70",L,ID
27-Feb-2026,EPAC,MEGALESTARI EPACK SENTOSARAYA Tbk,PT OMNI MULTI INDUSTRINDO,800.000.000,"24,22",L,CP
27-Feb-2026,EPAC,MEGALESTARI EPACK SENTOSARAYA Tbk,RYAN PERMANA,664.799.600,"20,12",L,ID
27-Feb-2026,EPAC,MEGALESTARI EPACK SENTOSARAYA Tbk,NESSY SARINDA,476.871.500,"14,44",L,ID
27-Feb-2026,EPAC,MEGALESTARI EPACK SENTOSARAYA Tbk,SUHANDA WIJAYA,225.400.000,"6,82",L,ID
27-Feb-2026,EPAC,MEGALESTARI EPACK SENTOSARAYA Tbk,BAHAR,181.760.000,"5,50",L,ID
27-Feb-2026,EPAC,MEGALESTARI EPACK SENTOSARAYA Tbk,PT BINTANG SAMPURNA CEMERLANG,72.000.000,"2,18",L,CP
27-Feb-2026,EPAC,MEGALESTARI EPACK SENTOSARAYA Tbk,"SALIM, LIM",70.445.900,"2,13",L,ID
27-Feb-2026,EPAC,MEGALESTARI EPACK SENTOSARAYA Tbk,SAKINAH JULIANI UTAMI,60.000.000,"1,82",L,ID
27-Feb-2026,EPAC,MEGALESTARI EPACK SENTOSARAYA Tbk,NICKY GUNHADI,57.300.000,"1,73",L,ID
27-Feb-2026,EPAC,MEGALESTARI EPACK SENTOSARAYA Tbk,ALEX BUDIARJO,52.060.000,"1,58",L,ID
27-Feb-2026,EPAC,MEGALESTARI EPACK SENTOSARAYA Tbk,DJOTO MARTIN,52.140.000,"1,58",L,ID
27-Feb-2026,EPAC,MEGALESTARI EPACK SENTOSARAYA Tbk,ARTHUR PRAKASA BRATANATA,34.900.800,"1,06",L,ID
27-Feb-2026,EPMT,ENSEVAL PUTERA MEGATRADING Tbk,KALBE FARMA TBK PT,2.491.285.795,"91,98",L,CP
27-Feb-2026,EPMT,ENSEVAL PUTERA MEGATRADING Tbk,CITIBANK NEW YORK S/A RAINBOW FUND LP,61.422.094,"2,27",A,OT
27-Feb-2026,ERAA,ERAJAYA SWASEMBADA Tbk,ERALINK INTERNATIONAL PT,8.800.291.400,"55,17",L,CP
27-Feb-2026,ERAA,ERAJAYA SWASEMBADA Tbk,HSBC LTD-SINGAPORE BRANCH PRIVATE BANKING DIVISION ACCOUNT CLIENTS,527.000.000,"3,30",A,CP
27-Feb-2026,ERAA,ERAJAYA SWASEMBADA Tbk,DJS KETENAGAKERJAAN PROGRAM JAMINAN HARI TUA,414.452.500,"2,60",L,IS
27-Feb-2026,ERAA,ERAJAYA SWASEMBADA Tbk,DBS BANK LTD S/A ALBIZIA ASEAN OPPORTUNITIES FUND,386.681.800,"2,42",A,IB
27-Feb-2026,ERAA,ERAJAYA SWASEMBADA Tbk,GOVERNMENT OF NORWAY,368.602.400,"2,31",A,OT
27-Feb-2026,ERAA,ERAJAYA SWASEMBADA Tbk,DJS KETENAGAKERJAAN PROGRAM JAMINAN PENSIUN,358.705.200,"2,25",L,IS
27-Feb-2026,ERAA,ERAJAYA SWASEMBADA Tbk,PUBLIC INDONESIA SELECT FUND,252.637.000,"1,58",A,MF
27-Feb-2026,ERAA,ERAJAYA SWASEMBADA Tbk,"ERAJAYA SWASEMBADA TBK, PT",236.030.022,"1,48",L,CP
27-Feb-2026,ERAA,ERAJAYA SWASEMBADA Tbk,PT PRUDENTIAL LIFE ASSURANCE,186.322.500,"1,17",L,IS
27-Feb-2026,ERAL,SINAR EKA SELARAS Tbk,"ERAJAYA SWASEMBADA TBK, PT",4.149.990.000,"80,00",L,CP
27-Feb-2026,ERAL,SINAR EKA SELARAS Tbk,REKSA DANA SUCORINVEST SHARIA EQUITY FUND,63.292.400,"1,22",L,MF
27-Feb-2026,ERAL,SINAR EKA SELARAS Tbk,RUDY SUSANTO,60.250.100,"1,16",L,ID
27-Feb-2026,ERTX,ERATEX DJAJA Tbk,PT UNGARAN SARI GARMENTS,1.186.085.292,"92,19",L,CP
27-Feb-2026,ESIP,SINERGI INTI PLASTINDO Tbk,PT TANINDO OMEGA PASIFIK,354.400.000,"31,93",L,CP
27-Feb-2026,ESIP,SINERGI INTI PLASTINDO Tbk,ERIC BUDISETIO KURNIAWAN,354.280.462,"31,92",L,ID
27-Feb-2026,ESSA,ESSA INDUSTRIES INDONESIA Tbk,CHANDER VINOD LAROYA,2.821.983.677,"16,38",L,ID
27-Feb-2026,ESSA,ESSA INDUSTRIES INDONESIA Tbk,GARIBALDI THOHIR,2.505.856.634,"14,55",L,ID
27-Feb-2026,ESSA,ESSA INDUSTRIES INDONESIA Tbk,AKRAYA INTERNATIONAL PT,1.350.266.700,"7,84",L,CP
27-Feb-2026,ESSA,ESSA INDUSTRIES INDONESIA Tbk,IR. T. PERMADI RACHMAT,1.233.307.456,"7,16",L,ID
27-Feb-2026,ESSA,ESSA INDUSTRIES INDONESIA Tbk,JONATHAN CHANG,816.635.115,"4,74",L,ID
27-Feb-2026,ESSA,ESSA INDUSTRIES INDONESIA Tbk,BANK OF SINGAPORE LIMITED,708.738.500,"4,11",A,IB
27-Feb-2026,ESSA,ESSA INDUSTRIES INDONESIA Tbk,BANK JULIUS BAER & CO. LTD,657.961.946,"3,82",A,IB
27-Feb-2026,ESSA,ESSA INDUSTRIES INDONESIA Tbk,SUGITO WALUJO,463.454.216,"2,69",L,ID
27-Feb-2026,ESSA,ESSA INDUSTRIES INDONESIA Tbk,GOLDSTAR TRI INVESTMENT LIMITED,404.602.200,"2,35",A,OT
27-Feb-2026,ESSA,ESSA INDUSTRIES INDONESIA Tbk,TERRA KONSUMA INVESTAMA,371.354.600,"2,16",L,CP
27-Feb-2026,ESSA,ESSA INDUSTRIES INDONESIA Tbk,AMARANTH RED PTE LTD,370.878.800,"2,15",A,IB
27-Feb-2026,ESSA,ESSA INDUSTRIES INDONESIA Tbk,PT TRIMEGAH SEKURITAS INDONESIA TBK,342.000.040,"1,99",L,SC
27-Feb-2026,ESSA,ESSA INDUSTRIES INDONESIA Tbk,"DHARMA INTI ANUGERAH, PT",291.792.050,"1,69",L,CP
27-Feb-2026,ESSA,ESSA INDUSTRIES INDONESIA Tbk,GOVERNMENT OF NORWAY,196.827.400,"1,14",A,OT
27-Feb-2026,ESTA,ESTA MULTI USAHA Tbk,PT. Esta Utama Corpora,1.518.470.799,"62,61",L,CP
27-Feb-2026,ESTA,ESTA MULTI USAHA Tbk,JPMORGAN CHASE BANK NA SINGAPORE BRANCH,489.150.659,"20,17",A,OT
27-Feb-2026,ESTA,ESTA MULTI USAHA Tbk,PT Esta Dana Ventura,188.762.050,"7,78",L,IB
27-Feb-2026,ESTA,ESTA MULTI USAHA Tbk,LUKMAN NELAM,45.449.861,"1,87",L,ID
27-Feb-2026,ESTA,ESTA MULTI USAHA Tbk,BETHARIA HARINI,39.235.100,"1,62",L,ID
27-Feb-2026,ESTA,ESTA MULTI USAHA Tbk,SUHENDRA,29.949.600,"1,23",L,ID
27-Feb-2026,ESTI,EVER SHINE TEXTILE INDUSTRY,CAHAYA INTERKONTINENTAL. PT,1.838.055.873,"91,21",L,CP
27-Feb-2026,ESTI,EVER SHINE TEXTILE INDUSTRY,HONG KUO LONG,47.621.700,"2,36",L,ID
27-Feb-2026,ETWA,ETERINDO WAHANATAMA Tbk,PT MORDRED INVESTAMA INDONESIA,3.700.374.400,"79,26",L,CP
27-Feb-2026,ETWA,ETERINDO WAHANATAMA Tbk,WATERVALE WORLDWIDE INC (WWI),211.353.700,"4,53",,
27-Feb-2026,ETWA,ETERINDO WAHANATAMA Tbk,Centrin Telecom Ltd,138.000.000,"2,96",A,OT
27-Feb-2026,ETWA,ETERINDO WAHANATAMA Tbk,HADISAN SRIDJAJA,72.350.000,"1,55",L,ID
27-Feb-2026,ETWA,ETERINDO WAHANATAMA Tbk,Osville Energy Corporation (S) PTE LTD,61.500.000,"1,32",A,OT
27-Feb-2026,ETWA,ETERINDO WAHANATAMA Tbk,BANK OF SINGAPORE LIMITED,55.415.600,"1,19",A,IB
27-Feb-2026,EURO,ESTEE GOLD FEET Tbk,"Timmsvale, PT",909.870.000,"35,70",L,CP
27-Feb-2026,EURO,ESTEE GOLD FEET Tbk,PT TRUKINDO PERSADA SEJAHTERA,220.767.200,"8,66",L,CP
27-Feb-2026,EURO,ESTEE GOLD FEET Tbk,"Bhakti Cahaya Intiperkasa, PT",145.226.000,"5,70",L,CP
27-Feb-2026,EURO,ESTEE GOLD FEET Tbk,PT DANATAMA KAPITAL INVESTAMA,130.573.400,"5,12",L,CP
27-Feb-2026,EURO,ESTEE GOLD FEET Tbk,PT DANATAMA MAKMUR SEKURITAS,125.000.000,"4,90",L,SC
27-Feb-2026,EURO,ESTEE GOLD FEET Tbk,HOUSTON JUSUF,112.000.000,"4,39",L,ID
27-Feb-2026,EURO,ESTEE GOLD FEET Tbk,"IMIKO SETIA ABADI, PT",110.286.500,"4,33",L,CP
27-Feb-2026,EURO,ESTEE GOLD FEET Tbk,"FERSINDO NUSA JAYA, PT",104.451.200,"4,10",L,CP
27-Feb-2026,EURO,ESTEE GOLD FEET Tbk,"BERKAH ALAM ASRI, PT",91.786.600,"3,60",L,CP
27-Feb-2026,EURO,ESTEE GOLD FEET Tbk,Zurich Assets International Ltd,79.500.900,"3,12",A,CP
27-Feb-2026,EURO,ESTEE GOLD FEET Tbk,"MAJU SUKSES NUSAJAYA, PT",68.806.100,"2,70",L,CP
27-Feb-2026,EURO,ESTEE GOLD FEET Tbk,PT FIRSTINDO FINANSIAL CORPORA,68.663.700,"2,69",L,CP
27-Feb-2026,EURO,ESTEE GOLD FEET Tbk,"MAJUKARYA MANDIRI INDONESIA, PT",56.432.800,"2,21",L,CP
27-Feb-2026,EURO,ESTEE GOLD FEET Tbk,"BERSAMA JAYA SOLUSI, PT",39.174.390,"1,54",L,CP
27-Feb-2026,EURO,ESTEE GOLD FEET Tbk,"Tesco International Capital, PT",30.815.500,"1,21",L,CP
27-Feb-2026,EURO,ESTEE GOLD FEET Tbk,GEORGE GANI,28.175.900,"1,11",L,ID
27-Feb-2026,EURO,ESTEE GOLD FEET Tbk,PT SOLUSI KARYA SUKSES,27.123.730,"1,06",L,CP
27-Feb-2026,EXCL,XLSMART TELECOM SEJAHTERA Tbk,AXIATA INVESTMENTS (INDONESIA) SDN.BHD,6.313.716.868,"34,69",A,IB
27-Feb-2026,EXCL,XLSMART TELECOM SEJAHTERA Tbk,PT BALI MEDIA TELEKOMUNIKASI,4.471.264.558,"24,57",L,CP
27-Feb-2026,EXCL,XLSMART TELECOM SEJAHTERA Tbk,UOB KAY HIAN PRIVATE LIMITED,906.021.478,"4,98",A,SC
27-Feb-2026,EXCL,XLSMART TELECOM SEJAHTERA Tbk,WINSLEY INTERNATIONAL ENGINEERING LIMITED,880.000.000,"4,84",A,IB
27-Feb-2026,EXCL,XLSMART TELECOM SEJAHTERA Tbk,PT GLOBAL NUSA DATA,848.722.195,"4,66",L,CP
27-Feb-2026,EXCL,XLSMART TELECOM SEJAHTERA Tbk,PT WAHANA INTI NUSANTARA,518.109.471,"2,85",L,CP
27-Feb-2026,EXCL,XLSMART TELECOM SEJAHTERA Tbk,CITIBANK HONG KONG S/A CITIBANK HK SA PBG CLIENTS HK,483.164.900,"2,65",A,IB
27-Feb-2026,EXCL,XLSMART TELECOM SEJAHTERA Tbk,PT GERBANGMAS TUNGGAL SEJAHTERA,475.620.644,"2,61",L,CP
27-Feb-2026,EXCL,XLSMART TELECOM SEJAHTERA Tbk,CGS INTERNATIONAL SECURITIES SINGAPORE PTE LTD,455.461.134,"2,50",A,IB
27-Feb-2026,EXCL,XLSMART TELECOM SEJAHTERA Tbk,FITZGERALD & WILKINSON INVESTMENTS LTD,214.676.787,"1,18",A,IB
27-Feb-2026,FAPA,FAP AGRI Tbk,PRINSEP MANAGEMENT LIMITED,2.878.633.330,"79,31",A,CP
27-Feb-2026,FAPA,FAP AGRI Tbk,PT. FANGIONO PERKASA SEJATI,253.325.670,"6,98",L,CP
27-Feb-2026,FAPA,FAP AGRI Tbk,PT FAP AGRI TBK,144.422.000,"3,98",L,CP
27-Feb-2026,FAPA,FAP AGRI Tbk,Paramount Global Enterprises Limited,86.370.000,"2,38",A,CP
27-Feb-2026,FAPA,FAP AGRI Tbk,Sharp Triumph International Limited,83.058.600,"2,29",A,CP
27-Feb-2026,FAPA,FAP AGRI Tbk,Grand Legacy International Limited,81.871.700,"2,26",A,CP
27-Feb-2026,FAPA,FAP AGRI Tbk,SUMMIT GLOBAL ENTERPRISES LIMITED,74.965.300,"2,07",A,CP
27-Feb-2026,FAST,FAST FOOD INDONESIA Tbk,PT GELAEL PRATAMA,1.862.777.717,"41,18",L,CP
27-Feb-2026,FAST,FAST FOOD INDONESIA Tbk,PT. INDORITEL MAKMUR INTERNASIONAL TBK,1.696.782.159,"37,51",L,CP
27-Feb-2026,FAST,FAST FOOD INDONESIA Tbk,PT ASURANSI CENTRAL ASIA,189.168.772,"4,18",L,IS
27-Feb-2026,FAST,FAST FOOD INDONESIA Tbk,FIDELITY FUNDS,135.359.000,"2,99",A,MF
27-Feb-2026,FAST,FAST FOOD INDONESIA Tbk,PT. INDOLIFE PENSIONTAMA,106.865.980,"2,36",L,IS
27-Feb-2026,FAST,FAST FOOD INDONESIA Tbk,CYBER EXPRESS ENTERPRISES LIMITED,75.871.164,"1,68",A,CP
27-Feb-2026,FAST,FAST FOOD INDONESIA Tbk,WINDSOR INVESTMENT FUND LIMITED,57.023.768,"1,26",A,CP
27-Feb-2026,FASW,FAJAR SURYA WISESA Tbk,SIAM KRAFT INDUSTRY COMPANY LIMITED,1.927.910.241,"59,85",A,CP
27-Feb-2026,FASW,FAJAR SURYA WISESA Tbk,SCGP SOLUTIONS (SINGAPORE) PTE. LTD,1.286.163.358,"39,93",A,CP
27-Feb-2026,FILM,MD ENTERTAINMENT Tbk,PT MD Corp Enterprises,4.803.164.585,"44,12",,
27-Feb-2026,FILM,MD ENTERTAINMENT Tbk,MANOJ DHAMOO PUNJABI,1.379.704.058,"12,67",L,ID
27-Feb-2026,FILM,MD ENTERTAINMENT Tbk,MORGAN STANLEY AND CO INTERNATIONAL PLC,1.143.928.989,"10,51",A,CP
27-Feb-2026,FILM,MD ENTERTAINMENT Tbk,PT SAMUEL SEKURITAS INDONESIA,861.535.300,"7,91",L,SC
27-Feb-2026,FILM,MD ENTERTAINMENT Tbk,PT SAMUEL TUMBUH BERSAMA,477.302.051,"4,38",L,CP
27-Feb-2026,FILM,MD ENTERTAINMENT Tbk,NH INVESTMENT AND SECURITIES CO. LTD,312.200.110,"2,87",A,SC
27-Feb-2026,FILM,MD ENTERTAINMENT Tbk,DUTA PERKASA INVESTINDO PT,246.466.127,"2,26",L,CP
27-Feb-2026,FILM,MD ENTERTAINMENT Tbk,SAMUEL INTERNATIONAL,203.098.689,"1,87",L,CP
27-Feb-2026,FILM,MD ENTERTAINMENT Tbk,AMARANTH SCARLET Ltd,178.717.405,"1,64",A,IB
27-Feb-2026,FILM,MD ENTERTAINMENT Tbk,PT TELADAN INVESTAMA,140.104.835,"1,29",L,CP
27-Feb-2026,FIMP,FIMPERKASA UTAMA Tbk,PT. BANGUN BUMI UTAMA,55.300.000,"13,82",L,CP
27-Feb-2026,FIMP,FIMPERKASA UTAMA Tbk,PT. KARYA BERKAH INVESTAMA,40.300.000,"10,07",L,CP
27-Feb-2026,FIMP,FIMPERKASA UTAMA Tbk,FERRY TEJA,23.595.100,"5,90",L,ID
27-Feb-2026,FIMP,FIMPERKASA UTAMA Tbk,HERRY WIBOWO,20.504.300,"5,13",L,ID
27-Feb-2026,FIMP,FIMPERKASA UTAMA Tbk,MCCLEAN CETERA JR,19.140.200,"4,79",L,ID
27-Feb-2026,FIMP,FIMPERKASA UTAMA Tbk,STELLA BUDIONO,18.618.500,"4,65",L,ID
27-Feb-2026,FIMP,FIMPERKASA UTAMA Tbk,CHRISTIAN HERMAWAN,18.320.700,"4,58",L,ID
27-Feb-2026,FIMP,FIMPERKASA UTAMA Tbk,OLIVIA BUDIONO,17.790.900,"4,45",L,ID
27-Feb-2026,FIMP,FIMPERKASA UTAMA Tbk,ELMEND LORENTZON,17.695.300,"4,42",L,ID
27-Feb-2026,FIMP,FIMPERKASA UTAMA Tbk,TEDDY ANGGONO,17.036.900,"4,26",L,ID
27-Feb-2026,FIMP,FIMPERKASA UTAMA Tbk,STEFANUS BUNTORO,16.682.000,"4,17",L,ID
27-Feb-2026,FIMP,FIMPERKASA UTAMA Tbk,ARIEF SUGIYO,15.996.400,"4,00",L,ID
27-Feb-2026,FIMP,FIMPERKASA UTAMA Tbk,FELIANTRY SUGIYO,14.606.900,"3,65",L,ID
27-Feb-2026,FIMP,FIMPERKASA UTAMA Tbk,MOHAMAD MULKY THALIB,12.200.000,"3,05",L,ID
27-Feb-2026,FIMP,FIMPERKASA UTAMA Tbk,"FARIED THALIB, IR",12.200.000,"3,05",L,ID
27-Feb-2026,FIMP,FIMPERKASA UTAMA Tbk,YENI MARIA,10.943.400,"2,74",L,ID
27-Feb-2026,FIMP,FIMPERKASA UTAMA Tbk,ELIZABETH SANTOSA,10.575.400,"2,64",L,ID
27-Feb-2026,FIMP,FIMPERKASA UTAMA Tbk,ITNAWATI LUKMAN,9.724.300,"2,43",L,ID
27-Feb-2026,FIMP,FIMPERKASA UTAMA Tbk,SEPTI NOVITASARI DEWI,8.749.550,"2,19",L,ID
27-Feb-2026,FIMP,FIMPERKASA UTAMA Tbk,AHMAD RIANSYAH,8.749.550,"2,19",L,ID
27-Feb-2026,FIMP,FIMPERKASA UTAMA Tbk,SAMUEL,6.294.100,"1,57",L,ID
27-Feb-2026,FIMP,FIMPERKASA UTAMA Tbk,PT BUMBANG HILL VIEW,5.177.200,"1,29",L,CP
27-Feb-2026,FIRE,ALFA ENERGI INVESTAMA Tbk,ARIS MUNANDAR,531.203.000,"36,00",L,ID
27-Feb-2026,FIRE,ALFA ENERGI INVESTAMA Tbk,PERUSAHAAN PERSEROAN (PERSERO) PT. ASABRI,348.128.850,"23,60",L,IS
27-Feb-2026,FIRE,ALFA ENERGI INVESTAMA Tbk,REKSA DANA SYARIAH PAN ARCADIA EKUITAS SYARIAH PROGRESIF,40.476.786,"2,74",L,MF
27-Feb-2026,FIRE,ALFA ENERGI INVESTAMA Tbk,Reksa Dana Pan Arcadia Dana Saham Bertumbuh,18.278.000,"1,24",L,MF
27-Feb-2026,FIRE,ALFA ENERGI INVESTAMA Tbk,CIN CIN,18.192.100,"1,23",L,ID
27-Feb-2026,FIRE,ALFA ENERGI INVESTAMA Tbk,REKSA DANA SYARIAH TREASURE SAHAM BERKAH SYARIAH,17.019.000,"1,15",L,MF
27-Feb-2026,FIRE,ALFA ENERGI INVESTAMA Tbk,REKSA DANA SYARIAH AURORA SHARIA EQUITY,16.959.500,"1,15",L,MF
27-Feb-2026,FISH,FKS MULTI AGRO Tbk,PT.FKS CORPORINDO INDONESIA,3.794.861.000,"79,06",L,CP
27-Feb-2026,FISH,FKS MULTI AGRO Tbk,PT CATURKARTIKA PERDANA,499.400.000,"10,40",L,CP
27-Feb-2026,FISH,FKS MULTI AGRO Tbk,WANDA KUSUMA,211.260.000,"4,40",L,ID
27-Feb-2026,FISH,FKS MULTI AGRO Tbk,YOSAN KUSUMA,157.009.000,"3,27",L,ID
27-Feb-2026,FISH,FKS MULTI AGRO Tbk,CHANDY KUSUMA,94.444.000,"1,97",L,ID
27-Feb-2026,FITT,HOTEL FITRA INTERNATIONAL Tbk,PT JINLONG RESOURCES INVESTMENT,1.032.397.500,"79,16",L,CP
27-Feb-2026,FITT,HOTEL FITRA INTERNATIONAL Tbk,PT NURAYA ENERGI SEJATI,62.720.100,"4,81",L,CP
27-Feb-2026,FITT,HOTEL FITRA INTERNATIONAL Tbk,FEICHANG SHENGSHI UNITED ASIA PACIFIC LIMITED,59.827.800,"4,59",A,CP
27-Feb-2026,FITT,HOTEL FITRA INTERNATIONAL Tbk,PT KEJAYAAN ENERGI RAYA,44.992.100,"3,45",L,CP
27-Feb-2026,FITT,HOTEL FITRA INTERNATIONAL Tbk,ZHANGLIAN ZHAO,16.550.700,"1,27",A,ID
27-Feb-2026,FITT,HOTEL FITRA INTERNATIONAL Tbk,RULLY OCTIANE,13.500.000,"1,04",L,ID
27-Feb-2026,FLMC,FALMACO NONWOVEN INDUSTRI Tbk,THERESIA INDRA WIRAWAN,308.477.875,"39,49",L,ID
27-Feb-2026,FLMC,FALMACO NONWOVEN INDUSTRI Tbk,FALMACO PTE LTD,84.156.698,"10,77",A,CP
27-Feb-2026,FLMC,FALMACO NONWOVEN INDUSTRI Tbk,ROSALINA INDRA WIRAWATI,39.807.375,"5,10",L,ID
27-Feb-2026,FLMC,FALMACO NONWOVEN INDUSTRI Tbk,RIEKY WIJAYA KODIASDINATA,37.647.000,"4,82",L,ID
27-Feb-2026,FLMC,FALMACO NONWOVEN INDUSTRI Tbk,LEO INDARTO WIHARJO,37.647.000,"4,82",L,ID
27-Feb-2026,FLMC,FALMACO NONWOVEN INDUSTRI Tbk,RAY SUNGADI,37.649.302,"4,82",L,ID
27-Feb-2026,FLMC,FALMACO NONWOVEN INDUSTRI Tbk,DONNY HARTANTO,32.346.100,"4,14",L,ID
27-Feb-2026,FLMC,FALMACO NONWOVEN INDUSTRI Tbk,BILLY LINJAYA LESMANA,32.250.000,"4,13",L,ID
27-Feb-2026,FLMC,FALMACO NONWOVEN INDUSTRI Tbk,PT DELTA WIBAWA BERSAMA,30.000.000,"3,84",L,CP
27-Feb-2026,FLMC,FALMACO NONWOVEN INDUSTRI Tbk,"SUBUR ANUGERAH SENTOSA, PT",15.018.600,"1,92",L,CP
27-Feb-2026,FLMC,FALMACO NONWOVEN INDUSTRI Tbk,LIE FERRY LIADI,14.000.000,"1,79",L,ID
27-Feb-2026,FLMC,FALMACO NONWOVEN INDUSTRI Tbk,WILLY DJUNAYDY KUSNANTO,13.646.500,"1,75",L,ID
27-Feb-2026,FMII,FORTUNE MATE INDONESIA Tbk,PT SURYA MEGA INVESTINDO,2.987.129.145,"46,67",L,CP
27-Feb-2026,FMII,FORTUNE MATE INDONESIA Tbk,TEDDY GUNAWAN,1.318.342.187,"20,60",L,ID
27-Feb-2026,FMII,FORTUNE MATE INDONESIA Tbk,TJANDRA MINDHARTA GOZALI,1.318.342.187,"20,60",L,ID
27-Feb-2026,FMII,FORTUNE MATE INDONESIA Tbk,SUWANTARA GOTAMA,310.303.719,"4,85",A,ID
27-Feb-2026,FMII,FORTUNE MATE INDONESIA Tbk,NYAMDORJ CHULUUNBAATAR,171.596.877,"2,68",A,ID
27-Feb-2026,FMII,FORTUNE MATE INDONESIA Tbk,PT. INDO CAPITAL SEKURITAS,138.748.870,"2,17",L,SC
27-Feb-2026,FOLK,MULTI GARAM UTAMA Tbk,PT GARAM VENTURA INDONESIA,1.758.596.542,"42,98",L,CP
27-Feb-2026,FOLK,MULTI GARAM UTAMA Tbk,PT. SUMBER GARAM PRATAMA,903.330.281,"22,08",L,CP
27-Feb-2026,FOLK,MULTI GARAM UTAMA Tbk,DJONI,210.233.800,"5,14",L,ID
27-Feb-2026,FOLK,MULTI GARAM UTAMA Tbk,PT. USAHAGUNA MITRAPERSADA,175.558.467,"4,29",L,CP
27-Feb-2026,FOLK,MULTI GARAM UTAMA Tbk,SUTOPO WIDODO,159.101.632,"3,89",L,ID
27-Feb-2026,FOLK,MULTI GARAM UTAMA Tbk,EDWARD SETIAWAN JOESOEF,120.793.333,"2,95",L,ID
27-Feb-2026,FOLK,MULTI GARAM UTAMA Tbk,ISHAK CHANDRA,54.918.600,"1,34",L,ID
27-Feb-2026,FOLK,MULTI GARAM UTAMA Tbk,PT KONIMEX SINERGI MULTITEK,48.848.000,"1,19",L,CP
27-Feb-2026,FOLK,MULTI GARAM UTAMA Tbk,RITA,43.937.300,"1,07",L,ID
27-Feb-2026,FOLK,MULTI GARAM UTAMA Tbk,PT SAMUDERA GARAM VENTURA,43.254.000,"1,06",L,CP
27-Feb-2026,FOOD,SENTRA FOOD INDONESIA Tbk,"SUPER CAPITAL INDONESIA, PT",499.999.000,"76,92",,
27-Feb-2026,FOOD,SENTRA FOOD INDONESIA Tbk,DRS H SUMEDI,31.500.000,"4,85",L,ID
27-Feb-2026,FOOD,SENTRA FOOD INDONESIA Tbk,DEWI ULFAH WARDANI,23.712.300,"3,65",L,ID
27-Feb-2026,FOOD,SENTRA FOOD INDONESIA Tbk,Moh. Sjahrullah,20.940.300,"3,22",L,ID
27-Feb-2026,FOOD,SENTRA FOOD INDONESIA Tbk,SWANNY RUSLI,15.204.100,"2,34",L,ID
27-Feb-2026,FOOD,SENTRA FOOD INDONESIA Tbk,SUDIONO PUJO,13.723.300,"2,11",L,ID
27-Feb-2026,FOOD,SENTRA FOOD INDONESIA Tbk,DRA MARGARETHA UNDARSA,12.643.900,"1,95",L,ID
27-Feb-2026,FORE,FORE KOPI INDONESIA Tbk,FORE HOLDINGS PTE. LTD.,7.038.145.548,"78,92",A,CP
27-Feb-2026,FORE,FORE KOPI INDONESIA Tbk,FERRY SUDJONO,356.018.200,"3,99",L,ID
27-Feb-2026,FORE,FORE KOPI INDONESIA Tbk,CGS INTERNATIONAL SECURITIES SINGAPORE PTE LTD,265.957.000,"2,98",A,IB
27-Feb-2026,FORE,FORE KOPI INDONESIA Tbk,UOB KAY HIAN PRIVATE LIMITED,265.957.000,"2,98",A,SC
27-Feb-2026,FORE,FORE KOPI INDONESIA Tbk,PT TRINA ERAHITA INDONESIA,212.744.000,"2,39",L,CP
27-Feb-2026,FORE,FORE KOPI INDONESIA Tbk,REKSA DANA SYARIAH HENAN EKUITAS SYARIAH BERKAH,174.622.700,"1,96",L,MF
27-Feb-2026,FORE,FORE KOPI INDONESIA Tbk,MOUNT FRISSELL PTE. LTD.,109.979.700,"1,23",A,CP
27-Feb-2026,FORE,FORE KOPI INDONESIA Tbk,PT HENAN PUTIHRAI ASSET MANAGEMENT,103.681.300,"1,16",L,SC
27-Feb-2026,FORU,FORTUNE INDONESIA Tbk,IMR ASIA HOLDING PTE LTD,357.342.600,"76,81",A,CP
27-Feb-2026,FORU,FORTUNE INDONESIA Tbk,PT KARYA CITRA PRIMA,53.722.000,"11,55",L,CP
27-Feb-2026,FORU,FORTUNE INDONESIA Tbk,LOH VALENTINE,10.710.400,"2,30",A,ID
27-Feb-2026,FPNI,LOTTE CHEMICAL TITAN Tbk,LOTTE CHEMICAL TITAN INTERNATIONAL SDN.BHD,5.148.902.750,"92,50",A,CP
27-Feb-2026,FUJI,FUJI FINANCE INDONESIA Tbk,BANK JULIUS BAER AND CO. LTD. HONG KONG,715.000.000,"55,00",A,IB
27-Feb-2026,FUJI,FUJI FINANCE INDONESIA Tbk,AGUSTIN WIDYAWATI,97.676.600,"7,51",L,ID
27-Feb-2026,FUJI,FUJI FINANCE INDONESIA Tbk,gideon suryatika,63.137.700,"4,86",L,ID
27-Feb-2026,FUJI,FUJI FINANCE INDONESIA Tbk,PT CHARNIC CAPITAL TBK,61.424.400,"4,72",L,CP
27-Feb-2026,FUJI,FUJI FINANCE INDONESIA Tbk,BATARA BAYU SOEDARWANTO,60.270.200,"4,64",L,ID
27-Feb-2026,FUJI,FUJI FINANCE INDONESIA Tbk,BOOM SECURITIES (H.K.) LIMITED,48.519.300,"3,73",A,SC
27-Feb-2026,FUJI,FUJI FINANCE INDONESIA Tbk,PT OKANSA FUJI SHOSHA,38.040.800,"2,93",L,CP
27-Feb-2026,FUJI,FUJI FINANCE INDONESIA Tbk,JHON VETER FIRDAUS REAGEN,33.713.700,"2,59",L,ID
27-Feb-2026,FUJI,FUJI FINANCE INDONESIA Tbk,IWAN MUCHSININ,30.239.300,"2,33",L,ID
27-Feb-2026,FUJI,FUJI FINANCE INDONESIA Tbk,HENDRA WIJAYA,16.502.900,"1,27",L,ID
27-Feb-2026,FUJI,FUJI FINANCE INDONESIA Tbk,YOHANES HALIM,15.706.100,"1,21",L,ID
27-Feb-2026,FUTR,FUTURA ENERGI GLOBAL Tbk,PT AURORA DHANA NUSANTARA,2.985.998.000,"45,00",L,CP
27-Feb-2026,FUTR,FUTURA ENERGI GLOBAL Tbk,VINCENT IE KOK HUI,376.290.100,"5,67",L,ID
27-Feb-2026,FUTR,FUTURA ENERGI GLOBAL Tbk,SAMUEL CHRISTIAN ISKANDAR,293.055.900,"4,42",L,ID
27-Feb-2026,FUTR,FUTURA ENERGI GLOBAL Tbk,KRISNAWAN ISKANDAR,277.000.000,"4,17",L,ID
27-Feb-2026,FUTR,FUTURA ENERGI GLOBAL Tbk,HENDARMIN AGUNGSETYA PURWANTO,270.333.400,"4,07",L,ID
27-Feb-2026,FUTR,FUTURA ENERGI GLOBAL Tbk,SAIFUL ANWARRUDIN,204.950.000,"3,09",L,ID
27-Feb-2026,FUTR,FUTURA ENERGI GLOBAL Tbk,OCKY LEONARDO AMIN SUBEKTI K,172.825.300,"2,60",L,ID
27-Feb-2026,FUTR,FUTURA ENERGI GLOBAL Tbk,TOTO WIRANTO,141.407.000,"2,13",L,ID
27-Feb-2026,FUTR,FUTURA ENERGI GLOBAL Tbk,BAYU PARIKESIT,127.298.500,"1,92",L,ID
27-Feb-2026,FWCT,WIJAYA CAHAYA TIMBER Tbk,"FORTUNA ANUGRAH SUMBER TERPADU,PT",1.140.033.300,"58,08",L,CP
27-Feb-2026,FWCT,WIJAYA CAHAYA TIMBER Tbk,FIRST FORTUNA HOLDINGS PTE.LTD,467.265.100,"23,80",A,CP
27-Feb-2026,GAMA,AKSARA GLOBAL DEVELOPMENT Tbk,PT.GADING INVESTMENTS,2.403.000.000,"24,00",L,CP
27-Feb-2026,GAMA,AKSARA GLOBAL DEVELOPMENT Tbk,PT MULTIDAYA INDUSTRI,707.000.000,"7,06",L,CP
27-Feb-2026,GAMA,AKSARA GLOBAL DEVELOPMENT Tbk,PT. MEGAH ANGKASA PERKASA,495.000.000,"4,94",L,CP
27-Feb-2026,GAMA,AKSARA GLOBAL DEVELOPMENT Tbk,PT SUMBER TEKNOLOGI MULIA,494.000.000,"4,93",L,CP
27-Feb-2026,GAMA,AKSARA GLOBAL DEVELOPMENT Tbk,REKSA DANA GEMILANG DANA SAHAM INDONESIA,493.438.500,"4,93",L,MF
27-Feb-2026,GAMA,AKSARA GLOBAL DEVELOPMENT Tbk,PT. ALANA CIPTA SELARAS,493.000.000,"4,92",L,CP
27-Feb-2026,GAMA,AKSARA GLOBAL DEVELOPMENT Tbk,"ZED UTAMA PERSADA, PT",492.000.000,"4,91",L,CP
27-Feb-2026,GAMA,AKSARA GLOBAL DEVELOPMENT Tbk,PT. BARA SEJAHTERA SUKSES,492.000.000,"4,91",L,CP
27-Feb-2026,GAMA,AKSARA GLOBAL DEVELOPMENT Tbk,PT ARIMA KARYA PERSADA,491.000.000,"4,90",L,CP
27-Feb-2026,GAMA,AKSARA GLOBAL DEVELOPMENT Tbk,PT. Askar Pelangi Abadi,490.000.000,"4,89",L,CP
27-Feb-2026,GAMA,AKSARA GLOBAL DEVELOPMENT Tbk,PT TIRTA CITRA SOLUSI,490.000.000,"4,89",L,CP
27-Feb-2026,GAMA,AKSARA GLOBAL DEVELOPMENT Tbk,PT.Pacific Indocorpora Indonesia,485.142.700,"4,85",L,CP
27-Feb-2026,GAMA,AKSARA GLOBAL DEVELOPMENT Tbk,REKSA DANA PACIFIC EQUITY PROGRESIF FUND,354.095.800,"3,54",L,MF
27-Feb-2026,GAMA,AKSARA GLOBAL DEVELOPMENT Tbk,PERSHING LLC MAIN CUSTODY ACCOUNT,276.858.100,"2,77",A,SC
27-Feb-2026,GAMA,AKSARA GLOBAL DEVELOPMENT Tbk,REKSA DANA FOSTER EQUITY FUND,241.801.000,"2,42",L,MF
27-Feb-2026,GAMA,AKSARA GLOBAL DEVELOPMENT Tbk,REKSA DANA DANAPATHI MITRA MAXIMA EKUITAS,184.400.000,"1,84",L,MF
27-Feb-2026,GAMA,AKSARA GLOBAL DEVELOPMENT Tbk,REKSA DANA VICTORIA PRIME EQUITY FUND,179.150.000,"1,79",L,MF
27-Feb-2026,GAMA,AKSARA GLOBAL DEVELOPMENT Tbk,REKSA DANA PACIFIC EQUITY PROGRESIF FUND III,114.000.000,"1,14",L,MF
27-Feb-2026,GAMA,AKSARA GLOBAL DEVELOPMENT Tbk,REKSA DANA PACIFIC EQUITY GROWTH FUND VI,108.500.000,"1,08",L,MF
27-Feb-2026,GDST,GUNAWAN DIANJAYA STEEL Tbk,GWIE GUNATO GUNAWAN,3.616.142.265,"39,13",L,ID
27-Feb-2026,GDST,GUNAWAN DIANJAYA STEEL Tbk,GWIE GUNADI GUNAWAN,3.615.792.265,"39,12",L,ID
27-Feb-2026,GDST,GUNAWAN DIANJAYA STEEL Tbk,MAYBANK GLOBAL GROWTH FUND VCC - MAYBANK GLOBAL GROWTH FUND 2,460.238.600,"4,98",A,IB
27-Feb-2026,GDST,GUNAWAN DIANJAYA STEEL Tbk,WONG RATNAWATI,401.754.696,"4,35",L,ID
27-Feb-2026,GDST,GUNAWAN DIANJAYA STEEL Tbk,GWIE RATNA DJUWITA GUNAWAN,401.854.696,"4,35",L,ID
27-Feb-2026,GDST,GUNAWAN DIANJAYA STEEL Tbk,MAYBANK SINGAPORE LIMITED,277.275.000,"3,00",A,IB
27-Feb-2026,GDST,GUNAWAN DIANJAYA STEEL Tbk,PT. BETON JAYA MANUNGGAL TBK,180.000.000,"1,95",,
27-Feb-2026,GDYR,GOODYEAR INDONESIA Tbk,THE GOODYEAR TIRE & RUBBER,348.500.000,"85,00",,
27-Feb-2026,GDYR,GOODYEAR INDONESIA Tbk,RODA EKAKARYA,17.805.400,"4,34",L,CP
27-Feb-2026,GDYR,GOODYEAR INDONESIA Tbk,CACEIS BANK/NON TREATY UCITS CLIENTS,7.714.000,"1,88",A,IB
27-Feb-2026,GDYR,GOODYEAR INDONESIA Tbk,IR ANDRE RUMANTIR,6.855.000,"1,67",L,ID
27-Feb-2026,GDYR,GOODYEAR INDONESIA Tbk,PT KALIBESAR ASRI,6.773.100,"1,65",L,CP
27-Feb-2026,GEMA,GEMA GRAHASARANA Tbk,PT. VIRUCCI INDOGRIYA SARANA,1.195.885.000,"74,74",L,CP
27-Feb-2026,GEMA,GEMA GRAHASARANA Tbk,DEDY ROCHIMAT,59.115.000,"3,69",L,ID
27-Feb-2026,GEMA,GEMA GRAHASARANA Tbk,NITA WULANSARI NUGROHO,29.634.800,"1,85",L,ID
27-Feb-2026,GEMA,GEMA GRAHASARANA Tbk,DRS. ANTONIUS HARDOYO,28.350.000,"1,77",L,ID
27-Feb-2026,GEMS,GOLDEN ENERGY MINES Tbk,PT DIAN SWASTATIKA SENTOSA TBK,3.000.000.100,"51,00",L,CP
27-Feb-2026,GEMS,GOLDEN ENERGY MINES Tbk,PT. RADHIKA JANANTA RAYA,1.764.705.900,"30,00",L,CP
27-Feb-2026,GEMS,GOLDEN ENERGY MINES Tbk,GOLDEN ENERGY AND RESOURCES LIMITED-2,411.192.353,"6,99",A,CP
27-Feb-2026,GEMS,GOLDEN ENERGY MINES Tbk,DIAN CIPTAMAS AGUNG PT,277.861.100,"4,72",L,CP
27-Feb-2026,GEMS,GOLDEN ENERGY MINES Tbk,PT ASIAN BULK LOGISTICS,126.976.700,"2,16",L,CP
27-Feb-2026,GEMS,GOLDEN ENERGY MINES Tbk,SINAR MAS CAKRAWALA,105.165.000,"1,79",L,CP
27-Feb-2026,GEMS,GOLDEN ENERGY MINES Tbk,PT NUSANTARA INDAH CEMERLANG,87.566.778,"1,49",L,CP
27-Feb-2026,GGRM,GUDANG GARAM Tbk,SURYADUTA INVESTAMA,1.333.146.800,"69,29",L,CP
27-Feb-2026,GGRM,GUDANG GARAM Tbk,SURYAMITRA KUSUMA,120.442.700,"6,26",L,CP
27-Feb-2026,GGRM,GUDANG GARAM Tbk,PT.LAKTA UTAMA,26.188.900,"1,36",L,CP
27-Feb-2026,GGRM,GUDANG GARAM Tbk,SIGID SUMARGO WONOWIDJOJO,21.059.485,"1,09",L,ID
27-Feb-2026,GGRP,GUNUNG RAJA PAKSI Tbk,PT APOLLO VISINTAMA PUTRA,2.850.189.207,"23,53",L,CP
27-Feb-2026,GGRP,GUNUNG RAJA PAKSI Tbk,KAMARUDDIN,2.506.975.643,"20,70",L,ID
27-Feb-2026,GGRP,GUNUNG RAJA PAKSI Tbk,DR. CHAIRUDDIN,2.427.345.035,"20,04",L,ID
27-Feb-2026,GGRP,GUNUNG RAJA PAKSI Tbk,SULIANA TANIWAN,1.144.638.936,"9,45",L,ID
27-Feb-2026,GGRP,GUNUNG RAJA PAKSI Tbk,FIHAHATI TANIWAN,1.088.048.736,"8,98",L,ID
27-Feb-2026,GGRP,GUNUNG RAJA PAKSI Tbk,RICHIE LEROY HASAN,459.930.000,"3,80",L,ID
27-Feb-2026,GGRP,GUNUNG RAJA PAKSI Tbk,EDWARD HASAN,459.930.000,"3,80",L,ID
27-Feb-2026,GGRP,GUNUNG RAJA PAKSI Tbk,BANK OF SINGAPORE LIMITED,363.541.500,"3,00",A,IB
27-Feb-2026,GGRP,GUNUNG RAJA PAKSI Tbk,KARYA FAJAR FLEET PT,239.001.100,"1,97",L,CP
27-Feb-2026,GGRP,GUNUNG RAJA PAKSI Tbk,HSBC LTD-SINGAPORE BRANCH PRIVATE BANKING DIVISION ACCOUNT CLIENTS,162.977.000,"1,35",A,CP
27-Feb-2026,GHON,GIHON TELEKOMUNIKASI INDONESIA Tbk,"TOWER BERSAMA INFRASTRUCTURE, TBK, PT",277.337.700,"50,43",L,CP
27-Feb-2026,GHON,GIHON TELEKOMUNIKASI INDONESIA Tbk,RUDOLF P NAINGGOLAN,198.395.080,"36,07",L,ID
27-Feb-2026,GHON,GIHON TELEKOMUNIKASI INDONESIA Tbk,PT GIHON NUSANTARA TUJUH,27.446.800,"4,99",L,CP
27-Feb-2026,GHON,GIHON TELEKOMUNIKASI INDONESIA Tbk,"DWIDAYA AMADEO GEMINTANG, PT",17.948.500,"3,26",L,CP
27-Feb-2026,GHON,GIHON TELEKOMUNIKASI INDONESIA Tbk,HOTMA LINDA E. SIRAIT,17.404.160,"3,16",L,ID
27-Feb-2026,GHON,GIHON TELEKOMUNIKASI INDONESIA Tbk,AYNAWATI RAHARDJO,5.956.770,"1,08",L,ID
27-Feb-2026,GIAA,GARUDA INDONESIA (PERSERO) Tbk,PERUSAHAAN PERSEROAN (PERSERO) PT DANANTARA ASSET MANAGEMENT,370.902.553.959,"91,11",L,CP
27-Feb-2026,GIAA,GARUDA INDONESIA (PERSERO) Tbk,PT. TRANS AIRWAYS,7.316.798.262,"1,80",L,CP
27-Feb-2026,GJTL,GAJAH TUNGGAL Tbk,DENHAM PTE LTD,1.724.972.443,"49,50",A,CP
27-Feb-2026,GJTL,GAJAH TUNGGAL Tbk,COMPAGNIE FINANCIERE MICHELIN,348.480.000,"10,00",A,IB
27-Feb-2026,GJTL,GAJAH TUNGGAL Tbk,LO KHENG HONG. DRS,209.898.500,"6,02",L,ID
27-Feb-2026,GJTL,GAJAH TUNGGAL Tbk,YASSER MOHMMED O BAGADER,83.160.000,"2,39",A,ID
27-Feb-2026,GJTL,GAJAH TUNGGAL Tbk,"CITIBANK LONDON S/A POLUNIN EMERGING MARKETS SMALL CAP FUND, LLC",49.141.876,"1,41",A,MF
27-Feb-2026,GJTL,GAJAH TUNGGAL Tbk,PT TEKNIKO INDONESIA,35.600.000,"1,02",L,CP
27-Feb-2026,GLOB,GLOBE KITA TERANG Tbk,"TRIKOMSEL OKE TBK,PT",996.522.500,"89,69",L,CP
27-Feb-2026,GLOB,GLOBE KITA TERANG Tbk,UOB KAY HIAN PRIVATE LIMITED,46.105.000,"4,15",A,SC
27-Feb-2026,GLOB,GLOBE KITA TERANG Tbk,Asia Century Ventures Ltd,29.750.500,"2,68",A,OT
27-Feb-2026,GLOB,GLOBE KITA TERANG Tbk,UBS AG SINGAPORE BRANCH,17.950.500,"1,62",A,IB
27-Feb-2026,GLVA,GALVA TECHNOLOGIES Tbk,PT. ELSISCOM PRIMA KARYA,859.801.900,"57,32",L,CP
27-Feb-2026,GLVA,GALVA TECHNOLOGIES Tbk,PHILLIP SECURITIES PTE LTD,73.150.000,"4,88",A,SC
27-Feb-2026,GLVA,GALVA TECHNOLOGIES Tbk,UOB KAY HIAN PRIVATE LIMITED,70.300.000,"4,69",A,SC
27-Feb-2026,GLVA,GALVA TECHNOLOGIES Tbk,MONIKA NATALIA,70.000.000,"4,67",L,ID
27-Feb-2026,GLVA,GALVA TECHNOLOGIES Tbk,MAYBANK SECURITIES PTE. LTD.,60.000.000,"4,00",A,SC
27-Feb-2026,GLVA,GALVA TECHNOLOGIES Tbk,LINA SUGIANTO,53.000.000,"3,53",L,ID
27-Feb-2026,GLVA,GALVA TECHNOLOGIES Tbk,LGT BANK AG,50.000.000,"3,33",A,IB
27-Feb-2026,GLVA,GALVA TECHNOLOGIES Tbk,YAYASAN KHARISMA WIDJAJA,42.073.700,"2,80",L,FD
27-Feb-2026,GLVA,GALVA TECHNOLOGIES Tbk,OCBC SECURITIES PRIVATE LIMITED,41.000.000,"2,73",A,SC
27-Feb-2026,GLVA,GALVA TECHNOLOGIES Tbk,PING SANTOSO,37.500.000,"2,50",L,ID
27-Feb-2026,GLVA,GALVA TECHNOLOGIES Tbk,OKI WIDJAJA,37.016.400,"2,47",L,ID
27-Feb-2026,GLVA,GALVA TECHNOLOGIES Tbk,CHRISTOPHER WIDJAJA,29.000.000,"1,93",L,ID
27-Feb-2026,GLVA,GALVA TECHNOLOGIES Tbk,PT. ELIFE DIGITAL ECOSYSTEM,20.500.000,"1,37",L,CP
27-Feb-2026,GLVA,GALVA TECHNOLOGIES Tbk,JASON WIDJAJA,20.000.000,"1,33",L,ID
27-Feb-2026,GMFI,GARUDA MAINTENANCE FACILITY AERO ASIA Tbk,PT ANGKASA PURA INDONESIA,82.100.173.900,"65,77",L,CP
27-Feb-2026,GMFI,GARUDA MAINTENANCE FACILITY AERO ASIA Tbk,GARUDA INDONESIA (PERSERO) TBK.,34.249.304.396,"27,44",L,CP
27-Feb-2026,GMTD,GOWA MAKASSAR TOURISM DEVELOPMENT Tbk,"MAKASSAR PERMATA SULAWESI, PT",330.000.000,"32,50",,
27-Feb-2026,GMTD,GOWA MAKASSAR TOURISM DEVELOPMENT Tbk,PEMERINTAH PROPINSI SULAWESI SELATAN,132.000.000,"13,00",,
27-Feb-2026,GMTD,GOWA MAKASSAR TOURISM DEVELOPMENT Tbk,PEMERINTAH KOTA MAKASSAR,66.000.000,"6,50",,
27-Feb-2026,GMTD,GOWA MAKASSAR TOURISM DEVELOPMENT Tbk,PEMERINTAH KABUPATEN GOWA,66.000.000,"6,50",,
27-Feb-2026,GMTD,GOWA MAKASSAR TOURISM DEVELOPMENT Tbk,YAYASAN PARTISIPASI PEMBANGUNAN,66.000.000,"6,50",,
27-Feb-2026,GMTD,GOWA MAKASSAR TOURISM DEVELOPMENT Tbk,"ESA NUSANTARA PERDANA, PT",50.000.000,"4,92",L,CP
27-Feb-2026,GMTD,GOWA MAKASSAR TOURISM DEVELOPMENT Tbk,"FAJAR USAHA SEMESTA, PT.",48.000.000,"4,73",,
27-Feb-2026,GMTD,GOWA MAKASSAR TOURISM DEVELOPMENT Tbk,"FAJAR RAYA CEMERLANG, PT.",46.500.000,"4,58",,
27-Feb-2026,GMTD,GOWA MAKASSAR TOURISM DEVELOPMENT Tbk,"ARESTA PERMATA UTAMA, PT.",35.000.000,"3,45",,
27-Feb-2026,GMTD,GOWA MAKASSAR TOURISM DEVELOPMENT Tbk,"FAJAR ABADI ADITAMA, PT.",35.000.000,"3,45",,
27-Feb-2026,GMTD,GOWA MAKASSAR TOURISM DEVELOPMENT Tbk,"DWISINDO JAYA, PT.",30.550.000,"3,01",,
27-Feb-2026,GMTD,GOWA MAKASSAR TOURISM DEVELOPMENT Tbk,"KEMANGPARAGON MALL, PT.",24.999.000,"2,46",,
27-Feb-2026,GMTD,GOWA MAKASSAR TOURISM DEVELOPMENT Tbk,"SENTRA DWIMANDIRI, PT.",16.500.000,"1,63",,
27-Feb-2026,GMTD,GOWA MAKASSAR TOURISM DEVELOPMENT Tbk,Tunggal Griya Semesta PT,15.000.000,"1,48",L,CP
27-Feb-2026,GMTD,GOWA MAKASSAR TOURISM DEVELOPMENT Tbk,"KHARISMA BUANA NUSANTARA, PT",13.964.200,"1,38",L,CP
27-Feb-2026,GMTD,GOWA MAKASSAR TOURISM DEVELOPMENT Tbk,"WISMA JATIM PROPERTINDO, PT",13.000.000,"1,28",L,CP
27-Feb-2026,GOLD,"VISI TELEKOMUNIKASI INFRASTRUKTUR Tbk, PT","TOWER BERSAMA INFRASTRUCTURE, TBK, PT",652.576.009,"51,09",L,CP
27-Feb-2026,GOLD,"VISI TELEKOMUNIKASI INFRASTRUKTUR Tbk, PT",PT. AMANDA CIPTA PERSADA,280.101.700,"21,93",L,CP
27-Feb-2026,GOLD,"VISI TELEKOMUNIKASI INFRASTRUKTUR Tbk, PT","MULIA SUKSES MANDIRI, PT",108.175.444,"8,47",L,CP
27-Feb-2026,GOLD,"VISI TELEKOMUNIKASI INFRASTRUKTUR Tbk, PT",PT TRIMEGAH SEKURITAS INDONESIA TBK,102.659.927,"8,04",L,SC
27-Feb-2026,GOLD,"VISI TELEKOMUNIKASI INFRASTRUKTUR Tbk, PT",SCAVINO VENTURES LIMITED,63.214.200,"4,95",A,CP
27-Feb-2026,GOLD,"VISI TELEKOMUNIKASI INFRASTRUKTUR Tbk, PT",PT LANCAR DISTRINDO,31.298.200,"2,45",L,CP
27-Feb-2026,GOLD,"VISI TELEKOMUNIKASI INFRASTRUKTUR Tbk, PT","SUKSES PRIMA SAKTI, PT",20.590.800,"1,61",L,CP
27-Feb-2026,GOLF,INTRA GOLFLINK RESORTS Tbk,BALI PECATU GRAHA,17.244.598.680,"88,49",L,CP
27-Feb-2026,GOLF,INTRA GOLFLINK RESORTS Tbk,PT. BUMINDO ANUGERAH PERKASA,436.146.900,"2,24",L,CP
27-Feb-2026,GOLF,INTRA GOLFLINK RESORTS Tbk,PT. SAMUDERA UNGGUL SENTOSA,302.279.400,"1,55",L,CP
27-Feb-2026,GOLF,INTRA GOLFLINK RESORTS Tbk,MANDALAPRATAMA PERMAI,292.161.320,"1,50",L,CP
27-Feb-2026,GOLF,INTRA GOLFLINK RESORTS Tbk,PT. MITRA BAHANA SOLUSINDO,280.371.800,"1,44",L,CP
27-Feb-2026,GOLF,INTRA GOLFLINK RESORTS Tbk,PT. FAJAR ARTHA PRABU,246.730.400,"1,27",L,CP
27-Feb-2026,GOLL,GOLDEN PLANTATION Tbk,"JOM PRAWARSA INDONESIA, PT",2.800.618.400,"76,42",L,CP
27-Feb-2026,GOLL,GOLDEN PLANTATION Tbk,LION INVESTMENT,155.350.000,"4,24",A,CP
27-Feb-2026,GOLL,GOLDEN PLANTATION Tbk,GRAPHICS ASSETS LIMITED,155.000.000,"4,23",A,CP
27-Feb-2026,GOLL,GOLDEN PLANTATION Tbk,LAVENDER CAPITAL,136.000.000,"3,71",A,CP
27-Feb-2026,GOLL,GOLDEN PLANTATION Tbk,LINEN CAPITAL LIMITED,130.000.000,"3,55",A,CP
27-Feb-2026,GOLL,GOLDEN PLANTATION Tbk,CORONA WORLDWIDE LIMITED,120.000.000,"3,27",A,CP
27-Feb-2026,GOOD,GARUDAFOOD PUTRA PUTRI JAYA Tbk,HORMEL FOODS INTERNATIONAL CORPORATION,11.133.317.364,"30,17",A,CP
27-Feb-2026,GOOD,GARUDAFOOD PUTRA PUTRI JAYA Tbk,KUSUMODEWININGRUM SUNJOTO,3.633.383.500,"9,85",L,ID
27-Feb-2026,GOOD,GARUDAFOOD PUTRA PUTRI JAYA Tbk,PANGAYOMAN ADI SOENJOTO,3.559.410.371,"9,65",L,ID
27-Feb-2026,GOOD,GARUDAFOOD PUTRA PUTRI JAYA Tbk,SUDHAMEK AGOENG WASPODO S,3.239.636.650,"8,78",L,ID
27-Feb-2026,GOOD,GARUDAFOOD PUTRA PUTRI JAYA Tbk,RAHAJOE DEWININGROEM SOENJOTO,2.820.880.796,"7,65",L,ID
27-Feb-2026,GOOD,GARUDAFOOD PUTRA PUTRI JAYA Tbk,JUNIASTUTI,1.831.709.348,"4,96",L,ID
27-Feb-2026,GOOD,GARUDAFOOD PUTRA PUTRI JAYA Tbk,UNTUNG RAHARDJO,1.811.290.931,"4,91",L,ID
27-Feb-2026,GOOD,GARUDAFOOD PUTRA PUTRI JAYA Tbk,LESTARI SANTOSO SOENJOTO,1.501.383.380,"4,07",L,ID
27-Feb-2026,GOOD,GARUDAFOOD PUTRA PUTRI JAYA Tbk,PRODJO HANDOJO SUNJOTO,749.539.420,"2,03",L,ID
27-Feb-2026,GOOD,GARUDAFOOD PUTRA PUTRI JAYA Tbk,DARMO PRANOTO SOENJOTO,728.277.613,"1,97",L,ID
27-Feb-2026,GOOD,GARUDAFOOD PUTRA PUTRI JAYA Tbk,PT. CITRA SEJATI SENTOSA,723.198.900,"1,96",L,CP
27-Feb-2026,GOOD,GARUDAFOOD PUTRA PUTRI JAYA Tbk,SRI HASTUTI AMBARWATI,683.771.313,"1,85",L,ID
27-Feb-2026,GOOD,GARUDAFOOD PUTRA PUTRI JAYA Tbk,SRI MARTINI DEWI,667.863.752,"1,81",L,ID
27-Feb-2026,GOOD,GARUDAFOOD PUTRA PUTRI JAYA Tbk,EKA SUSANTO W SUNARSO,573.958.550,"1,56",L,ID
27-Feb-2026,GOOD,GARUDAFOOD PUTRA PUTRI JAYA Tbk,HARTONO ATMADJA,512.717.630,"1,39",L,ID
27-Feb-2026,GOOD,GARUDAFOOD PUTRA PUTRI JAYA Tbk,HARDIANTO ATMADJA,408.372.322,"1,11",L,ID
27-Feb-2026,GOOD,GARUDAFOOD PUTRA PUTRI JAYA Tbk,SOEHARTO SUNJOTO,385.694.810,"1,05",L,ID
27-Feb-2026,GOTO,MVS GOTO GOJEK TOKOPEDIA Tbk,PT SAHAM ANAK BANGSA,26.888.988.841,"2,26",L,CP
27-Feb-2026,GOTO,GOTO GOJEK TOKOPEDIA Tbk,SVF GT SUBCO (SINGAPORE) PTE. LTD.,91.102.207.128,"7,65",A,IB
27-Feb-2026,GOTO,GOTO GOJEK TOKOPEDIA Tbk,TAOBAO CHINA HOLDING LIMITED,88.531.124.993,"7,43",A,CP
27-Feb-2026,GOTO,GOTO GOJEK TOKOPEDIA Tbk,PT GOTO GOJEK TOKOPEDIA TBK,33.616.417.803,"2,82",L,CP
27-Feb-2026,GOTO,GOTO GOJEK TOKOPEDIA Tbk,UBS AG HONG KONG,31.954.740.264,"2,68",A,IB
27-Feb-2026,GOTO,GOTO GOJEK TOKOPEDIA Tbk,GOOGLE ASIA PACIFIC PTE. LTD,29.582.021.466,"2,48",A,CP
27-Feb-2026,GOTO,GOTO GOJEK TOKOPEDIA Tbk,TENCENT MOBILITY LIMITED,29.599.381.207,"2,48",A,CP
27-Feb-2026,GOTO,GOTO GOJEK TOKOPEDIA Tbk,PEAK XV PARTNERS GOTO INVESTMENT HOLDINGS,29.375.833.850,"2,47",A,CP
27-Feb-2026,GOTO,GOTO GOJEK TOKOPEDIA Tbk,GOTO PEOPLEVERSE FUND,29.438.753.971,"2,47",A,CP
27-Feb-2026,GOTO,GOTO GOJEK TOKOPEDIA Tbk,PT TELEKOMUNIKASI SELULAR (TELKOMSEL),23.722.133.875,"1,99",L,CP
27-Feb-2026,GOTO,GOTO GOJEK TOKOPEDIA Tbk,CAPRET (SG) PTE LTD,23.589.991.904,"1,98",A,CP
27-Feb-2026,GOTO,GOTO GOJEK TOKOPEDIA Tbk,PT ASTRA INTERNATIONAL TBK,18.526.287.868,"1,56",L,CP
27-Feb-2026,GOTO,GOTO GOJEK TOKOPEDIA Tbk,PEAK XV PARTNERS INVESTMENTS IV,18.218.289.347,"1,53",A,CP
27-Feb-2026,GOTO,GOTO GOJEK TOKOPEDIA Tbk,WP INVESTMENTS VI B.V.,17.382.075.034,"1,46",A,CP
27-Feb-2026,GOTO,GOTO GOJEK TOKOPEDIA Tbk,CITIBANK HONG KONG S/A BHINNEKA HOLDINGS (22) LIMITED,17.045.733.334,"1,43",A,CP
27-Feb-2026,GOTO,GOTO GOJEK TOKOPEDIA Tbk,PLATINUM ORCHID B 2018 RSC LIMITED,15.214.216.163,"1,28",A,CP
27-Feb-2026,GOTO,GOTO GOJEK TOKOPEDIA Tbk,PT PROVIDENT CAPITAL INDONESIA,14.844.128.666,"1,25",L,CP
27-Feb-2026,GOTO,MVS GOTO GOJEK TOKOPEDIA Tbk,WILLIAM TANUWIJAYA,14.919.458.973,"1,25",L,ID
27-Feb-2026,GOTO,GOTO GOJEK TOKOPEDIA Tbk,MORGAN STANLEY AND CO INTERNATIONAL PLC,14.567.366.590,"1,22",A,CP
27-Feb-2026,GOTO,GOTO GOJEK TOKOPEDIA Tbk,CGS INTERNATIONAL SECURITIES SINGAPORE PTE LTD,13.011.106.743,"1,09",A,IB
27-Feb-2026,GPRA,PERDANA GAPURAPRIMA Tbk,PT ABADIMUKTI GUNALESTARI,2.031.399.820,"47,50",L,CP
27-Feb-2026,GPRA,PERDANA GAPURAPRIMA Tbk,ADITYA ANTONIUS,232.710.000,"5,44",L,ID
27-Feb-2026,GPRA,PERDANA GAPURAPRIMA Tbk,ASTRID RIRIN AGUSTIN LUHULIMA,179.230.000,"4,19",L,ID
27-Feb-2026,GPRA,PERDANA GAPURAPRIMA Tbk,"KHARISMA ANDALAS PUTRA, PT",154.942.034,"3,62",L,CP
27-Feb-2026,GPRA,PERDANA GAPURAPRIMA Tbk,YEANNE,139.610.300,"3,26",L,ID
27-Feb-2026,GPRA,PERDANA GAPURAPRIMA Tbk,RENCIUS TOBING,134.400.000,"3,14",L,ID
27-Feb-2026,GPRA,PERDANA GAPURAPRIMA Tbk,SITI SRIWIYANTI,120.087.100,"2,81",L,ID
27-Feb-2026,GPRA,PERDANA GAPURAPRIMA Tbk,"CITRAABADI KOTAPERSADA, PT",95.352.200,"2,23",L,CP
27-Feb-2026,GPRA,PERDANA GAPURAPRIMA Tbk,PT PACIFIC EXINTRACO,93.539.800,"2,19",L,CP
27-Feb-2026,GPRA,PERDANA GAPURAPRIMA Tbk,"GAPURA KENCANA ABADI, PT",90.945.400,"2,13",L,CP
27-Feb-2026,GPRA,PERDANA GAPURAPRIMA Tbk,PT OCBC SEKURITAS INDONESIA,86.100.000,"2,01",L,SC
27-Feb-2026,GPRA,PERDANA GAPURAPRIMA Tbk,PT. GAPURA INTI SEJAHTERA,79.340.000,"1,86",L,CP
27-Feb-2026,GPRA,PERDANA GAPURAPRIMA Tbk,PT BINA CIPTA NUSANTARA,62.666.667,"1,47",L,CP
27-Feb-2026,GPSO,GEOPRIMA SOLUSI Tbk,PT PIMSF PULOGADUNG,326.369.600,"48,95",L,CP
27-Feb-2026,GPSO,GEOPRIMA SOLUSI Tbk,JAKA LESMANA,17.844.600,"2,68",L,ID
27-Feb-2026,GPSO,GEOPRIMA SOLUSI Tbk,PT KONSULTAMA SUKSES INDONESIA,16.050.000,"2,41",L,CP
27-Feb-2026,GPSO,GEOPRIMA SOLUSI Tbk,"TRIPLE BERKAH BERSAMA, PT",13.943.600,"2,09",L,CP
27-Feb-2026,GPSO,GEOPRIMA SOLUSI Tbk,BATARA BAYU SOEDARWANTO,8.055.000,"1,21",L,ID
27-Feb-2026,GPSO,GEOPRIMA SOLUSI Tbk,"UNION BANCAIRE PRIVEE, UBP SA SINGAPORE BRANCH",7.500.000,"1,12",A,IB
27-Feb-2026,GPSO,GEOPRIMA SOLUSI Tbk,"SUBUR ANUGERAH SENTOSA, PT",6.920.000,"1,04",L,CP
27-Feb-2026,GPSO,GEOPRIMA SOLUSI Tbk,HENDRA WIJAYA,6.952.000,"1,04",L,ID
27-Feb-2026,GRIA,INGRIA PRATAMA CAPITALINDO Tbk,KHUFRAN HAKIM NOOR,3.486.806.674,"47,27",L,ID
27-Feb-2026,GRIA,INGRIA PRATAMA CAPITALINDO Tbk,ARVAN RIVALDY R SIREGAR,1.756.650.000,"23,82",L,ID
27-Feb-2026,GRIA,INGRIA PRATAMA CAPITALINDO Tbk,ANWAL ARIF PAMUNGKAS,299.150.000,"4,06",L,ID
27-Feb-2026,GRIA,INGRIA PRATAMA CAPITALINDO Tbk,RUSTIANA IRWATI,294.200.000,"3,99",L,ID
27-Feb-2026,GRIA,INGRIA PRATAMA CAPITALINDO Tbk,ASYER KUSNADI,168.032.100,"2,28",L,ID
27-Feb-2026,GRIA,INGRIA PRATAMA CAPITALINDO Tbk,BAYU FATHURRIZKI,139.860.000,"1,90",L,ID
27-Feb-2026,GRIA,INGRIA PRATAMA CAPITALINDO Tbk,NINDA FELINA YUSUF,125.497.000,"1,70",L,ID
27-Feb-2026,GRIA,INGRIA PRATAMA CAPITALINDO Tbk,HEIDYANI,113.340.800,"1,54",L,ID
27-Feb-2026,GRIA,INGRIA PRATAMA CAPITALINDO Tbk,DIMAS BRAMANTI SULISTYO,111.478.400,"1,51",L,ID
27-Feb-2026,GRIA,INGRIA PRATAMA CAPITALINDO Tbk,MIKHA KUSNADI,104.164.000,"1,41",L,ID
27-Feb-2026,GRIA,INGRIA PRATAMA CAPITALINDO Tbk,BIMO RAMDHANI,73.812.900,"1,00",L,ID
27-Feb-2026,GRPH,GRIPTHA PUTRA PERSADA Tbk,PT. MULIA JAYA PALMA,701.856.900,"70,19",L,CP
27-Feb-2026,GRPM,GRAHA PRIMA MENTARI Tbk,PT PRIMA MULTI USAHA INDONESIA,1.091.851.700,"70,55",L,CP
27-Feb-2026,GRPM,GRAHA PRIMA MENTARI Tbk,AGUS SUSANTO,144.148.300,"9,31",L,ID
27-Feb-2026,GRPM,GRAHA PRIMA MENTARI Tbk,WILLI,54.232.600,"3,50",L,ID
27-Feb-2026,GRPM,GRAHA PRIMA MENTARI Tbk,ENDONO SUSANTO WIJAYA,41.575.400,"2,69",L,ID
27-Feb-2026,GRPM,GRAHA PRIMA MENTARI Tbk,SUSANA,25.557.700,"1,65",L,ID
27-Feb-2026,GSMF,EQUITY DEVELOPMENT INVESTMENT Tbk,EQUITY GLOBAL INTERNATIONAL LIMITED,9.716.942.731,"68,28",A,CP
27-Feb-2026,GSMF,EQUITY DEVELOPMENT INVESTMENT Tbk,"MANNING DEVELOPMENT, PT.",710.139.000,"4,99",L,CP
27-Feb-2026,GSMF,EQUITY DEVELOPMENT INVESTMENT Tbk,PT. BINTANGPUSPITA DWIKARYA,710.000.000,"4,99",L,CP
27-Feb-2026,GSMF,EQUITY DEVELOPMENT INVESTMENT Tbk,PT SATYA MULIA GEMA GEMILANG,710.000.000,"4,99",L,CP
27-Feb-2026,GSMF,EQUITY DEVELOPMENT INVESTMENT Tbk,PT. POLYCHEM INDONESIA TBK,655.844.015,"4,61",L,CP
27-Feb-2026,GSMF,EQUITY DEVELOPMENT INVESTMENT Tbk,"AGUNG OMETRACO MUDA, PT",572.063.200,"4,02",L,CP
27-Feb-2026,GSMF,EQUITY DEVELOPMENT INVESTMENT Tbk,PT BINA MAKMUR,297.209.200,"2,09",L,CP
27-Feb-2026,GSMF,EQUITY DEVELOPMENT INVESTMENT Tbk,"PRIMA TUNAS INVESTAMA, PT.",259.051.794,"1,82",L,CP
27-Feb-2026,GSMF,EQUITY DEVELOPMENT INVESTMENT Tbk,ALLIANZ GLOBAL LIMITED,213.855.950,"1,50",A,CP
27-Feb-2026,GSMF,EQUITY DEVELOPMENT INVESTMENT Tbk,PT TRANSPEX INTERNATIONAL,194.709.000,"1,37",L,CP
27-Feb-2026,GTBO,GARDA TUJUH BUANA Tbk,GREEN RIVER PTE LTD,834.755.000,"33,39",A,CP
27-Feb-2026,GTBO,GARDA TUJUH BUANA Tbk,"BANK J.SAFRA SARASIN LTD,SINGAPORE BRANCH FOR CLIENTS A/C",819.501.800,"32,78",A,IB
27-Feb-2026,GTBO,GARDA TUJUH BUANA Tbk,PT GARDA MINERALS,655.251.000,"26,21",L,CP
27-Feb-2026,GTBO,GARDA TUJUH BUANA Tbk,BANK JULIUS BAER AND CO LTD,94.564.100,"3,78",A,IB
27-Feb-2026,GTRA,GRAHAPRIMA SUKSESMANDIRI Tbk,TRIMULTI ADINATA PERKASA,662.000.000,"34,95",L,CP
27-Feb-2026,GTRA,GRAHAPRIMA SUKSESMANDIRI Tbk,ADIKA EKA PUTRA,662.000.000,"34,95",L,CP
27-Feb-2026,GTRA,GRAHAPRIMA SUKSESMANDIRI Tbk,ARDI SUPRIYADI,95.750.000,"5,05",L,ID
27-Feb-2026,GTRA,GRAHAPRIMA SUKSESMANDIRI Tbk,RONNY SENJAYA,95.750.000,"5,05",L,ID
27-Feb-2026,GTRA,GRAHAPRIMA SUKSESMANDIRI Tbk,BENNY SOEDWIJAYANTO VALENDRA,84.754.800,"4,47",L,ID
27-Feb-2026,GTRA,GRAHAPRIMA SUKSESMANDIRI Tbk,ARIC WIJAYA LIU,68.594.400,"3,62",L,ID
27-Feb-2026,GTRA,GRAHAPRIMA SUKSESMANDIRI Tbk,GADMON HARTANTO,40.552.700,"2,14",L,ID
27-Feb-2026,GTRA,GRAHAPRIMA SUKSESMANDIRI Tbk,WILLIAM LIENARDO,40.542.300,"2,14",L,ID
27-Feb-2026,GTRA,GRAHAPRIMA SUKSESMANDIRI Tbk,PHILIP CIA,40.266.400,"2,13",L,ID
27-Feb-2026,GTSI,GTS INTERNASIONAL Tbk,HUMPUSS MARITIM INTERNASIONAL PT,13.414.263.079,"84,80",L,CP
27-Feb-2026,GULA,AMAN AGRINDO Tbk,PT. AMAN RESOURCES INDONESIA,552.879.000,"51,65",L,CP
27-Feb-2026,GULA,AMAN AGRINDO Tbk,IRSYAD HANIF,57.478.400,"5,37",L,ID
27-Feb-2026,GULA,AMAN AGRINDO Tbk,VERAH WAHYUDI S WONG,53.411.000,"4,99",L,ID
27-Feb-2026,GULA,AMAN AGRINDO Tbk,TIENNIE SUMARSI,35.786.000,"3,34",L,ID
27-Feb-2026,GULA,AMAN AGRINDO Tbk,REKSA DANA SUCORINVEST MAXI FUND,33.053.800,"3,09",L,MF
27-Feb-2026,GULA,AMAN AGRINDO Tbk,ANDREAS UTOMO,29.556.400,"2,76",L,ID
27-Feb-2026,GULA,AMAN AGRINDO Tbk,FERDIANSYAH,26.250.000,"2,45",L,ID
27-Feb-2026,GULA,AMAN AGRINDO Tbk,REKSA DANA SYARIAH SUCORINVEST SHARIA BALANCED FUND,24.500.200,"2,29",L,MF
27-Feb-2026,GULA,AMAN AGRINDO Tbk,MUHARRAMI SYAHPUTRA,20.797.300,"1,94",L,ID
27-Feb-2026,GULA,AMAN AGRINDO Tbk,OCTEN SUHADI,20.000.000,"1,87",L,ID
27-Feb-2026,GULA,AMAN AGRINDO Tbk,DR KISHORE KUMAR,14.657.500,"1,37",L,ID
27-Feb-2026,GULA,AMAN AGRINDO Tbk,Lucky Riyadi,12.338.600,"1,15",L,ID
27-Feb-2026,GUNA,GUNANUSA ERAMANDIRI Tbk,TJOKRO GUNAWAN,600.000.000,"24,00",L,ID
27-Feb-2026,GUNA,GUNANUSA ERAMANDIRI Tbk,IVAN COKRO SAPUTRA,600.000.000,"24,00",L,ID
27-Feb-2026,GUNA,GUNANUSA ERAMANDIRI Tbk,CECILIA LANNY BUDIMAN,400.000.000,"16,00",L,ID
27-Feb-2026,GUNA,GUNANUSA ERAMANDIRI Tbk,BERNICE COKROSAPUTRO,400.000.000,"16,00",L,ID
27-Feb-2026,GUNA,GUNANUSA ERAMANDIRI Tbk,PT. ADHIKARI SWARA MAHARDHIKA,94.236.100,"3,77",L,CP
27-Feb-2026,GUNA,GUNANUSA ERAMANDIRI Tbk,PT. ARTHA SAMRIDDHI DHANESWARA,89.166.000,"3,57",L,CP
27-Feb-2026,GUNA,GUNANUSA ERAMANDIRI Tbk,PT. NISKALA GANA SIDDHI,89.166.500,"3,57",L,CP
27-Feb-2026,GUNA,GUNANUSA ERAMANDIRI Tbk,PT. ADHILIMO MENGARSA ASASTA,89.166.500,"3,57",L,CP
27-Feb-2026,GUNA,GUNANUSA ERAMANDIRI Tbk,DRS SURONO SUBEKTI,43.406.000,"1,74",L,ID
27-Feb-2026,GWSA,GREENWOOD SEJAHTERA Tbk,PRIMA PERMATA SEJAHTERA,4.387.657.776,"56,25",L,CP
27-Feb-2026,GWSA,GREENWOOD SEJAHTERA Tbk,KENCANA GRAHA NUSAMANDIRI,1.813.102.224,"23,24",L,CP
27-Feb-2026,GWSA,GREENWOOD SEJAHTERA Tbk,DANA PENSIUN KARYAWAN PANIN BANK,367.250.000,"4,71",L,PF
27-Feb-2026,GWSA,GREENWOOD SEJAHTERA Tbk,MU MIN ALI GUNAWAN,200.000.000,"2,56",L,ID
27-Feb-2026,GWSA,GREENWOOD SEJAHTERA Tbk,PANIN FINANCIAL Tbk.,194.000.000,"2,49",L,CP
27-Feb-2026,GWSA,GREENWOOD SEJAHTERA Tbk,"PANINVEST TBK, PT",164.750.000,"2,11",L,CP
27-Feb-2026,GWSA,GREENWOOD SEJAHTERA Tbk,PT ADRINDO INTI PERKASA,124.312.900,"1,59",L,CP
27-Feb-2026,GZCO,GOZCO PLANTATIONS Tbk,PT. GOLDEN ZAGA INDONESIA,1.702.000.000,"28,37",L,CP
27-Feb-2026,GZCO,GOZCO PLANTATIONS Tbk,TJANDRA MINDHARTA GOZALI,1.581.972.000,"26,37",L,ID
27-Feb-2026,GZCO,GOZCO PLANTATIONS Tbk,NYAMDORJ CHULUUNBAATAR,590.882.400,"9,85",A,ID
27-Feb-2026,GZCO,GOZCO PLANTATIONS Tbk,PT. GOZCO PLANTATIONS TBK,220.339.000,"3,67",L,CP
27-Feb-2026,GZCO,GOZCO PLANTATIONS Tbk,PT. JABAR UTAMA WOOD INDUSTRY,175.418.000,"2,92",L,CP
27-Feb-2026,GZCO,GOZCO PLANTATIONS Tbk,PT. INDO CAPITAL SEKURITAS,146.550.600,"2,44",L,SC
27-Feb-2026,GZCO,GOZCO PLANTATIONS Tbk,City Peak Develpoment Limited,95.600.000,"1,59",A,IB
27-Feb-2026,GZCO,GOZCO PLANTATIONS Tbk,KWEK CHOON YEOW JULIAN,63.265.100,"1,05",A,ID
27-Feb-2026,HADE,HIMALAYA ENERGI PERKASA Tbk,PT. MAXIMA FINANCINDO,917.200.000,"43,26",L,CP
27-Feb-2026,HADE,HIMALAYA ENERGI PERKASA Tbk,DANA PENSIUN KARYAWAN PANIN BANK,202.800.000,"9,57",L,PF
27-Feb-2026,HADE,HIMALAYA ENERGI PERKASA Tbk,SUMITRO,43.322.400,"2,04",L,ID
27-Feb-2026,HADE,HIMALAYA ENERGI PERKASA Tbk,REKSADANA PAN ARCADIA EKUITAS PROGRESIF 2,42.709.229,"2,01",L,MF
27-Feb-2026,HADE,HIMALAYA ENERGI PERKASA Tbk,REKSA DANA SYARIAH PAN ARCADIA EKUITAS SYARIAH PROGRESIF,34.120.093,"1,61",L,MF
27-Feb-2026,HADE,HIMALAYA ENERGI PERKASA Tbk,RONALD SOETRISNO,29.943.000,"1,41",L,ID
27-Feb-2026,HADE,HIMALAYA ENERGI PERKASA Tbk,MERISSA,29.932.700,"1,41",L,ID
27-Feb-2026,HADE,HIMALAYA ENERGI PERKASA Tbk,REKSA DANA AURORA SMC EQUITY,27.890.000,"1,32",L,MF
27-Feb-2026,HADE,HIMALAYA ENERGI PERKASA Tbk,ROBY PURNOMO,22.003.200,"1,04",L,ID
27-Feb-2026,HADE,HIMALAYA ENERGI PERKASA Tbk,IDA BAGUS,21.904.939,"1,03",L,ID
27-Feb-2026,HAIS,HASNUR INTERNASIONAL SHIPPING Tbk,NUR INTERNASIONAL SAMUDRA,1.071.510.000,"40,80",L,OT
27-Feb-2026,HAIS,HASNUR INTERNASIONAL SHIPPING Tbk,JAYANTI SARI,147.070.000,"5,60",L,ID
27-Feb-2026,HAIS,HASNUR INTERNASIONAL SHIPPING Tbk,ZAINAL HADI HAS. HB,147.070.000,"5,60",L,ID
27-Feb-2026,HAIS,HASNUR INTERNASIONAL SHIPPING Tbk,HASNURYANI SE,147.070.000,"5,60",L,ID
27-Feb-2026,HAIS,HASNUR INTERNASIONAL SHIPPING Tbk,YUNI ABDI NUR SULAIMAN,147.070.000,"5,60",L,ID
27-Feb-2026,HAIS,HASNUR INTERNASIONAL SHIPPING Tbk,H.RACHMADI HAS,147.070.000,"5,60",L,ID
27-Feb-2026,HAIS,HASNUR INTERNASIONAL SHIPPING Tbk,NILA SUSANTI,147.070.000,"5,60",L,ID
27-Feb-2026,HAIS,HASNUR INTERNASIONAL SHIPPING Tbk,HASNURYADI SULAIMAN SE,147.070.000,"5,60",L,ID
27-Feb-2026,HAIS,HASNUR INTERNASIONAL SHIPPING Tbk,PT ENERGI BATUBARA LESTARI,82.718.200,"3,15",L,CP
27-Feb-2026,HAIS,HASNUR INTERNASIONAL SHIPPING Tbk,PT. HASNUR JAYA ENERGI,52.538.500,"2,00",L,CP
27-Feb-2026,HAIS,HASNUR INTERNASIONAL SHIPPING Tbk,PT. HASNUR JAYA TAMBANG,52.538.700,"2,00",L,CP
27-Feb-2026,HAIS,HASNUR INTERNASIONAL SHIPPING Tbk,TITI PURWANI,36.500.000,"1,39",L,ID
27-Feb-2026,HAIS,HASNUR INTERNASIONAL SHIPPING Tbk,PT TAPIN SUTHRA BERJAYA,32.832.133,"1,25",L,CP
27-Feb-2026,HAJJ,ARSY BUANA TRAVELINDO Tbk,PT MADINAH IMAN WISATA,1.603.366.670,"64,96",L,CP
27-Feb-2026,HAJJ,ARSY BUANA TRAVELINDO Tbk,PT ABRAHA JAYA INVESTAMA,161.951.000,"6,56",L,CP
27-Feb-2026,HAJJ,ARSY BUANA TRAVELINDO Tbk,PT. INVESTINDO JAYA ANUGERAH,100.190.800,"4,06",L,CP
27-Feb-2026,HAJJ,ARSY BUANA TRAVELINDO Tbk,PT GERO SECURITY ASIA,100.088.000,"4,05",L,CP
27-Feb-2026,HAJJ,ARSY BUANA TRAVELINDO Tbk,YOGA SUSILO,63.140.000,"2,56",L,ID
27-Feb-2026,HAJJ,ARSY BUANA TRAVELINDO Tbk,KARIM NAGADIPURNA NG,53.905.000,"2,18",L,ID
27-Feb-2026,HAJJ,ARSY BUANA TRAVELINDO Tbk,KENNETH ATMAN,46.787.800,"1,90",L,ID
27-Feb-2026,HAJJ,ARSY BUANA TRAVELINDO Tbk,MARGARETA,39.006.800,"1,58",L,ID
27-Feb-2026,HAJJ,ARSY BUANA TRAVELINDO Tbk,PT KONSULTAN UTAMA NUSANTARA,33.398.600,"1,35",L,CP
27-Feb-2026,HALO,HALONI JANE Tbk,HANSEN JAP,4.927.356.500,"81,06",L,ID
27-Feb-2026,HALO,HALONI JANE Tbk,PT PROMOSI DESA DIGITAL,318.349.700,"5,24",L,CP
27-Feb-2026,HALO,HALONI JANE Tbk,JULIANA,70.000.000,"1,15",L,ID
27-Feb-2026,HALO,HALONI JANE Tbk,CAI LONG,63.085.200,"1,04",A,ID
27-Feb-2026,HALO,HALONI JANE Tbk,Zurich Assets International Ltd,62.890.100,"1,03",A,CP
27-Feb-2026,HATM,HABCO TRANS MARITIMA Tbk,PT MULTI SARANA NASIONAL,1.745.409.861,"20,11",L,CP
27-Feb-2026,HATM,HABCO TRANS MARITIMA Tbk,SAMUDRA SEJAHTERA INVESTAMA PT,196.332.300,"2,26",L,CP
27-Feb-2026,HATM,HABCO TRANS MARITIMA Tbk,GEORGE SAMUEL,185.748.500,"2,14",L,ID
27-Feb-2026,HATM,HABCO TRANS MARITIMA Tbk,PT HABCO PRIMATAMA,5.758.706.000,"66,34",L,CP
27-Feb-2026,HATM,HABCO TRANS MARITIMA Tbk,AMIN DELIMA,130.363.400,"1,50",L,ID
27-Feb-2026,HATM,HABCO TRANS MARITIMA Tbk,HARLEM HALIM,111.659.400,"1,29",L,ID
27-Feb-2026,HBAT,MINAHASA MEMBANGUN HEBAT Tbk,HENDRA SUTANTO,467.760.000,"44,94",L,ID
27-Feb-2026,HBAT,MINAHASA MEMBANGUN HEBAT Tbk,RUDY GUNAWAN,215.280.000,"20,69",L,ID
27-Feb-2026,HBAT,MINAHASA MEMBANGUN HEBAT Tbk,JON FIERIS,116.960.000,"11,24",L,ID
27-Feb-2026,HBAT,MINAHASA MEMBANGUN HEBAT Tbk,Islam Santosa,21.810.400,"2,10",L,ID
27-Feb-2026,HDFA,RADANA BHASKARA FINANCE Tbk,RUBICON INVESTMENTS HOLDING PTE. LTD.,3.613.117.337,"55,23",A,OT
27-Feb-2026,HDFA,RADANA BHASKARA FINANCE Tbk,PT TIARA MARGA TRAKINDO,2.430.707.293,"37,15",L,CP
27-Feb-2026,HDFA,RADANA BHASKARA FINANCE Tbk,DBS BANK LTD.,215.000.000,"3,29",A,IB
27-Feb-2026,HDFA,RADANA BHASKARA FINANCE Tbk,PT. INDULCE NUSA INVESTAMA,69.949.400,"1,07",L,CP
27-Feb-2026,HDIT,HENSEL DAVEST INDONESIA Tbk,PT DAVEST INVESTAMA MANDIRI,796.679.400,"52,25",L,CP
27-Feb-2026,HDIT,HENSEL DAVEST INDONESIA Tbk,MOCHAMAD HELMY BA AGIL,30.834.500,"2,02",L,ID
27-Feb-2026,HDIT,HENSEL DAVEST INDONESIA Tbk,GANI PRASETYO AJI,25.000.000,"1,64",L,ID
27-Feb-2026,HDIT,HENSEL DAVEST INDONESIA Tbk,REZANANTA F PIETRUSCHKA,19.047.400,"1,25",L,ID
27-Feb-2026,HDIT,HENSEL DAVEST INDONESIA Tbk,HADI RONOTANA,17.093.200,"1,12",L,ID
27-Feb-2026,HDIT,HENSEL DAVEST INDONESIA Tbk,SUKARDI,16.707.300,"1,10",L,ID
27-Feb-2026,HEAL,MEDIKALOKA HERMINA Tbk,PT ASTRA HEALTHCARE INDONESIA,1.990.651.300,"12,95",L,CP
27-Feb-2026,HEAL,MEDIKALOKA HERMINA Tbk,PT ASTRA INTERNATIONAL TBK,1.110.824.000,"7,23",L,CP
27-Feb-2026,HEAL,MEDIKALOKA HERMINA Tbk,YULISAR KHIAT,986.829.166,"6,42",L,ID
27-Feb-2026,HEAL,MEDIKALOKA HERMINA Tbk,LYDIA IMMANUEL,855.082.000,"5,56",L,ID
27-Feb-2026,HEAL,MEDIKALOKA HERMINA Tbk,DR B P SIMORANGKIR SPOG,789.863.411,"5,14",L,ID
27-Feb-2026,HEAL,MEDIKALOKA HERMINA Tbk,DR HASMORO,756.718.089,"4,92",L,ID
27-Feb-2026,HEAL,MEDIKALOKA HERMINA Tbk,LUMINOUS INVESTMENT HOLDINGS PTE LTD,625.000.000,"4,07",A,CP
27-Feb-2026,HEAL,MEDIKALOKA HERMINA Tbk,HERITAGE INVESTMENT HOLDINGS PTE LTD,570.899.500,"3,72",A,CP
27-Feb-2026,HEAL,MEDIKALOKA HERMINA Tbk,PT DWIMURIA INVESTAMA ANDALAN,559.185.300,"3,64",L,CP
27-Feb-2026,HEAL,MEDIKALOKA HERMINA Tbk,LILY SOEPARDIMAN,482.199.000,"3,14",L,ID
27-Feb-2026,HEAL,MEDIKALOKA HERMINA Tbk,SOEDIBJO TOELOES,398.065.100,"2,59",L,ID
27-Feb-2026,HEAL,MEDIKALOKA HERMINA Tbk,HUSEN SUTAKARIA,379.246.696,"2,47",L,ID
27-Feb-2026,HEAL,MEDIKALOKA HERMINA Tbk,ASIAN DEVELOPMENT BANK (ADB),350.000.000,"2,28",A,OT
27-Feb-2026,HEAL,MEDIKALOKA HERMINA Tbk,MEIJANI WIBOWO,303.181.367,"1,97",L,ID
27-Feb-2026,HEAL,MEDIKALOKA HERMINA Tbk,INDRAJANI WIBOWO,296.653.567,"1,93",L,ID
27-Feb-2026,HEAL,MEDIKALOKA HERMINA Tbk,RICKY DHARSONO WIBOWO,272.937.167,"1,78",L,ID
27-Feb-2026,HEAL,MEDIKALOKA HERMINA Tbk,ADITYAWARMAN,225.000.000,"1,46",L,ID
27-Feb-2026,HEAL,MEDIKALOKA HERMINA Tbk,WISNI SETYAWATI WAHJUDI,212.432.408,"1,38",L,ID
27-Feb-2026,HEAL,MEDIKALOKA HERMINA Tbk,PUSTIKA AMALIA WAHIDIYAT,195.184.600,"1,27",L,ID
27-Feb-2026,HEAL,MEDIKALOKA HERMINA Tbk,APOLLO AURORA PTE. LTD,192.730.000,"1,25",A,CP
27-Feb-2026,HEAL,MEDIKALOKA HERMINA Tbk,KHIAT KHIN SIANG,182.186.598,"1,19",L,ID
27-Feb-2026,HEAL,MEDIKALOKA HERMINA Tbk,LILY ANGGRAINI SULAIMAN,177.848.822,"1,16",L,ID
27-Feb-2026,HELI,JAYA TRISHINDO Tbk,PT STARTEL COMMUNICATION,251.913.200,"30,25",L,CP
27-Feb-2026,HELI,JAYA TRISHINDO Tbk,PT. AVIA NUSANTARA KHATULISTIWA,225.085.300,"27,03",L,CP
27-Feb-2026,HELI,JAYA TRISHINDO Tbk,PT KOMALA TRI VARIA,170.700.000,"20,50",L,CP
27-Feb-2026,HELI,JAYA TRISHINDO Tbk,UOB KAY HIAN PRIVATE LIMITED,84.793.600,"10,18",A,SC
27-Feb-2026,HELI,JAYA TRISHINDO Tbk,PT CAKRAWALA BUANA SENTOSA,11.041.400,"1,33",L,CP
27-Feb-2026,HELI,JAYA TRISHINDO Tbk,ARI ANASTASIA CHRISTIANA,8.590.600,"1,03",L,ID
27-Feb-2026,HERO,DFI RETAIL NUSANTARA Tbk,MULGRAVE CORPORATION B.V.,2.660.194.960,"63,59",,
27-Feb-2026,HERO,DFI RETAIL NUSANTARA Tbk,THE DAIRY FARM COMPANY LTD,729.975.094,"17,45",,
27-Feb-2026,HERO,DFI RETAIL NUSANTARA Tbk,CLSA LTD,345.632.273,"8,26",A,SC
27-Feb-2026,HERO,DFI RETAIL NUSANTARA Tbk,PT HERO PUSAKA SEJATI,112.123.931,"2,68",L,CP
27-Feb-2026,HERO,DFI RETAIL NUSANTARA Tbk,JPMCB NA AIF CLT RE-THE SCOTTISH ORIENTAL SMALLER COMPANIES TRUST PLC,99.134.175,"2,37",A,CP
27-Feb-2026,HERO,DFI RETAIL NUSANTARA Tbk,NURHAJATI,97.205.800,"2,32",L,ID
27-Feb-2026,HEXA,HEXINDO ADIPERKASA Tbk,"HITACHI CONSTRUCTION MACHINERY CO.,LTD",408.180.000,"48,59",A,CP
27-Feb-2026,HEXA,HEXINDO ADIPERKASA Tbk,ITOCHU CORPORATION,210.400.000,"25,05",A,CP
27-Feb-2026,HEXA,HEXINDO ADIPERKASA Tbk,Hitachi Construction Machinery Asia And Pasific Pte Ltd,42.620.000,"5,07",A,CP
27-Feb-2026,HEXA,HEXINDO ADIPERKASA Tbk,"FRANKLIN TEMPLETON INVESTMENT FUNDS , SICAV",20.508.400,"2,44",A,MF
27-Feb-2026,HEXA,HEXINDO ADIPERKASA Tbk,DBS VICKERS SECS SINGAPORE (PTE) LTD A/C CLIENTS,16.497.700,"1,96",A,SC
27-Feb-2026,HGII,HERO GLOBAL INVESTMENT Tbk,SEP INTERNATIONAL NETHERLANDS B.V.,1.625.000.000,"25,00",A,CP
27-Feb-2026,HGII,HERO GLOBAL INVESTMENT Tbk,HENDRIANTO THAMRIN,1.290.250.000,"19,85",L,ID
27-Feb-2026,HGII,HERO GLOBAL INVESTMENT Tbk,RUDY CHANDRA,1.215.500.000,"18,70",L,ID
27-Feb-2026,HGII,HERO GLOBAL INVESTMENT Tbk,ROBERT NJO,1.180.750.000,"18,17",L,ID
27-Feb-2026,HGII,HERO GLOBAL INVESTMENT Tbk,PT BINA WIBAWA DIRGANTARA,168.794.500,"2,60",L,CP
27-Feb-2026,HGII,HERO GLOBAL INVESTMENT Tbk,YURONG FAN,161.300.000,"2,48",A,ID
27-Feb-2026,HGII,HERO GLOBAL INVESTMENT Tbk,TEDDY THAMRIN CHANDRA ONG,110.500.000,"1,70",L,ID
27-Feb-2026,HILL,HILLCON Tbk,PT HILLCON EQUITY MANAGEMENT,6.105.118.700,"41,41",L,CP
27-Feb-2026,HILL,HILLCON Tbk,CGS INTERNATIONAL SEKURITAS INDONESIA,2.716.063.700,"18,42",L,SC
27-Feb-2026,HILL,HILLCON Tbk,PT BUKIT PERSADA INDONESIA,2.380.700.000,"16,15",,
27-Feb-2026,HILL,HILLCON Tbk,PT TRIMEGAH SEKURITAS INDONESIA TBK,761.663.700,"5,17",L,SC
27-Feb-2026,HILL,HILLCON Tbk,LU XU,306.398.500,"2,08",L,ID
27-Feb-2026,HILL,HILLCON Tbk,MORGAN STANLEY AND CO INTERNATIONAL PLC,216.766.000,"1,47",A,CP
27-Feb-2026,HILL,HILLCON Tbk,LIE HARJONO,205.000.000,"1,39",L,ID
27-Feb-2026,HILL,HILLCON Tbk,ROBERTO LUIS,190.792.900,"1,29",L,ID
27-Feb-2026,HITS,HUMPUSS INTERMODA TRANSPORTASI Tbk,PT INVESTA DHARMA PUTERA,3.591.041.537,"50,57",L,CP
27-Feb-2026,HITS,HUMPUSS INTERMODA TRANSPORTASI Tbk,PT.MENARA CAKRA BUANA,3.070.244.742,"43,24",L,CP
27-Feb-2026,HITS,HUMPUSS INTERMODA TRANSPORTASI Tbk,"KHARISMA NUSANTARA TIMUR, PT",277.357.575,"3,91",L,CP
27-Feb-2026,HITS,HUMPUSS INTERMODA TRANSPORTASI Tbk,PT.JOYO AGUNG PERMATA,156.502.779,"2,20",L,CP
27-Feb-2026,HKMU,HK METALS UTAMA Tbk,PT ALAM MUBAROK SEJAHTERA,157.000.000,"4,87",L,CP
27-Feb-2026,HKMU,HK METALS UTAMA Tbk,PT AMEKSA PERMATA ABADI,140.000.000,"4,35",L,CP
27-Feb-2026,HKMU,HK METALS UTAMA Tbk,UJANG ROJIMAN,140.000.000,"4,35",L,ID
27-Feb-2026,HKMU,HK METALS UTAMA Tbk,PT. NUGRAHA KENCANA BHUMI,130.000.000,"4,04",L,CP
27-Feb-2026,HKMU,HK METALS UTAMA Tbk,Bagus Laksono,130.000.000,"4,04",L,ID
27-Feb-2026,HKMU,HK METALS UTAMA Tbk,WINDRA SANDAWAI,130.017.300,"4,04",L,ID
27-Feb-2026,HKMU,HK METALS UTAMA Tbk,DOBBY FRANCOIS,108.225.050,"3,36",L,ID
27-Feb-2026,HKMU,HK METALS UTAMA Tbk,"HYAMN MULTINVES PERKASA, PT",107.410.100,"3,33",L,CP
27-Feb-2026,HKMU,HK METALS UTAMA Tbk,ANDIKA RAHMAN,98.367.125,"3,05",L,ID
27-Feb-2026,HKMU,HK METALS UTAMA Tbk,JAKSA AGUNG MUDA BIDANG TINDAK PIDANA KHUSUS KEJAKSAAN REPUBLIK INDONESIA KEJAKSAAN REPUBLIK INDONESIA,91.398.700,"2,84",L,OT
27-Feb-2026,HKMU,HK METALS UTAMA Tbk,ARIF ARMANTO,41.000.000,"1,27",L,ID
27-Feb-2026,HKMU,HK METALS UTAMA Tbk,IMRON AGUNG KHOIRUDIN,40.000.000,"1,24",L,ID
27-Feb-2026,HKMU,HK METALS UTAMA Tbk,Tasman Wargana,40.000.000,"1,24",L,ID
27-Feb-2026,HKMU,HK METALS UTAMA Tbk,ALFIAN NOR ICHSAN,37.020.000,"1,15",L,ID
27-Feb-2026,HMSP,HANJAYA MANDALA SAMPOERNA Tbk,PHILIP MORRIS INDONESIA,107.523.239.925,"92,44",L,CP
27-Feb-2026,HOKI,BUYUNG POETRA SEMBADA Tbk,PT BUYUNG INVESTAMA GEMILANG,5.801.826.646,"59,95",L,CP
27-Feb-2026,HOKI,BUYUNG POETRA SEMBADA Tbk,SUKARTO BUJUNG,577.490.934,"5,97",L,ID
27-Feb-2026,HOME,HOTEL MANDARINE REGENCY Tbk,JAKSA AGUNG MUDA BIDANG TINDAK PIDANA KHUSUS KEJAKSAAN REPUBLIK INDONESIA KEJAKSAAN REPUBLIK INDONESIA,5.479.895.094,"24,67",L,OT
27-Feb-2026,HOME,HOTEL MANDARINE REGENCY Tbk,PT Yuanta Sekuritas Indonesia,2.126.279.700,"9,57",L,SC
27-Feb-2026,HOME,HOTEL MANDARINE REGENCY Tbk,REKSA DANA EMCO MANTAP,910.756.800,"4,10",L,MF
27-Feb-2026,HOME,HOTEL MANDARINE REGENCY Tbk,REKSA DANA EMCO GROWTH FUND,800.450.000,"3,60",L,MF
27-Feb-2026,HOME,HOTEL MANDARINE REGENCY Tbk,SEA LINK INVESTMENT LTD,634.568.500,"2,86",,
27-Feb-2026,HOME,HOTEL MANDARINE REGENCY Tbk,PT. PANCA GLOBAL KAPITAL TBK,629.900.000,"2,84",L,CP
27-Feb-2026,HOME,HOTEL MANDARINE REGENCY Tbk,ZICO TRUST (S) LTD AS TRUSTEE OF PROMETHEA STRATEGIC FUND,576.900.000,"2,60",,
27-Feb-2026,HOME,HOTEL MANDARINE REGENCY Tbk,"BANK DANAMON INDONESIA Tbk, PT - REGISTRAR",532.569.850,"2,40",L,IB
27-Feb-2026,HOME,HOTEL MANDARINE REGENCY Tbk,ALEXANDER PANDU WINATA,484.859.400,"2,18",L,ID
27-Feb-2026,HOME,HOTEL MANDARINE REGENCY Tbk,PT MINNA PADI INVESTAMA SEKURITAS TBK,383.891.600,"1,73",L,SC
27-Feb-2026,HOME,HOTEL MANDARINE REGENCY Tbk,REKSA DANA SAHAM EMCO PESONA,371.730.000,"1,67",L,MF
27-Feb-2026,HOME,HOTEL MANDARINE REGENCY Tbk,ADI WIJOYO,360.366.500,"1,62",L,ID
27-Feb-2026,HOME,HOTEL MANDARINE REGENCY Tbk,JOCELYN JOSEPHINE,344.538.300,"1,55",L,ID
27-Feb-2026,HOME,HOTEL MANDARINE REGENCY Tbk,PERUSAHAAN PERSEROAN (PERSERO) PT. ASABRI,310.539.512,"1,40",L,IS
27-Feb-2026,HOME,HOTEL MANDARINE REGENCY Tbk,ERIC BUDISETIO KURNIAWAN,275.000.000,"1,24",L,ID
27-Feb-2026,HOME,HOTEL MANDARINE REGENCY Tbk,PT PESONA ALAM MUTIARA,247.839.500,"1,12",L,CP
27-Feb-2026,HOME,HOTEL MANDARINE REGENCY Tbk,DRS.HERMAWAN BUDI SANTOSO,225.000.000,"1,01",L,ID
27-Feb-2026,HOMI,GRAND HOUSE MULIA Tbk,PT. GRAHA MULIA INDOTAMA,819.000.000,"52,00",L,CP
27-Feb-2026,HOMI,GRAND HOUSE MULIA Tbk,Tan Ping,189.000.000,"12,00",L,ID
27-Feb-2026,HOMI,GRAND HOUSE MULIA Tbk,Suryadi,126.000.000,"8,00",L,ID
27-Feb-2026,HOMI,GRAND HOUSE MULIA Tbk,Velliana Tanaya,63.000.000,"4,00",L,ID
27-Feb-2026,HOMI,GRAND HOUSE MULIA Tbk,Willy,63.000.000,"4,00",L,ID
27-Feb-2026,HOMI,GRAND HOUSE MULIA Tbk,SUDIRMAN,52.631.400,"3,34",L,ID
27-Feb-2026,HOMI,GRAND HOUSE MULIA Tbk,DEDE MUHT ARUDIN,52.631.400,"3,34",L,ID
27-Feb-2026,HOMI,GRAND HOUSE MULIA Tbk,TUTIK SUDIYATMI,47.631.400,"3,02",L,ID
27-Feb-2026,HOMI,GRAND HOUSE MULIA Tbk,Neneng Puspita Sari,42.967.600,"2,73",L,ID
27-Feb-2026,HOMI,GRAND HOUSE MULIA Tbk,"JAF ASIA INVESTMENT, PT",30.783.500,"1,95",L,CP
27-Feb-2026,HOMI,GRAND HOUSE MULIA Tbk,EKA PUSPITA RINI,26.003.000,"1,65",L,ID
27-Feb-2026,HOPE,HARAPAN DUTA PERTIWI Tbk,PT. HARAPAN GROUP SUKSES,687.450.400,"32,27",L,CP
27-Feb-2026,HOPE,HARAPAN DUTA PERTIWI Tbk,PT CELEBES MINING RESOURCES,295.546.733,"13,87",L,CP
27-Feb-2026,HOPE,HARAPAN DUTA PERTIWI Tbk,PT. MERANTI SAMUDRA PERKASA,106.518.100,"5,00",L,CP
27-Feb-2026,HOPE,HARAPAN DUTA PERTIWI Tbk,MULTI GARAM UTAMA PT,103.172.567,"4,84",L,CP
27-Feb-2026,HOPE,HARAPAN DUTA PERTIWI Tbk,TAN CITRA SARIDEWI BAYUSAPUTRO,92.927.143,"4,36",L,ID
27-Feb-2026,HOPE,HARAPAN DUTA PERTIWI Tbk,ALEXANDER PRAWIRO BAYUSAPUTRO,92.857.143,"4,36",L,ID
27-Feb-2026,HOPE,HARAPAN DUTA PERTIWI Tbk,"Bengawan Putra Investama, PT",77.860.216,"3,65",L,CP
27-Feb-2026,HOPE,HARAPAN DUTA PERTIWI Tbk,RINAWATI,77.288.184,"3,63",L,ID
27-Feb-2026,HOPE,HARAPAN DUTA PERTIWI Tbk,SIA TIENG HUK,49.626.335,"2,33",L,ID
27-Feb-2026,HOPE,HARAPAN DUTA PERTIWI Tbk,R. IRSANDO DWIANTO ADIPRATOMO,29.515.224,"1,39",L,ID
27-Feb-2026,HOPE,HARAPAN DUTA PERTIWI Tbk,KARTOMY,25.000.000,"1,17",L,ID
27-Feb-2026,HOTL,SARASWATI GRIYA LESTARI Tbk,PT TIARA REALTY,1.821.753.200,"51,32",L,CP
27-Feb-2026,HOTL,SARASWATI GRIYA LESTARI Tbk,IRENE THESMAN,399.148.000,"11,24",L,ID
27-Feb-2026,HOTL,SARASWATI GRIYA LESTARI Tbk,SOEGIANTO,333.001.000,"9,38",L,ID
27-Feb-2026,HOTL,SARASWATI GRIYA LESTARI Tbk,"INDRA SETIAWAN, IR. MBA",273.684.200,"7,71",L,ID
27-Feb-2026,HOTL,SARASWATI GRIYA LESTARI Tbk,PT MEGA ALVITA,150.000.000,"4,23",L,CP
27-Feb-2026,HOTL,SARASWATI GRIYA LESTARI Tbk,HARJANA BUSTAN,101.792.000,"2,87",L,ID
27-Feb-2026,HOTL,SARASWATI GRIYA LESTARI Tbk,IR. BUDIJANTO SETIAWAN,83.208.600,"2,34",L,ID
27-Feb-2026,HOTL,SARASWATI GRIYA LESTARI Tbk,LIANITA KOSASIH,77.958.500,"2,20",L,ID
27-Feb-2026,HOTL,SARASWATI GRIYA LESTARI Tbk,REKSA DANA AURORA SMC EQUITY,50.000.000,"1,41",L,MF
27-Feb-2026,HOTL,SARASWATI GRIYA LESTARI Tbk,BHAKTI SALIM,45.000.000,"1,27",L,ID
27-Feb-2026,HOTL,SARASWATI GRIYA LESTARI Tbk,ANTONIUS ANDI SUSANTO,43.896.600,"1,24",L,ID
27-Feb-2026,HRME,MENTENG HERITAGE REALTY Tbk,PT WIJAYA WISESA REALTY,5.088.443.900,"85,39",L,CP
27-Feb-2026,HRME,MENTENG HERITAGE REALTY Tbk,ANNA YUNINGSIH,71.141.800,"1,19",L,ID
27-Feb-2026,HRTA,HARTADINATA ABADI Tbk,PT. TERANG ANUGRAH ABADI,3.269.608.000,"71,00",L,CP
27-Feb-2026,HRTA,HARTADINATA ABADI Tbk,REKSA DANA TREASURE SAHAM MANTAP,157.350.000,"3,42",L,MF
27-Feb-2026,HRTA,HARTADINATA ABADI Tbk,HONKY HARJO,140.283.200,"3,05",L,ID
27-Feb-2026,HRTA,HARTADINATA ABADI Tbk,EVLI EMERGING FRONTIER FUND,110.755.600,"2,40",A,MF
27-Feb-2026,HRUM,HARUM ENERGY Tbk,"KARUNIA BARA PERKASA,PT",10.786.374.000,"79,79",L,CP
27-Feb-2026,HRUM,HARUM ENERGY Tbk,HARUM ENERGY TBK.,369.543.600,"2,73",L,CP
27-Feb-2026,HRUM,HARUM ENERGY Tbk,DJS KETENAGAKERJAAN PROGRAM JAMINAN PENSIUN,188.392.500,"1,39",L,IS
27-Feb-2026,HRUM,HARUM ENERGY Tbk,DJS KETENAGAKERJAAN PROGRAM JAMINAN HARI TUA,146.519.200,"1,08",L,IS
27-Feb-2026,HUMI,HUMPUSS MARITIM INTERNASIONAL Tbk,PT HUMPUSS INTERMODA TRANSPORTASI TBK,13.805.172.800,"76,43",L,CP
27-Feb-2026,HUMI,HUMPUSS MARITIM INTERNASIONAL Tbk,H HUTOMO MANDALA PUTRA,893.305.900,"4,95",L,ID
27-Feb-2026,HUMI,HUMPUSS MARITIM INTERNASIONAL Tbk,HUMPUSS,640.639.100,"3,55",L,CP
27-Feb-2026,HYGN,ECOCARE INDO PASIFIK Tbk,HENDRIK YONG,1.200.000.000,"47,52",L,ID
27-Feb-2026,HYGN,ECOCARE INDO PASIFIK Tbk,HERMES THAMRIN,500.000.000,"19,80",L,ID
27-Feb-2026,HYGN,ECOCARE INDO PASIFIK Tbk,RONDY YUNANDA,204.000.000,"8,08",L,ID
27-Feb-2026,HYGN,ECOCARE INDO PASIFIK Tbk,WINCENT YUNANDA,100.000.000,"3,96",L,ID
27-Feb-2026,HYGN,ECOCARE INDO PASIFIK Tbk,REKSA DANA SUCORINVEST EQUITY PRIMA FUND,66.484.800,"2,63",L,MF
27-Feb-2026,HYGN,ECOCARE INDO PASIFIK Tbk,KOKARJADI CHANDRA,63.133.700,"2,50",L,ID
27-Feb-2026,HYGN,ECOCARE INDO PASIFIK Tbk,NINI,49.530.000,"1,96",L,ID
27-Feb-2026,HYGN,ECOCARE INDO PASIFIK Tbk,BANK OF SINGAPORE LIMITED,47.500.000,"1,88",A,IB
27-Feb-2026,HYGN,ECOCARE INDO PASIFIK Tbk,CITIBANK SINGAPORE A/C CIMB-CCTB-KAF JADE FUND,38.221.400,"1,51",A,SC
27-Feb-2026,HYGN,ECOCARE INDO PASIFIK Tbk,MTRUSTEE BERHAD,28.500.000,"1,13",A,CP
27-Feb-2026,HYGN,ECOCARE INDO PASIFIK Tbk,SINOASIA HOLDING LIMITED,26.500.000,"1,05",A,CP
27-Feb-2026,IATA,MNC ENERGY INVESTMENTS Tbk,PT. KARYA PACIFIC INVESTAMA,15.258.915.800,"48,79",L,CP
27-Feb-2026,IATA,MNC ENERGY INVESTMENTS Tbk,PT. MNC ASIA HOLDING TBK,3.632.110.566,"11,61",L,CP
27-Feb-2026,IATA,MNC ENERGY INVESTMENTS Tbk,GIDEON TJAHJA PURNOMO,1.516.983.000,"4,85",L,ID
27-Feb-2026,IATA,MNC ENERGY INVESTMENTS Tbk,GERRY SANDRIC,1.000.593.000,"3,20",L,ID
27-Feb-2026,IATA,MNC ENERGY INVESTMENTS Tbk,ANDY,600.000.000,"1,92",L,ID
27-Feb-2026,IATA,MNC ENERGY INVESTMENTS Tbk,R TJAHYONO IMAWAN,560.402.400,"1,79",L,ID
27-Feb-2026,IATA,MNC ENERGY INVESTMENTS Tbk,PT KARYA BUMI ENERGI,323.753.800,"1,04",L,CP
27-Feb-2026,IBFN,INTAN BARU PRANA Tbk,PT. INTRACO PENTA . TBK,835.634.253,"55,07",L,CP
27-Feb-2026,IBFN,INTAN BARU PRANA Tbk,PT INTA TRADING,261.378.386,"17,23",L,CP
27-Feb-2026,IBFN,INTAN BARU PRANA Tbk,"SBI HOLDINGS, INC.",41.192.080,"2,71",A,CP
27-Feb-2026,IBFN,INTAN BARU PRANA Tbk,SUGENG WIJAYA SUTEDJA,27.000.000,"1,78",L,ID
27-Feb-2026,IBFN,INTAN BARU PRANA Tbk,AJB BUMI PUTERA 1912,20.000.000,"1,32",L,IS
27-Feb-2026,IBFN,INTAN BARU PRANA Tbk,ERNY,16.750.000,"1,10",L,ID
27-Feb-2026,IBFN,INTAN BARU PRANA Tbk,IRFAN FAUZI,16.750.000,"1,10",L,ID
27-Feb-2026,IBOS,INDO BOGA SUKSES Tbk,PT. GOLDMAN INVESTINDO SEDAYA,3.435.875.937,"42,60",L,CP
27-Feb-2026,IBOS,INDO BOGA SUKSES Tbk,NUANSA KENCONO ABADI PT,858.382.224,"10,64",,
27-Feb-2026,IBOS,INDO BOGA SUKSES Tbk,ALQHAISAR SUKSES ABADI,474.923.704,"5,89",L,OT
27-Feb-2026,IBOS,INDO BOGA SUKSES Tbk,SAFARI ASIA LIMITED,400.000.000,"4,96",A,IB
27-Feb-2026,IBOS,INDO BOGA SUKSES Tbk,PT MEKA EPTA INTERNATIONAL,226.000.000,"2,80",L,CP
27-Feb-2026,IBOS,INDO BOGA SUKSES Tbk,PT GARUDAPRENEUR INVESTASI ASIA,207.585.400,"2,57",L,CP
27-Feb-2026,IBOS,INDO BOGA SUKSES Tbk,YUSTIN NATALIA KADARUSMAN SE,161.240.000,"2,00",L,ID
27-Feb-2026,IBOS,INDO BOGA SUKSES Tbk,PT BUDI PRAWIRA,134.280.900,"1,66",L,CP
27-Feb-2026,IBOS,INDO BOGA SUKSES Tbk,YUDY SADRIABHAKTI,132.748.700,"1,65",L,ID
27-Feb-2026,IBOS,INDO BOGA SUKSES Tbk,WILLIAM ANTO,104.354.000,"1,29",L,ID
27-Feb-2026,IBOS,INDO BOGA SUKSES Tbk,HARTARTO CIPUTRA,94.093.400,"1,17",L,ID
27-Feb-2026,IBST,INTI BANGUN SEJAHTERA Tbk,PT IFORTE SOLUSI INFOTEK,1.350.254.095,"99,95",L,CP
27-Feb-2026,ICBP,INDOFOOD CBP SUKSES MAKMUR Tbk,INDOFOOD SUKSES MAKMUR TBK,9.391.678.000,"80,53",L,CP
27-Feb-2026,ICBP,INDOFOOD CBP SUKSES MAKMUR Tbk,DJS KETENAGAKERJAAN PROGRAM JAMINAN HARI TUA,217.420.450,"1,86",L,IS
27-Feb-2026,ICBP,INDOFOOD CBP SUKSES MAKMUR Tbk,EMPLOYEES PROVIDENT FUND BOARD,142.970.900,"1,23",A,PF
27-Feb-2026,ICBP,INDOFOOD CBP SUKSES MAKMUR Tbk,FIDELITY FUNDS,140.222.300,"1,20",A,MF
27-Feb-2026,ICON,ISLAND CONCEPTS INDONESIA Tbk,"PROF.DR.IR. ANASTASIA SULISTYAWATI M.S.,M.M.,D.TH",207.911.342,"19,08",,
27-Feb-2026,ICON,ISLAND CONCEPTS INDONESIA Tbk,"PROF.DR.IR. ANASTASIA SULISTYAWATI, M.S., M.M., D.TH",170.892.352,"15,68",L,ID
27-Feb-2026,ICON,ISLAND CONCEPTS INDONESIA Tbk,PT TRUST PENATA PROPERTINDO,158.427.624,"14,54",L,CP
27-Feb-2026,ICON,ISLAND CONCEPTS INDONESIA Tbk,PT ANUGERAH GRIYA PERSADA,85.895.000,"7,88",L,CP
27-Feb-2026,ICON,ISLAND CONCEPTS INDONESIA Tbk,PERUSAHAAN PERSEROAN (PERSERO) PT. ASABRI,54.669.376,"5,02",L,IS
27-Feb-2026,ICON,ISLAND CONCEPTS INDONESIA Tbk,NYOMAN ASTARI SISWANTO,53.397.750,"4,90",L,ID
27-Feb-2026,ICON,ISLAND CONCEPTS INDONESIA Tbk,AUGYAWATI JOE,53.397.750,"4,90",L,ID
27-Feb-2026,ICON,ISLAND CONCEPTS INDONESIA Tbk,MADE ARIANI SISWANTO,53.397.750,"4,90",L,ID
27-Feb-2026,ICON,ISLAND CONCEPTS INDONESIA Tbk,ISLAND REGENCY GROUP LIMITED,42.187.000,"3,87",,
27-Feb-2026,ICON,ISLAND CONCEPTS INDONESIA Tbk,PUTU AGUNG PRIANTA,23.364.000,"2,14",L,ID
27-Feb-2026,ICON,ISLAND CONCEPTS INDONESIA Tbk,ISLAND REGENCY GROUP LIMITED,20.000.000,"1,84",A,OT
27-Feb-2026,ICON,ISLAND CONCEPTS INDONESIA Tbk,"FRANCIS STREET PTY, LTD",16.500.000,"1,51",,
27-Feb-2026,ICON,ISLAND CONCEPTS INDONESIA Tbk,GRAHAM JAMES BRISTOW,13.159.500,"1,21",A,ID
27-Feb-2026,IDEA,IDEA INDONESIA AKADEMI Tbk,EKO DESRIYANTO,402.818.600,"37,91",L,ID
27-Feb-2026,IDEA,IDEA INDONESIA AKADEMI Tbk,PT. Idea Asia Investama,378.873.700,"35,66",L,CP
27-Feb-2026,IDEA,IDEA INDONESIA AKADEMI Tbk,CGS INTERNATIONAL SECURITIES SINGAPORE PTE LTD,31.000.100,"2,92",A,IB
27-Feb-2026,IDEA,IDEA INDONESIA AKADEMI Tbk,WISE TEAM INTERNATIONAL (HK) LIMITED,23.811.000,"2,24",A,CP
27-Feb-2026,IDEA,IDEA INDONESIA AKADEMI Tbk,BUDI NUGROHO WIBISONO,10.649.100,"1,00",L,ID
27-Feb-2026,IDPR,INDONESIA PONDASI RAYA Tbk,MANUEL DJUNAKO,1.727.847.606,"86,26",L,ID
27-Feb-2026,IDPR,INDONESIA PONDASI RAYA Tbk,FEBYAN,55.606.700,"2,78",L,ID
27-Feb-2026,IDPR,INDONESIA PONDASI RAYA Tbk,APS ASSET MANAGEMENT ADVISORY LIMITED,49.029.400,"2,45",A,CP
27-Feb-2026,IDPR,INDONESIA PONDASI RAYA Tbk,HANAH TANDEAN,34.069.294,"1,70",L,ID
27-Feb-2026,IDPR,INDONESIA PONDASI RAYA Tbk,REKSA DANA PANIN DANA MAKSIMA,25.354.400,"1,27",L,MF
27-Feb-2026,IFII,INDONESIA FIBREBOARD INDUSTRY Tbk,"ADRINDO INTIPERKASA, PT",4.800.200.000,"51,00",L,CP
27-Feb-2026,IFII,INDONESIA FIBREBOARD INDUSTRY Tbk,"SMB KENZAI CO., LTD",2.353.000.000,"25,00",A,CP
27-Feb-2026,IFII,INDONESIA FIBREBOARD INDUSTRY Tbk,HEFFY HARTONO,562.600.000,"5,98",L,ID
27-Feb-2026,IFII,INDONESIA FIBREBOARD INDUSTRY Tbk,PT. SELARAS NUSANTARA CEMERLANG,469.673.600,"4,99",L,CP
27-Feb-2026,IFII,INDONESIA FIBREBOARD INDUSTRY Tbk,NODA CORPORATION,350.000.000,"3,72",A,CP
27-Feb-2026,IFII,INDONESIA FIBREBOARD INDUSTRY Tbk,ISHINOMAKI PLYWOOD MFG CO LTD,350.000.000,"3,72",A,CP
27-Feb-2026,IFII,INDONESIA FIBREBOARD INDUSTRY Tbk,PT DINAMIKAJAYA BUMIPERSADA,235.300.000,"2,50",L,CP
27-Feb-2026,IFII,INDONESIA FIBREBOARD INDUSTRY Tbk,MERYANA HARTONO,232.476.400,"2,47",L,ID
27-Feb-2026,IFSH,IFISHDECO Tbk,PT FAJAR MINING RESOURCES,867.000.000,"40,80",,
27-Feb-2026,IFSH,IFISHDECO Tbk,PT WAHANA TRILINTAS MINING,833.000.000,"39,20",L,CP
27-Feb-2026,IFSH,IFISHDECO Tbk,PT. IFISHDECO TBK,201.852.600,"9,50",L,CP
27-Feb-2026,IFSH,IFISHDECO Tbk,PT FAJAR JAYA INVESTAMA,104.814.100,"4,93",L,CP
27-Feb-2026,IFSH,IFISHDECO Tbk,PT GLOBAL INVESTASI MAKMUR,100.542.300,"4,73",L,CP
27-Feb-2026,IGAR,CHAMPION PACIFIC INDONESIA Tbk,PT Kingsford Holdings,772.122.420,"83,22",L,CP
27-Feb-2026,IGAR,CHAMPION PACIFIC INDONESIA Tbk,KALBE FARMA TBK PT,52.500.000,"5,66",L,CP
27-Feb-2026,IGAR,CHAMPION PACIFIC INDONESIA Tbk,DRS SURONO SUBEKTI,32.300.000,"3,48",L,ID
27-Feb-2026,IIKP,INTI AGRI RESOURCES Tbk,PERUSAHAAN PERSEROAN (PERSERO) PT. ASABRI,5.113.669.575,"15,22",L,IS
27-Feb-2026,IIKP,INTI AGRI RESOURCES Tbk,JAKSA AGUNG MUDA BIDANG TINDAK PIDANA KHUSUS KEJAKSAAN REPUBLIK INDONESIA KEJAKSAAN REPUBLIK INDONESIA,3.306.907.460,"9,84",L,OT
27-Feb-2026,IIKP,INTI AGRI RESOURCES Tbk,PT. ASURANSI JIWA IFG,3.195.133.750,"9,51",L,IS
27-Feb-2026,IIKP,INTI AGRI RESOURCES Tbk,"Maxima Agro Industri, PT",2.117.686.040,"6,30",L,CP
27-Feb-2026,IIKP,INTI AGRI RESOURCES Tbk,GOLDEN HARVEST COCOA LTD,1.647.457.000,"4,90",A,CP
27-Feb-2026,IIKP,INTI AGRI RESOURCES Tbk,PT SINAR MAS MULTIARTHA Tbk,1.379.146.140,"4,10",L,CP
27-Feb-2026,IIKP,INTI AGRI RESOURCES Tbk,REKSA DANA SYARIAH AURORA SHARIA EQUITY,1.221.059.000,"3,63",L,MF
27-Feb-2026,IIKP,INTI AGRI RESOURCES Tbk,REKSA DANA SYARIAH POOL ADVISTA EKUITAS OPTIMA SYARIAH,1.033.230.000,"3,08",L,MF
27-Feb-2026,IIKP,INTI AGRI RESOURCES Tbk,REKSA DANA POOL ADVISTA KAPITAL OPTIMAL,963.172.000,"2,87",L,MF
27-Feb-2026,IIKP,INTI AGRI RESOURCES Tbk,PT POOL ADVISTA INDONESIA TBK,883.802.850,"2,63",L,CP
27-Feb-2026,IIKP,INTI AGRI RESOURCES Tbk,Reksa Dana Pan Arcadia Dana Saham Bertumbuh,836.282.000,"2,49",L,MF
27-Feb-2026,IIKP,INTI AGRI RESOURCES Tbk,PT Artha Sekuritas Indonesia,726.435.300,"2,16",L,SC
27-Feb-2026,IIKP,INTI AGRI RESOURCES Tbk,REKSA DANA SYARIAH POOL ADVISTA KAPITAL SYARIAH,662.408.000,"1,97",L,MF
27-Feb-2026,IIKP,INTI AGRI RESOURCES Tbk,REKSA DANA AURORA EQUITY,635.127.000,"1,89",L,MF
27-Feb-2026,IIKP,INTI AGRI RESOURCES Tbk,REKSA DANA SYARIAH PAN ARCADIA EKUITAS SYARIAH PROGRESIF,576.333.783,"1,72",L,MF
27-Feb-2026,IIKP,INTI AGRI RESOURCES Tbk,PT POOL ADVISTA FINANCE Tbk,510.260.550,"1,52",L,IB
27-Feb-2026,IIKP,INTI AGRI RESOURCES Tbk,REKSADANA SYARIAH DMI DANA SAHAM SYARIAH,510.366.000,"1,52",L,MF
27-Feb-2026,IIKP,INTI AGRI RESOURCES Tbk,ARIS MUNANDAR,460.122.000,"1,37",L,ID
27-Feb-2026,IIKP,INTI AGRI RESOURCES Tbk,REKSA DANA SYARIAH TREASURE SAHAM BERKAH SYARIAH,393.025.000,"1,17",L,MF
27-Feb-2026,IKAI,INTIKERAMIK ALAMASRI INDUSTRI Tbk,MAHKOTA PROPERTI INDO PT.,2.572.878.610,"19,34",L,CP
27-Feb-2026,IKAI,INTIKERAMIK ALAMASRI INDUSTRI Tbk,SUSANNA HENDRO,462.197.500,"3,47",L,ID
27-Feb-2026,IKAI,INTIKERAMIK ALAMASRI INDUSTRI Tbk,DJOHAN,354.276.433,"2,66",L,ID
27-Feb-2026,IKAI,INTIKERAMIK ALAMASRI INDUSTRI Tbk,KASHISH MONY TOPANDASANI,200.000.000,"1,50",L,ID
27-Feb-2026,IKAI,INTIKERAMIK ALAMASRI INDUSTRI Tbk,ASURANSI SIMAS JIWA,181.000.000,"1,36",L,IS
27-Feb-2026,IKAI,INTIKERAMIK ALAMASRI INDUSTRI Tbk,SUHERNO,179.174.496,"1,35",L,ID
27-Feb-2026,IKAN,ERA MANDIRI CEMERLANG Tbk,PT BERKAH DELAPAN SAMUDERA,279.360.000,"33,52",L,CP
27-Feb-2026,IKAN,ERA MANDIRI CEMERLANG Tbk,JOHAN ROSE,150.000.000,"18,00",L,ID
27-Feb-2026,IKAN,ERA MANDIRI CEMERLANG Tbk,ERNATY LIAWATI,11.536.500,"1,38",L,ID
27-Feb-2026,IKBI,SUMI INDO KABEL Tbk,"Sumitomo Electric Industries, Ltd",1.119.486.000,"91,46",A,CP
27-Feb-2026,IKBI,SUMI INDO KABEL Tbk,PT. Naditama Trancy Logistics Indonesia,16.347.200,"1,34",L,CP
27-Feb-2026,IKBI,SUMI INDO KABEL Tbk,PT. Perdanamulia Ekasakti,14.400.000,"1,18",L,CP
27-Feb-2026,IKPM,IKAPHARMINDO PUTRAMAS Tbk,PT IKAPHARMA INTI MAS,1.315.950.000,"78,11",L,CP
27-Feb-2026,IKPM,IKAPHARMINDO PUTRAMAS Tbk,REKSA DANA SYARIAH SUCORINVEST SHARIA BALANCED FUND,72.417.000,"4,30",L,MF
27-Feb-2026,IKPM,IKAPHARMINDO PUTRAMAS Tbk,REKSA DANA SUCORINVEST DANA SEHAT BERIMBANG,45.871.500,"2,72",L,MF
27-Feb-2026,IKPM,IKAPHARMINDO PUTRAMAS Tbk,REKSA DANA SUCORINVEST SHARIA EQUITY FUND,36.363.600,"2,16",L,MF
27-Feb-2026,IKPM,IKAPHARMINDO PUTRAMAS Tbk,REKSA DANA SUCORINVEST EQUITY PRIMA FUND,31.666.600,"1,88",L,MF
27-Feb-2026,IKPM,IKAPHARMINDO PUTRAMAS Tbk,PT. KASIH ANUGRAH INVESTA,30.000.000,"1,78",L,CP
27-Feb-2026,IKPM,IKAPHARMINDO PUTRAMAS Tbk,REKSA DANA SUCORINVEST EQUITY FUND,21.750.100,"1,29",L,MF
27-Feb-2026,IMAS,INDOMOBIL SUKSES INTERNASIONAL Tbk,GALLANT VENTURE LTD,1.976.765.774,"49,49",A,CP
27-Feb-2026,IMAS,INDOMOBIL SUKSES INTERNASIONAL Tbk,PT Tritunggal Intipermata,725.850.161,"18,17",L,CP
27-Feb-2026,IMAS,INDOMOBIL SUKSES INTERNASIONAL Tbk,PT TRIMEGAH SEKURITAS INDONESIA TBK,608.000.000,"15,22",L,SC
27-Feb-2026,IMAS,INDOMOBIL SUKSES INTERNASIONAL Tbk,PT SEJAHTERA RAYA PERKASA,200.562.566,"5,02",L,CP
27-Feb-2026,IMAS,INDOMOBIL SUKSES INTERNASIONAL Tbk,PT. INDOLIFE PENSIONTAMA,104.825.416,"2,62",L,IS
27-Feb-2026,IMAS,INDOMOBIL SUKSES INTERNASIONAL Tbk,PT CAKRA BAKTI WIRA SEMESTA,78.125.000,"1,96",L,CP
27-Feb-2026,IMAS,INDOMOBIL SUKSES INTERNASIONAL Tbk,WINDSOR INVESTMENT FUND LIMITED,46.869.288,"1,17",A,CP
27-Feb-2026,IMJS,INDOMOBIL MULTI JASA Tbk,PT. INDOMOBIL SUKSES INTERNASIONAL TBK,9.978.217.076,"91,97",L,CP
27-Feb-2026,IMPC,IMPACK PRATAMA INDUSTRI Tbk,PT. HARIMAS TUNGGAL PERKASA,19.625.699.600,"35,74",L,CP
27-Feb-2026,IMPC,IMPACK PRATAMA INDUSTRI Tbk,TUNGGAL JAYA INVESTAMA PT,20.759.426.194,"37,81",L,CP
27-Feb-2026,IMPC,IMPACK PRATAMA INDUSTRI Tbk,PROVIDENTIA WEALTH ADVISORY LTD,2.475.000.000,"4,51",A,IB
27-Feb-2026,IMPC,IMPACK PRATAMA INDUSTRI Tbk,PT TRIMEGAH SEKURITAS INDONESIA TBK,1.939.265.000,"3,53",L,SC
27-Feb-2026,IMPC,IMPACK PRATAMA INDUSTRI Tbk,HARYANTO TJIPTODIHARDJO,626.758.000,"1,14",L,ID
27-Feb-2026,INAF,INDOFARMA Tbk,PT BIO FARMA (Persero),2.499.999.999,"80,66",L,CP
27-Feb-2026,INAF,INDOFARMA Tbk,PERUSAHAAN PERSEROAN (PERSERO) PT. ASABRI,425.907.600,"13,74",L,IS
27-Feb-2026,INAI,INDAL ALUMINIUM INDUSTRY Tbk,PT HUSIN INVESTAMA,185.144.000,"29,22",L,CP
27-Feb-2026,INAI,INDAL ALUMINIUM INDUSTRY Tbk,HAIYANTO,56.765.100,"8,96",L,ID
27-Feb-2026,INAI,INDAL ALUMINIUM INDUSTRY Tbk,MARINDO INVESTAMA,49.680.000,"7,84",L,CP
27-Feb-2026,INAI,INDAL ALUMINIUM INDUSTRY Tbk,PT MASPION,39.744.000,"6,27",L,CP
27-Feb-2026,INAI,INDAL ALUMINIUM INDUSTRY Tbk,PT GUNA INVESTINDO,39.744.000,"6,27",L,CP
27-Feb-2026,INAI,INDAL ALUMINIUM INDUSTRY Tbk,MULINDO INVESTAMA,39.744.000,"6,27",L,CP
27-Feb-2026,INAI,INDAL ALUMINIUM INDUSTRY Tbk,PRAKINDO INVESTAMA PT,39.744.000,"6,27",,
27-Feb-2026,INAI,INDAL ALUMINIUM INDUSTRY Tbk,"HUSIN INVESTAMA, PT.",23.846.400,"3,76",L,CP
27-Feb-2026,INAI,INDAL ALUMINIUM INDUSTRY Tbk,ANUGERAH INVESTINDO,19.872.000,"3,14",L,CP
27-Feb-2026,INAI,INDAL ALUMINIUM INDUSTRY Tbk,PT. Alumindo Industrial Estate,16.386.000,"2,59",L,CP
27-Feb-2026,INAI,INDAL ALUMINIUM INDUSTRY Tbk,FIFY DEWI ADIKOESOEMO,10.800.000,"1,70",L,ID
27-Feb-2026,INAI,INDAL ALUMINIUM INDUSTRY Tbk,SIAUW YUNUS SUBANDI,9.629.200,"1,52",L,ID
27-Feb-2026,INAI,INDAL ALUMINIUM INDUSTRY Tbk,SYLVIA INDRASARI NUGROHO,8.830.000,"1,39",L,ID
27-Feb-2026,INAI,INDAL ALUMINIUM INDUSTRY Tbk,NITA WULANSARI NUGROHO,8.830.000,"1,39",L,ID
27-Feb-2026,INCF,INDO KOMODITI KORPORA Tbk,"ALAM TULUS ABADI, PT",575.348.186,"40,00",L,CP
27-Feb-2026,INCF,INDO KOMODITI KORPORA Tbk,HARTO,243.294.200,"16,91",L,ID
27-Feb-2026,INCF,INDO KOMODITI KORPORA Tbk,HARTARTO CIPUTRA,84.702.200,"5,89",L,ID
27-Feb-2026,INCF,INDO KOMODITI KORPORA Tbk,ANDREW LUANDA,34.598.200,"2,41",L,ID
27-Feb-2026,INCF,INDO KOMODITI KORPORA Tbk,RAYMOND LUIS,15.500.000,"1,08",L,ID
27-Feb-2026,INCF,INDO KOMODITI KORPORA Tbk,AGUS SUPUTRAYASA,15.000.000,"1,04",L,ID
27-Feb-2026,INCF,INDO KOMODITI KORPORA Tbk,"AGUSTIN, SE",15.010.000,"1,04",L,ID
27-Feb-2026,INCI,INTANWIJAYA INTERNASIONAL Tbk,TAMZIL TANMIZI,39.048.885,"18,80",L,ID
27-Feb-2026,INCI,INTANWIJAYA INTERNASIONAL Tbk,TAZRAN TANMIZI,35.720.918,"17,20",L,ID
27-Feb-2026,INCI,INTANWIJAYA INTERNASIONAL Tbk,ROBERT TANMIZI,31.878.062,"15,35",L,ID
27-Feb-2026,INCI,INTANWIJAYA INTERNASIONAL Tbk,ANDY TANUJAYA,10.378.800,"5,00",L,ID
27-Feb-2026,INCI,INTANWIJAYA INTERNASIONAL Tbk,SUNTOSO JACOB,9.685.083,"4,66",L,ID
27-Feb-2026,INCI,INTANWIJAYA INTERNASIONAL Tbk,ZAINAP TANMIZI,9.251.738,"4,46",L,ID
27-Feb-2026,INCI,INTANWIJAYA INTERNASIONAL Tbk,ANNIE TANMIZI,9.251.738,"4,46",L,ID
27-Feb-2026,INCI,INTANWIJAYA INTERNASIONAL Tbk,MICHELLE TANMIZI,9.251.738,"4,46",L,ID
27-Feb-2026,INCI,INTANWIJAYA INTERNASIONAL Tbk,DIANDRA TANMIZI,9.251.738,"4,46",L,ID
27-Feb-2026,INCI,INTANWIJAYA INTERNASIONAL Tbk,KEVIN TIRTA TANUJAYA,3.727.600,"1,80",L,ID
27-Feb-2026,INCI,INTANWIJAYA INTERNASIONAL Tbk,DRS SURONO SUBEKTI,3.623.530,"1,74",L,ID
27-Feb-2026,INCI,INTANWIJAYA INTERNASIONAL Tbk,WANDI WIJAYA,2.466.563,"1,19",L,ID
27-Feb-2026,INCO,VALE INDONESIA Tbk,PERUSAHAAN PERSEROAN (PERSERO) PT MINERAL INDUSTRI INDONESIA,3.583.533.690,"34,00",L,CP
27-Feb-2026,INCO,VALE INDONESIA Tbk,VALE CANADA LIMITED,3.570.993.764,"33,88",A,CP
27-Feb-2026,INCO,VALE INDONESIA Tbk,"SUMITOMO METAL MINING CO.,LTD.",1.210.370.563,"11,48",A,CP
27-Feb-2026,INCO,VALE INDONESIA Tbk,DJS KETENAGAKERJAAN PROGRAM JAMINAN HARI TUA,237.247.633,"2,25",L,IS
27-Feb-2026,INCO,VALE INDONESIA Tbk,EMPLOYEES PROVIDENT FUND BOARD,171.050.600,"1,62",A,PF
27-Feb-2026,INCO,VALE INDONESIA Tbk,GOVERNMENT OF NORWAY,129.222.884,"1,23",A,OT
27-Feb-2026,INDF,INDOFOOD SUKSES MAKMUR Tbk,FIRST PACIFIC INVESTMENT MANAGEMENT LTD,4.396.103.450,"50,07",A,CP
27-Feb-2026,INDF,INDOFOOD SUKSES MAKMUR Tbk,Equity Bloom Limited,435.190.706,"4,96",A,CP
27-Feb-2026,INDF,INDOFOOD SUKSES MAKMUR Tbk,DJS KETENAGAKERJAAN PROGRAM JAMINAN HARI TUA,328.290.631,"3,74",L,IS
27-Feb-2026,INDF,INDOFOOD SUKSES MAKMUR Tbk,DEUTSCHE BK AG (PRIVATE BANKING) SPORE WM CLIENT,135.223.400,"1,54",A,IB
27-Feb-2026,INDF,INDOFOOD SUKSES MAKMUR Tbk,FIDELITY FUNDS,111.858.900,"1,27",A,MF
27-Feb-2026,INDF,INDOFOOD SUKSES MAKMUR Tbk,BRANDES INTERNATIONAL SMALL CAP EQUITY FUND,104.054.800,"1,19",A,MF
27-Feb-2026,INDO,ROYALINDO INVESTA WIJAYA Tbk,LESLIE SOEMEDI,1.443.027.600,"32,21",L,ID
27-Feb-2026,INDO,ROYALINDO INVESTA WIJAYA Tbk,IBRAHIM SOEMEDI,670.000.000,"14,95",L,ID
27-Feb-2026,INDO,ROYALINDO INVESTA WIJAYA Tbk,HERMAN SOEMEDI,670.000.000,"14,95",L,ID
27-Feb-2026,INDO,ROYALINDO INVESTA WIJAYA Tbk,"KO, SUGIARTO",586.040.000,"13,08",L,ID
27-Feb-2026,INDO,ROYALINDO INVESTA WIJAYA Tbk,NEVIN SOEMEDI,558.205.800,"12,46",L,ID
27-Feb-2026,INDO,ROYALINDO INVESTA WIJAYA Tbk,IRSYAD HANIF,53.834.500,"1,20",L,ID
27-Feb-2026,INDR,INDO-RAMA SYNTHETICS Tbk,INDORAMA HOLDINGS B.V.,419.933.000,"64,18",A,OT
27-Feb-2026,INDR,INDO-RAMA SYNTHETICS Tbk,IRAMA INVESTAMA,163.600.000,"25,00",L,CP
27-Feb-2026,INDR,INDO-RAMA SYNTHETICS Tbk,INDORAMA HOLDINGS BV,20.308.050,"3,10",,
27-Feb-2026,INDR,INDO-RAMA SYNTHETICS Tbk,BANK OF SINGAPORE LIMITED,14.438.900,"2,21",A,IB
27-Feb-2026,INDS,INDOSPRING Tbk,INDOPRIMA GEMILANG,5.782.102.070,"88,11",L,CP
27-Feb-2026,INDS,INDOSPRING Tbk,SWISS LIFE (SINGAPORE) PTE. LTD. - 0653400017001,321.500.000,"4,90",A,IS
27-Feb-2026,INDS,INDOSPRING Tbk,PRIMA GRAHA HIBURAN PT,156.943.200,"2,39",L,CP
27-Feb-2026,INDX,TANAH LAUT Tbk,EQUATOREX SDN BHD,166.874.541,"38,11",A,IB
27-Feb-2026,INDX,TANAH LAUT Tbk,HEYDAY INVESTMENT LIMITED,101.720.239,"23,23",A,IB
27-Feb-2026,INDX,TANAH LAUT Tbk,BANK OF SINGAPORE LIMITED,6.008.500,"1,37",A,IB
27-Feb-2026,INDY,INDIKA ENERGY Tbk,INDIKA INTI INVESTINDO,1.968.882.699,"37,79",L,CP
27-Feb-2026,INDY,INDIKA ENERGY Tbk,PT TELADAN RESOURCES,1.463.155.591,"28,08",L,CP
27-Feb-2026,INDY,INDIKA ENERGY Tbk,PANDRI PRABONO-MOELYO,265.406.200,"5,09",L,ID
27-Feb-2026,INDY,INDIKA ENERGY Tbk,F. IRENE FANCY,87.637.500,"1,68",L,ID
27-Feb-2026,INDY,INDIKA ENERGY Tbk,PT. AIA FINANCIAL,86.362.200,"1,66",L,IS
27-Feb-2026,INDY,INDIKA ENERGY Tbk,WADYONO SULIANTORO WIRJOMIHARDJO,77.733.000,"1,49",L,ID
27-Feb-2026,INDY,INDIKA ENERGY Tbk,EDDY JUNAEDY DANU,69.970.500,"1,34",L,ID
27-Feb-2026,INET,SINERGI INTI ANDALAN PRIMA Tbk,PT ABADI KREASI UNGGUL NUSANTARA,13.286.121.131,"59,38",L,CP
27-Feb-2026,INKP,INDAH KIAT PULP AND PAPER Tbk,APP PURINUSA EKAPERSADA,2.245.705.760,"41,05",L,CP
27-Feb-2026,INKP,INDAH KIAT PULP AND PAPER Tbk,PT APP PURINUSA EKAPERSADA,944.438.738,"17,26",L,CP
27-Feb-2026,INKP,INDAH KIAT PULP AND PAPER Tbk,PT PORTGATE ASET INDONESIA,267.432.846,"4,89",L,CP
27-Feb-2026,INKP,INDAH KIAT PULP AND PAPER Tbk,CASCADEN INVESTMENT LIMITED,206.293.049,"3,77",A,IB
27-Feb-2026,INKP,INDAH KIAT PULP AND PAPER Tbk,BROADBAND GLOBAL PARTNERS INC,141.963.222,"2,59",A,IB
27-Feb-2026,INKP,INDAH KIAT PULP AND PAPER Tbk,PT LANGGENG MURNI LAKSANA,139.621.826,"2,55",L,CP
27-Feb-2026,INKP,INDAH KIAT PULP AND PAPER Tbk,BANK OF SINGAPORE LIMITED,134.501.200,"2,46",A,IB
27-Feb-2026,INKP,INDAH KIAT PULP AND PAPER Tbk,MAYFIELD INVESTMENT LTD,74.221.901,"1,36",A,CP
27-Feb-2026,INOV,INOCYCLE TECHNOLOGY GROUP Tbk,SAMUDERA INDUSTRI PT,1.200.221.900,"66,38",L,CP
27-Feb-2026,INOV,INOCYCLE TECHNOLOGY GROUP Tbk,SANDIANA SOEMARKO,181.625.000,"10,04",L,ID
27-Feb-2026,INOV,INOCYCLE TECHNOLOGY GROUP Tbk,SHINHAN INVESTMENT CORP,44.657.700,"2,47",A,SC
27-Feb-2026,INOV,INOCYCLE TECHNOLOGY GROUP Tbk,JUNG HYO CHOI,35.489.900,"1,96",L,ID
27-Feb-2026,INOV,INOCYCLE TECHNOLOGY GROUP Tbk,KINGSWOOD UNION CORPORATION,28.071.000,"1,55",A,OT
27-Feb-2026,INPC,BANK ARTHA GRAHA INTERNASIONAL Tbk,PT CAKRA INTI UTAMA,2.908.909.842,"14,38",L,CP
27-Feb-2026,INPC,BANK ARTHA GRAHA INTERNASIONAL Tbk,PT PIRUS PLATINUM MURNI,1.361.238.977,"6,73",L,CP
27-Feb-2026,INPC,BANK ARTHA GRAHA INTERNASIONAL Tbk,CERANA ARTHA PUTRA,1.322.157.253,"6,54",L,CP
27-Feb-2026,INPC,BANK ARTHA GRAHA INTERNASIONAL Tbk,PT ARTHA GRAHA NETWORK,1.134.617.030,"5,61",L,CP
27-Feb-2026,INPC,BANK ARTHA GRAHA INTERNASIONAL Tbk,PT PUSPITA BISNISPURI,1.087.913.290,"5,38",L,CP
27-Feb-2026,INPC,BANK ARTHA GRAHA INTERNASIONAL Tbk,PT GRAHA INOVASI UNGGUL,1.000.000.000,"4,94",L,CP
27-Feb-2026,INPC,BANK ARTHA GRAHA INTERNASIONAL Tbk,CGS INTERNATIONAL SECURITIES SINGAPORE PTE LTD,950.000.100,"4,70",A,IB
27-Feb-2026,INPC,BANK ARTHA GRAHA INTERNASIONAL Tbk,PT ARTHAMULIA SENTOSAJAYA,839.439.091,"4,15",L,CP
27-Feb-2026,INPC,BANK ARTHA GRAHA INTERNASIONAL Tbk,GEMILANG INTI PERSADA,784.804.563,"3,88",,
27-Feb-2026,INPC,BANK ARTHA GRAHA INTERNASIONAL Tbk,KARYA NUSANTARA PERMAI,712.647.774,"3,52",L,OT
27-Feb-2026,INPC,BANK ARTHA GRAHA INTERNASIONAL Tbk,PT ARYA KENCANA UTAMA,537.801.500,"2,66",L,CP
27-Feb-2026,INPC,BANK ARTHA GRAHA INTERNASIONAL Tbk,PT ARTHA NUANSA UTAMA,450.000.000,"2,23",L,CP
27-Feb-2026,INPC,BANK ARTHA GRAHA INTERNASIONAL Tbk,PT PERSADA ANUGERAH MAKMUR,450.000.000,"2,23",L,CP
27-Feb-2026,INPC,BANK ARTHA GRAHA INTERNASIONAL Tbk,Sugianto Kusuma,450.450.450,"2,23",L,ID
27-Feb-2026,INPC,BANK ARTHA GRAHA INTERNASIONAL Tbk,PT RAYA PERDANA UTAMA,422.000.000,"2,09",L,CP
27-Feb-2026,INPC,BANK ARTHA GRAHA INTERNASIONAL Tbk,PT LAYAR UNGGUL UTAMA,423.000.000,"2,09",L,CP
27-Feb-2026,INPC,BANK ARTHA GRAHA INTERNASIONAL Tbk,PT LINTAS PERDANA KARYA,423.000.000,"2,09",L,CP
27-Feb-2026,INPC,BANK ARTHA GRAHA INTERNASIONAL Tbk,PT PERSADA INDAH RAYA,402.364.605,"1,99",L,CP
27-Feb-2026,INPC,BANK ARTHA GRAHA INTERNASIONAL Tbk,PT NUANSA INDAH RAYA,402.364.605,"1,99",L,CP
27-Feb-2026,INPC,BANK ARTHA GRAHA INTERNASIONAL Tbk,PT INDAH RAYA SEJAHTERA,402.364.605,"1,99",L,CP
27-Feb-2026,INPC,BANK ARTHA GRAHA INTERNASIONAL Tbk,PT SEJATI INDAH RAYA,402.364.604,"1,99",L,CP
27-Feb-2026,INPC,BANK ARTHA GRAHA INTERNASIONAL Tbk,RAFFLES PLACE HOTEL LIMITED,364.864.293,"1,80",A,OT
27-Feb-2026,INPC,BANK ARTHA GRAHA INTERNASIONAL Tbk,UOB KAY HIAN PRIVATE LIMITED,338.655.399,"1,67",A,SC
27-Feb-2026,INPC,BANK ARTHA GRAHA INTERNASIONAL Tbk,DBS VICKERS SECS SINGAPORE (PTE) LTD A/C CLIENTS,318.464.318,"1,57",A,SC
27-Feb-2026,INPC,BANK ARTHA GRAHA INTERNASIONAL Tbk,NEW CLASSIQUE INVESTMENT GROUP LIMITED,292.792.792,"1,45",A,OT
27-Feb-2026,INPC,BANK ARTHA GRAHA INTERNASIONAL Tbk,RANGE TRADER LIMITED,247.747.747,"1,23",A,OT
27-Feb-2026,INPC,BANK ARTHA GRAHA INTERNASIONAL Tbk,KTM LAND INVESTMENT CORPORATION,242.398.118,"1,20",A,OT
27-Feb-2026,INPC,BANK ARTHA GRAHA INTERNASIONAL Tbk,NEW FERRA INTERNATIONAL LIMITED,203.547.830,"1,01",A,OT
27-Feb-2026,INPP,INDONESIAN PARADISE PROPERTY Tbk,GRAHATAMA KREASIBARU,4.041.653.709,"36,14",L,CP
27-Feb-2026,INPP,INDONESIAN PARADISE PROPERTY Tbk,TREE OF BLESSING PTE. LTD.,3.147.549.873,"28,15",A,CP
27-Feb-2026,INPP,INDONESIAN PARADISE PROPERTY Tbk,PT PROPERTINDO PRIMA INVESTAMA,1.118.197.174,"10,00",L,CP
27-Feb-2026,INPP,INDONESIAN PARADISE PROPERTY Tbk,ELYSIUM INVESTMENT PARTNERS LTD,894.557.738,"8,00",A,CP
27-Feb-2026,INPP,INDONESIAN PARADISE PROPERTY Tbk,CGS INTERNATIONAL SECURITIES SINGAPORE PTE LTD,872.279.000,"7,80",A,IB
27-Feb-2026,INPP,INDONESIAN PARADISE PROPERTY Tbk,UOB KAY HIAN PRIVATE LIMITED,529.278.600,"4,73",A,SC
27-Feb-2026,INPP,INDONESIAN PARADISE PROPERTY Tbk,CGS INTERNATIONAL SEKURITAS INDONESIA,183.400.000,"1,64",L,SC
27-Feb-2026,INPS,INDAH PRAKASA SENTOSA Tbk,PT. SURYA PERKASA SENTOSA,518.613.000,"79,79",L,CP
27-Feb-2026,INPS,INDAH PRAKASA SENTOSA Tbk,PT. SINAR RATU SENTOSA,45.000.000,"6,92",L,CP
27-Feb-2026,INPS,INDAH PRAKASA SENTOSA Tbk,REKSA DANA NARADA SAHAM INDONESIA,9.293.500,"1,43",L,MF
27-Feb-2026,INRU,TOBA PULP LESTARI Tbk,ALLIED HILL LIMITED,1.285.265.467,"92,54",A,CP
27-Feb-2026,INRU,TOBA PULP LESTARI Tbk,UOB KAY HIAN PRIVATE LIMITED,31.480.898,"2,27",A,SC
27-Feb-2026,INRU,TOBA PULP LESTARI Tbk,Diamond Flow Consultants Limited,28.677.657,"2,06",A,OT
27-Feb-2026,INTA,INTRACO PENTA Tbk,PETRUS HALIM,766.657.928,"22,93",L,ID
27-Feb-2026,INTA,INTRACO PENTA Tbk,JIMMY HALIM,585.126.410,"17,50",L,ID
27-Feb-2026,INTA,INTRACO PENTA Tbk,SPALLINDO ADILONG PT,348.545.132,"10,42",L,CP
27-Feb-2026,INTA,INTRACO PENTA Tbk,PT. SHALUMINDO INVESTAMA,325.308.789,"9,73",L,CP
27-Feb-2026,INTA,INTRACO PENTA Tbk,GITHA SUSILO,133.677.250,"4,00",L,ID
27-Feb-2026,INTA,INTRACO PENTA Tbk,FERRY SUDJONO,115.421.400,"3,45",L,ID
27-Feb-2026,INTA,INTRACO PENTA Tbk,GUNADHI DHARMAWAN LESMANA,103.553.300,"3,10",L,ID
27-Feb-2026,INTA,INTRACO PENTA Tbk,SELVIA SASONGKO,72.647.000,"2,17",L,ID
27-Feb-2026,INTA,INTRACO PENTA Tbk,SETIAWATI KUSUMA,71.359.030,"2,13",L,ID
27-Feb-2026,INTA,INTRACO PENTA Tbk,HALEX HALIM,67.751.100,"2,03",,
27-Feb-2026,INTA,INTRACO PENTA Tbk,ADHIGUNA PRAKASA,62.291.588,"1,86",L,ID
27-Feb-2026,INTA,INTRACO PENTA Tbk,LONG FIRDAUS,54.221.488,"1,62",L,ID
27-Feb-2026,INTA,INTRACO PENTA Tbk,RELIANCEVER HOLDINGS INC,53.470.400,"1,60",A,OT
27-Feb-2026,INTA,INTRACO PENTA Tbk,PT. HP CAPITAL RESOURCES,51.261.800,"1,53",L,CP
27-Feb-2026,INTA,INTRACO PENTA Tbk,JEFFREY POERNAMA,48.000.000,"1,44",L,ID
27-Feb-2026,INTA,INTRACO PENTA Tbk,JUNAEDY TANUJAYA,38.752.600,"1,16",L,ID
27-Feb-2026,INTA,INTRACO PENTA Tbk,PT CLARINDOTAMA PERDANA,38.419.600,"1,15",L,CP
27-Feb-2026,INTD,INTER DELTA Tbk,PEAK AIM DEVELOPMENT LTD,323.940.000,"54,74",A,CP
27-Feb-2026,INTD,INTER DELTA Tbk,KARNA BRATA LESMANA,133.504.220,"22,56",L,ID
27-Feb-2026,INTD,INTER DELTA Tbk,NATASHA LESMANA,57.644.500,"9,74",L,ID
27-Feb-2026,INTD,INTER DELTA Tbk,LINDA HELIANI LESMANA,8.240.900,"1,39",L,ID
27-Feb-2026,INTD,INTER DELTA Tbk,IE KENG SIANG,7.500.000,"1,27",L,ID
27-Feb-2026,INTD,INTER DELTA Tbk,PT SASANANEKA TUNGGALNUSA,7.000.000,"1,18",L,CP
27-Feb-2026,INTD,INTER DELTA Tbk,Raymond Rianto .S,6.352.500,"1,07",L,ID
27-Feb-2026,INTD,INTER DELTA Tbk,TAHAR INDERADJAJANATA,6.000.000,"1,01",,
27-Feb-2026,INTP,INDOCEMENT TUNGGAL PRAKARSA Tbk,Heidelberg Materials AG,1.877.480.863,"53,40",A,CP
27-Feb-2026,INTP,INDOCEMENT TUNGGAL PRAKARSA Tbk,PT. Indocement Tunggal Prakarsa Tbk,230.668.600,"6,56",L,CP
27-Feb-2026,INTP,INDOCEMENT TUNGGAL PRAKARSA Tbk,Dornier Profits Limited,132.702.142,"3,77",A,CP
27-Feb-2026,INTP,INDOCEMENT TUNGGAL PRAKARSA Tbk,TREASURE EAST INVESTMENTS LTD,125.892.794,"3,58",A,CP
27-Feb-2026,INTP,INDOCEMENT TUNGGAL PRAKARSA Tbk,DJS KETENAGAKERJAAN PROGRAM JAMINAN HARI TUA,102.515.700,"2,92",L,IS
27-Feb-2026,INTP,INDOCEMENT TUNGGAL PRAKARSA Tbk,PARALLAX VENTURE PARTNERS XXX LTD,87.500.000,"2,49",A,CP
27-Feb-2026,INTP,INDOCEMENT TUNGGAL PRAKARSA Tbk,ING BANK NV SG BRANCH S/A POWERSIDE INVESTMENTS LIMITED,78.635.898,"2,24",A,CP
27-Feb-2026,INTP,INDOCEMENT TUNGGAL PRAKARSA Tbk,EMPLOYEES PROVIDENT FUND BOARD,65.468.566,"1,86",A,PF
27-Feb-2026,INTP,INDOCEMENT TUNGGAL PRAKARSA Tbk,DEUTSCHE BK AG (PRIVATE BANKING) SPORE WM CLIENT,55.000.000,"1,56",A,IB
27-Feb-2026,INTP,INDOCEMENT TUNGGAL PRAKARSA Tbk,INVESCO ASIAN FUND (UK),35.908.200,"1,02",A,IB
27-Feb-2026,INTP,INDOCEMENT TUNGGAL PRAKARSA Tbk,PT TASPEN (PERSERO),35.685.500,"1,02",L,IS
27-Feb-2026,IOTF,SUMBER SINERGI MAKMUR Tbk,ALAMSYAH,2.555.000.000,"48,30",L,ID
27-Feb-2026,IOTF,SUMBER SINERGI MAKMUR Tbk,GRACIA PUSPITA SUCIONO,1.045.000.000,"19,75",L,ID
27-Feb-2026,IOTF,SUMBER SINERGI MAKMUR Tbk,HANS DEMAS KOSASIH,94.154.100,"1,78",L,ID
27-Feb-2026,IPAC,ERA GRAHAREALTY Tbk,APAC INVESTMENT 2 PTE LTD,860.562.600,"90,60",A,CP
27-Feb-2026,IPAC,ERA GRAHAREALTY Tbk,UOB KAY HIAN PRIVATE LIMITED,46.000.000,"4,84",A,SC
27-Feb-2026,IPAC,ERA GRAHAREALTY Tbk,ONG BOO CHOON,25.464.700,"2,68",A,ID
27-Feb-2026,IPCC,INDONESIA KENDARAAN TERMINAL Tbk,PELINDO MULTI TERMINAL,1.296.144.749,"71,28",,
27-Feb-2026,IPCC,INDONESIA KENDARAAN TERMINAL Tbk,PT. PELABUHAN INDONESIA INVESTAMA,100.682.600,"5,54",L,CP
27-Feb-2026,IPCC,INDONESIA KENDARAAN TERMINAL Tbk,LGT BANK AG,19.133.300,"1,05",A,IB
27-Feb-2026,IPCM,JASA ARMADA INDONESIA Tbk,PT PELINDO JASA MARITIM,4.063.504.600,"76,89",,
27-Feb-2026,IPCM,JASA ARMADA INDONESIA Tbk,PT. PELABUHAN INDONESIA INVESTAMA,569.551.400,"10,78",L,CP
27-Feb-2026,IPCM,JASA ARMADA INDONESIA Tbk,PT ASURANSI KERUGIAN JASA RAHARJA,211.447.400,"4,00",L,IS
27-Feb-2026,IPCM,JASA ARMADA INDONESIA Tbk,PT TASPEN (PERSERO),58.491.100,"1,11",L,IS
27-Feb-2026,IPOL,INDOPOLY SWAKARSA INDUSTRY Tbk,JEFFLYNE GOLDEN HOLDINGS PTE LTD,1.903.153.710,"29,54",A,CP
27-Feb-2026,IPOL,INDOPOLY SWAKARSA INDUSTRY Tbk,PT SUPERNOVA FLEXIBLE PACKAGING,1.849.531.010,"28,70",L,CP
27-Feb-2026,IPOL,INDOPOLY SWAKARSA INDUSTRY Tbk,NOBLE OX INTERNATIONAL LTD,1.491.910.560,"23,15",A,CP
27-Feb-2026,IPOL,INDOPOLY SWAKARSA INDUSTRY Tbk,PT. HOKI INVESTASI SEJATI,330.706.700,"5,13",L,CP
27-Feb-2026,IPOL,INDOPOLY SWAKARSA INDUSTRY Tbk,UBS AG SINGAPORE BRANCH,227.719.000,"3,53",A,IB
27-Feb-2026,IPOL,INDOPOLY SWAKARSA INDUSTRY Tbk,PT.MITRA SUKSES BERSAMA MANDIRI,107.766.000,"1,67",L,CP
27-Feb-2026,IPPE,INDO PURECO PRATAMA Tbk,"LEMBUR SADAYA INVESTAMA, PT",1.620.000.000,"35,22",L,CP
27-Feb-2026,IPPE,INDO PURECO PRATAMA Tbk,PT SUMBER SENTOSA ADIKARYA,280.000.000,"6,09",L,CP
27-Feb-2026,IPPE,INDO PURECO PRATAMA Tbk,ASEP SULAEMAN SABANDA,239.705.900,"5,21",L,ID
27-Feb-2026,IPPE,INDO PURECO PRATAMA Tbk,PT PENDANAAN EFEK INDONESIA,215.292.200,"4,68",L,CP
27-Feb-2026,IPPE,INDO PURECO PRATAMA Tbk,HENRY SINANTA,146.888.800,"3,19",L,ID
27-Feb-2026,IPPE,INDO PURECO PRATAMA Tbk,UJANG ROJIMAN,100.959.100,"2,19",L,ID
27-Feb-2026,IPPE,INDO PURECO PRATAMA Tbk,MUHAMMAD SAUFI AFLIGA,99.484.800,"2,16",L,ID
27-Feb-2026,IPPE,INDO PURECO PRATAMA Tbk,EKO APRILIANTO,76.816.400,"1,67",L,ID
27-Feb-2026,IPPE,INDO PURECO PRATAMA Tbk,MUHAMMAD KHAIDAR ASFAT,66.250.600,"1,44",L,ID
27-Feb-2026,IPPE,INDO PURECO PRATAMA Tbk,PT.CIPTA IHYA NUSANTARA,60.000.000,"1,30",L,CP
27-Feb-2026,IPPE,INDO PURECO PRATAMA Tbk,AGNES DYKE PEKERTI,56.882.900,"1,24",L,ID
27-Feb-2026,IPPE,INDO PURECO PRATAMA Tbk,PT BERKAH MULTI BETON,46.400.000,"1,01",L,CP
27-Feb-2026,IPTV,MNC VISION NETWORKS Tbk,PT GLOBAL MEDIACOM TBK,26.485.731.319,"62,77",L,CP
27-Feb-2026,IPTV,MNC VISION NETWORKS Tbk,UOB KAY HIAN (HONG KONG) LTD,2.808.673.600,"6,66",A,SC
27-Feb-2026,IPTV,MNC VISION NETWORKS Tbk,Meivel Holdings Corporation,1.311.468.300,"3,11",A,OT
27-Feb-2026,IPTV,MNC VISION NETWORKS Tbk,INFOKOM ELEKTRINDO PT,1.086.000.000,"2,57",L,CP
27-Feb-2026,IPTV,MNC VISION NETWORKS Tbk,IRAWAN HOSEA,874.605.600,"2,07",L,ID
27-Feb-2026,IPTV,MNC VISION NETWORKS Tbk,STARLIGHT LTD,745.452.600,"1,77",A,CP
27-Feb-2026,IPTV,MNC VISION NETWORKS Tbk,LITERATI CAPITAL INVESTMENTS LIMITED,733.514.222,"1,74",A,CP
27-Feb-2026,IPTV,MNC VISION NETWORKS Tbk,RELIANCEVER HOLDINGS INC,710.350.745,"1,68",A,OT
27-Feb-2026,IPTV,MNC VISION NETWORKS Tbk,SMART EMPIRE GROUP LTD,633.541.200,"1,50",A,OT
27-Feb-2026,IRRA,ITAMA RANORAYA Tbk,PT GLOBAL DINAMIKA KENCANA,1.260.502.200,"78,78",L,CP
27-Feb-2026,IRRA,ITAMA RANORAYA Tbk,PT ITAMA RANORAYA TBK,92.182.600,"5,76",L,CP
27-Feb-2026,IRRA,ITAMA RANORAYA Tbk,PT GLOBAL DINAMIKA KENCANA SINGAPORE PTE. LTD.,34.661.625,"2,17",A,CP
27-Feb-2026,IRRA,ITAMA RANORAYA Tbk,PT NEUMEDIK JAYA,19.461.675,"1,22",L,CP
27-Feb-2026,IRSX,FOLAGO GLOBAL NUSANTARA Tbk,PT MATRA TRI ABADI,3.930.307.000,"63,44",L,CP
27-Feb-2026,IRSX,FOLAGO GLOBAL NUSANTARA Tbk,TAN KARYANTO,125.000.000,"2,02",L,ID
27-Feb-2026,IRSX,FOLAGO GLOBAL NUSANTARA Tbk,MARLA ANGELINA,121.704.200,"1,96",L,ID
27-Feb-2026,IRSX,FOLAGO GLOBAL NUSANTARA Tbk,ADITYA HARTAWAN,102.829.600,"1,66",L,ID
27-Feb-2026,ISAP,ISRA PRESISI INDONESIA Tbk,PT. DUA PUTRA BERSINERGI,2.025.940.000,"50,39",L,CP
27-Feb-2026,ISAP,ISRA PRESISI INDONESIA Tbk,SUKADI,60.000.000,"1,49",L,ID
27-Feb-2026,ISAP,ISRA PRESISI INDONESIA Tbk,HERI SANTOSO LIEM,57.261.800,"1,42",L,ID
27-Feb-2026,ISAT,INDOSAT Tbk,OOREDOO HUTCHISON ASIA PTE. LTD.,21.170.843.008,"65,64",A,OT
27-Feb-2026,ISAT,INDOSAT Tbk,PERUSAHAAN PENGELOLA ASET (PERSERO),3.106.499.996,"9,63",L,CP
27-Feb-2026,ISAT,INDOSAT Tbk,PT TIGA TELEKOMUNIKASI INDONESIA,2.687.020.352,"8,33",L,CP
27-Feb-2026,ISAT,INDOSAT Tbk,SMALLCAP WORLD FUND INC.,692.740.257,"2,15",A,MF
27-Feb-2026,ISAT,INDOSAT Tbk,NS INDIGO 3 LIMITED,523.440.000,"1,62",A,CP
27-Feb-2026,ISAT,INDOSAT Tbk,EMPLOYEES PROVIDENT FUND BOARD,406.436.100,"1,26",A,PF
27-Feb-2026,ISEA,INDO AMERICAN SEAFOODS Tbk,INDO AMERICAN FOODS,962.500.000,"69,24",L,CP
27-Feb-2026,ISEA,INDO AMERICAN SEAFOODS Tbk,SAIMI SALEH,82.500.000,"5,94",L,ID
27-Feb-2026,ISEA,INDO AMERICAN SEAFOODS Tbk,IBNU SYENA ALFITRA,55.102.000,"3,96",L,ID
27-Feb-2026,ISEA,INDO AMERICAN SEAFOODS Tbk,SANTOSO CHALID,28.383.100,"2,04",L,ID
27-Feb-2026,ISSP,STEEL PIPE INDUSTRY OF INDONESIA Tbk,PT CAKRA BHAKTI PARA PUTRA,4.145.626.730,"57,69",L,CP
27-Feb-2026,ISSP,STEEL PIPE INDUSTRY OF INDONESIA Tbk,DBS BANK LTD S/A PEMBERTON ASIAN OPPORTUNITIES FUND,487.740.700,"6,79",A,IB
27-Feb-2026,ISSP,STEEL PIPE INDUSTRY OF INDONESIA Tbk,NATHANNIEL SEBASTHIAN,355.164.422,"4,94",L,ID
27-Feb-2026,ISSP,STEEL PIPE INDUSTRY OF INDONESIA Tbk,HANDAJA SUSANTO,327.557.100,"4,56",L,ID
27-Feb-2026,ISSP,STEEL PIPE INDUSTRY OF INDONESIA Tbk,IRAWANTY SUSANTO,300.024.163,"4,18",L,ID
27-Feb-2026,ISSP,STEEL PIPE INDUSTRY OF INDONESIA Tbk,HSBC LTD-SINGAPORE BRANCH PRIVATE BANKING DIVISION ACCOUNT CLIENTS,176.383.662,"2,45",A,CP
27-Feb-2026,ISSP,STEEL PIPE INDUSTRY OF INDONESIA Tbk,LIE EFFENDI HARSONO,158.370.000,"2,20",L,ID
27-Feb-2026,ISSP,STEEL PIPE INDUSTRY OF INDONESIA Tbk,PT. STEEL PIPE INDUSTRY OF INDONESIA Tbk,134.513.600,"1,87",L,CP
27-Feb-2026,ISSP,STEEL PIPE INDUSTRY OF INDONESIA Tbk,AHLI WARIS ALM THE TJAHJONO TEDJO KOESOEMO,126.436.750,"1,76",,
27-Feb-2026,ISSP,STEEL PIPE INDUSTRY OF INDONESIA Tbk,JFE STEEL CORPORATION,106.646.860,"1,48",A,CP
27-Feb-2026,ISSP,STEEL PIPE INDUSTRY OF INDONESIA Tbk,NANCY MEISISCA HALIM,89.176.100,"1,24",L,ID
27-Feb-2026,ITIC,INDONESIAN TOBACCO Tbk,DJONNY SAKSONO,643.030.800,"68,36",L,ID
27-Feb-2026,ITIC,INDONESIAN TOBACCO Tbk,ANUGERAH INVESTINDO NUSANTARA,66.000.000,"7,02",L,OT
27-Feb-2026,ITIC,INDONESIAN TOBACCO Tbk,ANN JESSICA CHAN,36.470.300,"3,88",A,ID
27-Feb-2026,ITIC,INDONESIAN TOBACCO Tbk,AMY VICTORIA CHAN,35.681.800,"3,79",A,ID
27-Feb-2026,ITIC,INDONESIAN TOBACCO Tbk,HERMINE CHAN PIK CHUAN,13.227.600,"1,41",A,ID
27-Feb-2026,ITIC,INDONESIAN TOBACCO Tbk,LILIK LIEK YANG CHAN,11.394.200,"1,21",A,ID
27-Feb-2026,ITIC,INDONESIAN TOBACCO Tbk,DEREK LANGE,9.702.200,"1,03",A,ID
27-Feb-2026,ITMA,SUMBER ENERGI ANDALAN Tbk,PT ASTRINDO NUSANTARA INFRASTRUKTUR TBK,418.560.000,"41,90",L,CP
27-Feb-2026,ITMA,SUMBER ENERGI ANDALAN Tbk,"FERSINDO NUSA JAYA, PT",123.440.800,"12,36",L,CP
27-Feb-2026,ITMA,SUMBER ENERGI ANDALAN Tbk,PT TRUKINDO PERSADA SEJAHTERA,62.725.600,"6,28",L,CP
27-Feb-2026,ITMA,SUMBER ENERGI ANDALAN Tbk,"MAJUKARYA MANDIRI INDONESIA, PT",56.717.605,"5,68",L,CP
27-Feb-2026,ITMA,SUMBER ENERGI ANDALAN Tbk,"BERSAMA JAYA SOLUSI, PT",43.609.900,"4,37",L,CP
27-Feb-2026,ITMA,SUMBER ENERGI ANDALAN Tbk,PT DANATAMA MAKMUR SEKURITAS,37.855.400,"3,79",L,SC
27-Feb-2026,ITMA,SUMBER ENERGI ANDALAN Tbk,PT DELTA ROYAL SEJAHTERA,29.300.000,"2,93",L,CP
27-Feb-2026,ITMA,SUMBER ENERGI ANDALAN Tbk,"Tesco International Capital, PT",25.925.695,"2,60",L,CP
27-Feb-2026,ITMA,SUMBER ENERGI ANDALAN Tbk,FLORENCE SENDJAJA,24.970.700,"2,50",L,ID
27-Feb-2026,ITMA,SUMBER ENERGI ANDALAN Tbk,PT DANATAMA KAPITAL INVESTAMA,21.440.900,"2,15",L,CP
27-Feb-2026,ITMA,SUMBER ENERGI ANDALAN Tbk,Zurich Assets International Ltd,14.563.800,"1,46",A,CP
27-Feb-2026,ITMA,SUMBER ENERGI ANDALAN Tbk,BONAVENTURA LUKITA,11.871.900,"1,19",L,ID
27-Feb-2026,ITMA,SUMBER ENERGI ANDALAN Tbk,PT SOLUSI KARYA SUKSES,11.368.900,"1,14",L,CP
27-Feb-2026,ITMG,INDO TAMBANGRAYA MEGAH Tbk,BANPU MINERALS (SINGAPORE)PRIVATE LIMITED,736.071.000,"65,14",A,CP
27-Feb-2026,ITMG,INDO TAMBANGRAYA MEGAH Tbk,DUNROSS AND CO SA SICAV SIF,19.000.000,"1,68",A,MF
27-Feb-2026,ITMG,INDO TAMBANGRAYA MEGAH Tbk,PT INDO TAMBANGRAYA MEGAH TBK,15.025.900,"1,33",L,CP
27-Feb-2026,ITMG,INDO TAMBANGRAYA MEGAH Tbk,DJS KETENAGAKERJAAN PROGRAM JAMINAN HARI TUA,11.847.100,"1,05",L,IS
27-Feb-2026,JARR,JHONLIN AGRO RAYA Tbk,ESHAN AGRO SENTOSA PT,7.997.556.204,"86,64",,
27-Feb-2026,JARR,JHONLIN AGRO RAYA Tbk,PT BARAMEGA CITRA MULIA PERSADA,251.353.850,"2,72",L,CP
27-Feb-2026,JARR,JHONLIN AGRO RAYA Tbk,WELLY SUSANTO,249.398.800,"2,70",L,ID
27-Feb-2026,JARR,JHONLIN AGRO RAYA Tbk,"JUNAIDI SH, LLM",231.272.600,"2,51",L,ID
27-Feb-2026,JARR,JHONLIN AGRO RAYA Tbk,GT.DENNY RAMDHANI,145.666.300,"1,58",L,ID
27-Feb-2026,JARR,JHONLIN AGRO RAYA Tbk,HARIONO,100.398.550,"1,09",L,ID
27-Feb-2026,JAST,JASNITA TELEKOMINDO Tbk,UOB KAY HIAN PRIVATE LIMITED,324.263.786,"29,95",A,SC
27-Feb-2026,JAST,JASNITA TELEKOMINDO Tbk,PT JAST INFOTEK GRUP,219.941.120,"20,32",L,CP
27-Feb-2026,JAST,JASNITA TELEKOMINDO Tbk,YENTORO,45.883.300,"4,24",L,ID
27-Feb-2026,JAST,JASNITA TELEKOMINDO Tbk,KRISTINA DWI SURYANI PANGERAPAN,22.950.000,"2,12",L,ID
27-Feb-2026,JAST,JASNITA TELEKOMINDO Tbk,HENRY,20.961.000,"1,94",L,ID
27-Feb-2026,JAST,JASNITA TELEKOMINDO Tbk,ANANTO,13.050.600,"1,21",L,ID
27-Feb-2026,JATI,INFORMASI TEKNOLOGI INDONESIA Tbk,PT JATI PIRANTI SOLUSINDO,2.088.000.000,"64,00",,
27-Feb-2026,JATI,INFORMASI TEKNOLOGI INDONESIA Tbk,PT AMANAH AYAH ANAK,522.000.000,"16,00",,
27-Feb-2026,JATI,INFORMASI TEKNOLOGI INDONESIA Tbk,"CHANDHAR CAPITAL PREMIER, PT",160.000.000,"4,90",L,CP
27-Feb-2026,JATI,INFORMASI TEKNOLOGI INDONESIA Tbk,FRANKY CHANDRA,82.732.400,"2,54",L,ID
27-Feb-2026,JAWA,JAYA AGRA WATTIE Tbk,UOB KAY HIAN PTE LTD A/C UNITED OVERSEAS BANK A/C PT SARANA AGRO INVESTAMA,15.015.345.027,"92,50",L,CP
27-Feb-2026,JAWA,JAYA AGRA WATTIE Tbk,"BUMI SURYA KENCANA, PT",646.089.700,"3,98",L,CP
27-Feb-2026,JAWA,JAYA AGRA WATTIE Tbk,DEUTSCHE BK AG (PRIVATE BANKING) SPORE WM CLIENT,169.603.500,"1,04",A,IB
27-Feb-2026,JAYA,ARMADA BERJAYA TRANS Tbk,"PRIMA GLOBALINDO LOGISTIK TBK, PT",365.597.400,"45,79",L,CP
27-Feb-2026,JAYA,ARMADA BERJAYA TRANS Tbk,DARMAWAN SURYADI SM,167.650.830,"21,00",L,ID
27-Feb-2026,JAYA,ARMADA BERJAYA TRANS Tbk,JAP ASTRID PATRICIA,60.084.465,"7,52",L,ID
27-Feb-2026,JAYA,ARMADA BERJAYA TRANS Tbk,BELVIN TANNADI,46.912.900,"5,88",L,ID
27-Feb-2026,JAYA,ARMADA BERJAYA TRANS Tbk,SUWARTA,12.366.300,"1,55",L,ID
27-Feb-2026,JECC,JEMBO CABLE COMPANY Tbk,PT MONASPERMATA PERSADA,499.575.000,"66,08",L,CP
27-Feb-2026,JECC,JEMBO CABLE COMPANY Tbk,PT. INDOLIFE PENSIONTAMA,132.891.500,"17,58",L,IS
27-Feb-2026,JECC,JEMBO CABLE COMPANY Tbk,PT JEMBO CABLE COMPANY TBK.,49.050.000,"6,49",L,CP
27-Feb-2026,JECC,JEMBO CABLE COMPANY Tbk,MERRYANAWATI ANWAR,17.457.400,"2,31",L,ID
27-Feb-2026,JECC,JEMBO CABLE COMPANY Tbk,DPK INDOCEMENT T.P,16.688.800,"2,21",L,PF
27-Feb-2026,JECC,JEMBO CABLE COMPANY Tbk,PT ASURANSI JIWA CENTRAL ASIA RAYA,13.978.800,"1,85",L,IS
27-Feb-2026,JECC,JEMBO CABLE COMPANY Tbk,MERRILL LYNCH PIERCE FENNER AND SMITH,10.000.000,"1,32",A,CP
27-Feb-2026,JGLE,GRAHA ANDRASENTRA PROPERTINDO Tbk,PT SURYA GLOBAL NUSANTARA,8.753.037.308,"38,76",L,CP
27-Feb-2026,JGLE,GRAHA ANDRASENTRA PROPERTINDO Tbk,BANQUE DE LUXEMBOURG - CLIENT ACCOUNT,2.767.921.425,"12,26",A,IB
27-Feb-2026,JGLE,GRAHA ANDRASENTRA PROPERTINDO Tbk,EFG Bank AG,1.822.592.196,"8,07",A,IB
27-Feb-2026,JGLE,GRAHA ANDRASENTRA PROPERTINDO Tbk,SIAUW YUNUS SUBANDI,1.234.858.500,"5,47",L,ID
27-Feb-2026,JGLE,GRAHA ANDRASENTRA PROPERTINDO Tbk,ISMAIL ALI,462.431.000,"2,05",L,ID
27-Feb-2026,JGLE,GRAHA ANDRASENTRA PROPERTINDO Tbk,PT ANAM TUJUH,368.648.000,"1,63",L,CP
27-Feb-2026,JGLE,GRAHA ANDRASENTRA PROPERTINDO Tbk,REKSA DANA TF SUPER MAXXI,361.180.000,"1,60",L,MF
27-Feb-2026,JGLE,GRAHA ANDRASENTRA PROPERTINDO Tbk,Reksa Dana Pan Arcadia Dana Saham Bertumbuh,243.881.000,"1,08",L,MF
27-Feb-2026,JGLE,GRAHA ANDRASENTRA PROPERTINDO Tbk,"Tesco International Capital, PT",241.100.000,"1,07",L,CP
27-Feb-2026,JGLE,GRAHA ANDRASENTRA PROPERTINDO Tbk,PT BIOFUEL INDO SUMATRA,233.270.000,"1,03",L,CP
27-Feb-2026,JGLE,GRAHA ANDRASENTRA PROPERTINDO Tbk,FIDELITY FUNDS,231.757.016,"1,03",A,MF
27-Feb-2026,JIHD,JAKARTA INTERNATIONAL HOTELS & DEVELOPMEN,TP TTb KkRESNA AJI SEMBADA,932.401.192,"40,03",L,CP
27-Feb-2026,JIHD,JAKARTA INTERNATIONAL HOTELS & DEVELOPMEN,TT OTbMkY WINATA,306.243.700,"13,15",L,ID
27-Feb-2026,JIHD,JAKARTA INTERNATIONAL HOTELS & DEVELOPMEN,TP TTb CkATUR KUSUMA ABADI SEJAHTERA,164.604.361,"7,07",L,CP
27-Feb-2026,JIHD,JAKARTA INTERNATIONAL HOTELS & DEVELOPMEN,TS UTbKkARDI TANDIJONO TANG,140.880.000,"6,05",L,ID
27-Feb-2026,JIHD,JAKARTA INTERNATIONAL HOTELS & DEVELOPMEN,TW TAbLkL STREET DEVELOPMENT LIMITED,77.805.250,"3,34",A,OT
27-Feb-2026,JIHD,JAKARTA INTERNATIONAL HOTELS & DEVELOPMEN,TW TAbLkL STREET STAR ENTERPRISES LIMITED,75.810.244,"3,25",A,OT
27-Feb-2026,JIHD,JAKARTA INTERNATIONAL HOTELS & DEVELOPMEN,TU TBbSk SWITZERLAND AG,67.889.000,"2,91",A,IB
27-Feb-2026,JIHD,JAKARTA INTERNATIONAL HOTELS & DEVELOPMEN,TR TEbNkEE TANG,47.786.500,"2,05",L,ID
27-Feb-2026,JIHD,JAKARTA INTERNATIONAL HOTELS & DEVELOPMEN,TU TBbSk AG HONG KONG,45.100.000,"1,94",A,IB
27-Feb-2026,JIHD,JAKARTA INTERNATIONAL HOTELS & DEVELOPMEN,TP TTb SkENTRAJAYA PANCA SELARAS,39.316.288,"1,69",L,CP
27-Feb-2026,JIHD,JAKARTA INTERNATIONAL HOTELS & DEVELOPMEN,TH TEbNkDRY HARTATO,30.000.000,"1,29",L,ID
27-Feb-2026,JIHD,JAKARTA INTERNATIONAL HOTELS & DEVELOPMEN,TP TTb Akgung Sedayu,27.192.000,"1,17",L,CP
27-Feb-2026,JIHD,JAKARTA INTERNATIONAL HOTELS & DEVELOPMEN,TC THbAkNCERY PROPERTY HOLDINGS LIMITED,26.227.003,"1,13",A,OT
27-Feb-2026,JKON,JAYA KONSTRUKSI MANGGALA PRATAMA Tbk,PT. PEMBANGUNAN JAYA,9.929.587.750,"60,89",L,CP
27-Feb-2026,JKON,JAYA KONSTRUKSI MANGGALA PRATAMA Tbk,PT. JAYA JASA NIAGA,699.498.987,"4,29",L,CP
27-Feb-2026,JKON,JAYA KONSTRUKSI MANGGALA PRATAMA Tbk,YAYASAN PENDIDIKAN JAYA,412.593.663,"2,53",L,FD
27-Feb-2026,JKON,JAYA KONSTRUKSI MANGGALA PRATAMA Tbk,BP2S SG/BNP PARIBAS SINGAPORE BRANCH WEALTH MANAGEMENT,392.853.330,"2,41",A,OT
27-Feb-2026,JKON,JAYA KONSTRUKSI MANGGALA PRATAMA Tbk,PT Indo Premier Securities,363.150.075,"2,23",L,SC
27-Feb-2026,JKON,JAYA KONSTRUKSI MANGGALA PRATAMA Tbk,DRA MEDYA LENGKEY S.,355.281.600,"2,18",L,ID
27-Feb-2026,JKON,JAYA KONSTRUKSI MANGGALA PRATAMA Tbk,UNGKORO DARMOSUSILO,341.904.375,"2,10",L,ID
27-Feb-2026,JKON,JAYA KONSTRUKSI MANGGALA PRATAMA Tbk,"IRAMAPERKASA SUARAAGUNG, PT",229.000.000,"1,40",L,CP
27-Feb-2026,JKON,JAYA KONSTRUKSI MANGGALA PRATAMA Tbk,BOEDIMAN SOEKRISMAN,220.985.350,"1,36",L,ID
27-Feb-2026,JKON,JAYA KONSTRUKSI MANGGALA PRATAMA Tbk,NIXON JACOBUS SILFANUS,220.357.040,"1,35",L,ID
27-Feb-2026,JKON,JAYA KONSTRUKSI MANGGALA PRATAMA Tbk,BUDIMULIA INVESTAMA,188.146.700,"1,15",L,CP
27-Feb-2026,JKON,JAYA KONSTRUKSI MANGGALA PRATAMA Tbk,PENTA COSMOPOLITAN CORPORATION PT,188.146.700,"1,15",,
27-Feb-2026,JMAS,ASURANSI JIWA SYARIAH JASA MITRA ABADI Tbk,KOPERASI SIMPAN PINJAM JASA,579.500.000,"57,95",L,OT
27-Feb-2026,JMAS,ASURANSI JIWA SYARIAH JASA MITRA ABADI Tbk,PT PIJAR INVESTASI NUSANTARA,83.000.000,"8,30",L,CP
27-Feb-2026,JMAS,ASURANSI JIWA SYARIAH JASA MITRA ABADI Tbk,BAHROJI,41.606.200,"4,16",L,ID
27-Feb-2026,JMAS,ASURANSI JIWA SYARIAH JASA MITRA ABADI Tbk,PT JASA CAPITAL ASSET MANAGEMENT,30.000.000,"3,00",L,SC
27-Feb-2026,JMAS,ASURANSI JIWA SYARIAH JASA MITRA ABADI Tbk,REKSA DANA MINNA PADI PRINGGONDANI SAHAM,23.251.087,"2,33",L,MF
27-Feb-2026,JMAS,ASURANSI JIWA SYARIAH JASA MITRA ABADI Tbk,KENNEN SUFI,20.707.000,"2,07",L,ID
27-Feb-2026,JMAS,ASURANSI JIWA SYARIAH JASA MITRA ABADI Tbk,REKSA DANA MINNA PADI PASOPATI SAHAM,20.378.882,"2,04",L,MF
27-Feb-2026,JMAS,ASURANSI JIWA SYARIAH JASA MITRA ABADI Tbk,YENNY WATI,16.501.500,"1,65",L,ID
27-Feb-2026,JMAS,ASURANSI JIWA SYARIAH JASA MITRA ABADI Tbk,"Sri Hartini Sachroni, BSC",15.000.000,"1,50",L,ID
27-Feb-2026,JMAS,ASURANSI JIWA SYARIAH JASA MITRA ABADI Tbk,REKSA DANA MINNA PADI KERATON II,13.599.000,"1,36",L,MF
27-Feb-2026,JMAS,ASURANSI JIWA SYARIAH JASA MITRA ABADI Tbk,HENDRIK SETIAWAN,11.000.000,"1,10",L,ID
27-Feb-2026,JMAS,ASURANSI JIWA SYARIAH JASA MITRA ABADI Tbk,HENRY KURNIAWAN LATIEF,10.100.000,"1,01",L,ID
27-Feb-2026,JPFA,JAPFA COMFEED INDONESIA Tbk,JAPFA LTD,6.500.176.516,"55,43",A,CP
27-Feb-2026,JPFA,JAPFA COMFEED INDONESIA Tbk,TREE OF BLESSING PTE. LTD.,515.637.480,"4,40",A,CP
27-Feb-2026,JPFA,JAPFA COMFEED INDONESIA Tbk,BANK JULIUS BAER & CO. LTD,396.323.400,"3,38",A,IB
27-Feb-2026,JPFA,JAPFA COMFEED INDONESIA Tbk,"UNION BANCAIRE PRIVEE, UBP SA SINGAPORE BRANCH",376.258.035,"3,21",A,IB
27-Feb-2026,JPFA,JAPFA COMFEED INDONESIA Tbk,UBP SG - SUCCESS JOY TRADING LIMITED,355.668.595,"3,03",A,CP
27-Feb-2026,JPFA,JAPFA COMFEED INDONESIA Tbk,MIEKE SANTOSA,263.122.585,"2,24",L,ID
27-Feb-2026,JPFA,JAPFA COMFEED INDONESIA Tbk,UBS AG SINGAPORE BRANCH,233.029.900,"1,99",A,IB
27-Feb-2026,JPFA,JAPFA COMFEED INDONESIA Tbk,UNITED OVERSEAS BANK NOMINEES (PRIVATE) LIMITED,126.620.460,"1,08",A,CP
27-Feb-2026,JRPT,JAYA REAL PROPERTY Tbk,PT. PEMBANGUNAN JAYA,8.744.075.000,"67,73",L,CP
27-Feb-2026,JRPT,JAYA REAL PROPERTY Tbk,BP2S SG/BNP PARIBAS SINGAPORE BRANCH WEALTH MANAGEMENT,2.135.209.800,"16,54",A,OT
27-Feb-2026,JRPT,JAYA REAL PROPERTY Tbk,YAYASAN PENDIDIKAN JAYA,286.516.000,"2,22",L,FD
27-Feb-2026,JRPT,JAYA REAL PROPERTY Tbk,PT. JAYA JASA NIAGA,233.650.700,"1,81",L,CP
27-Feb-2026,JRPT,JAYA REAL PROPERTY Tbk,BOEDIMAN SOEKRISMAN,175.000.000,"1,36",L,ID
27-Feb-2026,JRPT,JAYA REAL PROPERTY Tbk,PT JAYA RAYA UTAMA,155.909.800,"1,21",L,CP
27-Feb-2026,JRPT,JAYA REAL PROPERTY Tbk,NITA ARIFIN,140.000.000,"1,08",L,ID
27-Feb-2026,JRPT,JAYA REAL PROPERTY Tbk,SACHDEVA RAJESH,137.336.600,"1,06",A,ID
27-Feb-2026,JSKY,SKY ENERGY INDONESIA Tbk,JAKSA AGUNG MUDA BIDANG TINDAK PIDANA KHUSUS KEJAKSAAN REPUBLIK INDONESIA KEJAKSAAN REPUBLIK INDONESIA,413.516.733,"20,34",L,OT
27-Feb-2026,JSKY,SKY ENERGY INDONESIA Tbk,PT MIRAE ASSET SEKURITAS INDONESIA,203.352.927,"10,00",L,SC
27-Feb-2026,JSKY,SKY ENERGY INDONESIA Tbk,PT. TRINITAN GLOBAL PASIFIK,91.928.580,"4,52",L,CP
27-Feb-2026,JSKY,SKY ENERGY INDONESIA Tbk,MAYBANK SECURITIES PTE. LTD.,50.000.000,"2,46",A,SC
27-Feb-2026,JSKY,SKY ENERGY INDONESIA Tbk,INDRAWATI,45.978.100,"2,26",L,ID
27-Feb-2026,JSKY,SKY ENERGY INDONESIA Tbk,HANIFAH LATIFAH,43.639.500,"2,15",L,ID
27-Feb-2026,JSKY,SKY ENERGY INDONESIA Tbk,WG CAPITAL LTD,42.569.800,"2,09",A,IB
27-Feb-2026,JSKY,SKY ENERGY INDONESIA Tbk,MELANIAWATI HADIKARTONO,21.774.200,"1,07",L,ID
27-Feb-2026,JSMR,JASA MARGA (PERSERO) Tbk,PERUSAHAAN PERSEROAN (PERSERO) PT DANANTARA ASSET MANAGEMENT,5.029.704.742,"69,30",L,CP
27-Feb-2026,JSMR,JASA MARGA (PERSERO) Tbk,DJS KETENAGAKERJAAN PROGRAM JAMINAN HARI TUA,247.524.233,"3,41",L,IS
27-Feb-2026,JSMR,JASA MARGA (PERSERO) Tbk,THE PRUDENTIAL ASSURANCE COMPANY LIMITED,222.015.400,"3,06",A,IS
27-Feb-2026,JSMR,JASA MARGA (PERSERO) Tbk,PT TASPEN (PERSERO),216.152.620,"2,98",L,IS
27-Feb-2026,JSMR,JASA MARGA (PERSERO) Tbk,EMPLOYEES PROVIDENT FUND BOARD,105.856.385,"1,46",A,PF
27-Feb-2026,JSPT,JAKARTA SETIABUDI INTERNASIONAL Tbk,PT JAN DARMADI INVESTINDO,1.181.478.069,"50,95",L,CP
27-Feb-2026,JSPT,JAKARTA SETIABUDI INTERNASIONAL Tbk,STIBER INVESTMENTS S.A.R.L.,375.402.106,"16,19",A,CP
27-Feb-2026,JSPT,JAKARTA SETIABUDI INTERNASIONAL Tbk,SUZANNA TANOJO,333.164.863,"14,37",L,ID
27-Feb-2026,JSPT,JAKARTA SETIABUDI INTERNASIONAL Tbk,JPMORGAN CHASE BANK NA SINGAPORE BRANCH,213.557.597,"9,21",A,OT
27-Feb-2026,JSPT,JAKARTA SETIABUDI INTERNASIONAL Tbk,HUTTON HOLDINGS LIMITED,81.155.760,"3,50",A,CP
27-Feb-2026,JSPT,JAKARTA SETIABUDI INTERNASIONAL Tbk,AUSTIN CORPORATION,69.562.080,"3,00",A,CP
27-Feb-2026,JSPT,JAKARTA SETIABUDI INTERNASIONAL Tbk,MORGAN STANLEY AND CO INTERNATIONAL PLC,34.914.500,"1,51",A,CP
27-Feb-2026,JTPE,JASUINDO TIGA PERKASA Tbk,PT. Jasuindo Multi Investama,3.129.590.000,"45,67",L,CP
27-Feb-2026,JTPE,JASUINDO TIGA PERKASA Tbk,"TOPPAN SECURITY CO., LIMITED",1.370.410.000,"20,00",A,CP
27-Feb-2026,JTPE,JASUINDO TIGA PERKASA Tbk,TOPPAN NEXT PTE LTD,342.011.600,"4,99",A,CP
27-Feb-2026,JTPE,JASUINDO TIGA PERKASA Tbk,YONGKY WIJAYA,322.103.500,"4,70",L,ID
27-Feb-2026,JTPE,JASUINDO TIGA PERKASA Tbk,HARTO POERWANTO,304.099.100,"4,44",L,ID
27-Feb-2026,JTPE,JASUINDO TIGA PERKASA Tbk,KASWAN SURANTO,210.187.800,"3,07",L,ID
27-Feb-2026,JTPE,JASUINDO TIGA PERKASA Tbk,OEI MELINDA POERWANTO,150.000.000,"2,19",L,ID
27-Feb-2026,JTPE,JASUINDO TIGA PERKASA Tbk,WELLY HERMAN SOETADI,102.712.100,"1,50",L,ID
27-Feb-2026,JTPE,JASUINDO TIGA PERKASA Tbk,JENNIE UNTORO TJONG,101.242.600,"1,48",L,ID
27-Feb-2026,JTPE,JASUINDO TIGA PERKASA Tbk,NICOLE ORABELLE BASTIAAN WIJAYA,98.515.400,"1,44",L,ID
27-Feb-2026,JTPE,JASUINDO TIGA PERKASA Tbk,LIOE LUKMAN HALIM,98.730.000,"1,44",L,ID
27-Feb-2026,JTPE,JASUINDO TIGA PERKASA Tbk,Islam Santosa,97.759.700,"1,43",L,ID
27-Feb-2026,JTPE,JASUINDO TIGA PERKASA Tbk,DRS SURONO SUBEKTI,68.547.500,"1,00",L,ID
27-Feb-2026,KAEF,KIMIA FARMA Tbk,PT BIO FARMA (Persero),4.999.999.999,"89,82",L,CP
27-Feb-2026,KAEF,KIMIA FARMA Tbk,PERUSAHAAN PERSEROAN (PERSERO) PT. ASABRI,246.541.600,"4,43",L,IS
27-Feb-2026,KAQI,JANTRA GRUPO INDONESIA Tbk,PT. TAHTRA KERTAJAYA INDONESIA,1.625.792.000,"78,32",L,CP
27-Feb-2026,KAQI,JANTRA GRUPO INDONESIA Tbk,GERRY TANTO,30.000.000,"1,45",L,ID
27-Feb-2026,KARW,MERATUS JASA PRIMA Tbk,SARANAKELOLA INVESTA,452.266.400,"77,03",L,CP
27-Feb-2026,KARW,MERATUS JASA PRIMA Tbk,TOMY GORETHA,8.851.500,"1,51",L,ID
27-Feb-2026,KAYU,DARMI BERSAUDARA Tbk,PT DARBE PUTRA MAKMUR,249.114.659,"37,46",L,CP
27-Feb-2026,KAYU,DARMI BERSAUDARA Tbk,ALDO PRATAMA PURNOMO,131.351.900,"19,75",L,ID
27-Feb-2026,KAYU,DARMI BERSAUDARA Tbk,WAWAN SETYAWAN SE,56.836.821,"8,55",L,ID
27-Feb-2026,KAYU,DARMI BERSAUDARA Tbk,CGS INTERNATIONAL SECURITIES SINGAPORE PTE LTD,26.949.400,"4,05",A,IB
27-Feb-2026,KAYU,DARMI BERSAUDARA Tbk,MUHAMMAD BACHTIAR NAPPU ST MT M PHIL PHD,18.845.800,"2,83",L,ID
27-Feb-2026,KAYU,DARMI BERSAUDARA Tbk,JP MORGAN SECURITIES PLC,16.263.800,"2,45",A,IB
27-Feb-2026,KAYU,DARMI BERSAUDARA Tbk,VALENT PRATAMA PURNOMO,15.480.500,"2,33",L,ID
27-Feb-2026,KAYU,DARMI BERSAUDARA Tbk,SHANDY EFFO KALIM,10.708.900,"1,61",L,ID
27-Feb-2026,KBAG,KARYA BERSAMA ANUGERAH Tbk,PT VISI KOTA INDONESIA,3.965.766.700,"55,47",L,CP
27-Feb-2026,KBAG,KARYA BERSAMA ANUGERAH Tbk,"SALIM, LIM",603.867.400,"8,45",L,ID
27-Feb-2026,KBAG,KARYA BERSAMA ANUGERAH Tbk,MANDIRI INVESTASI BERSAMA PT,205.241.500,"2,87",L,CP
27-Feb-2026,KBAG,KARYA BERSAMA ANUGERAH Tbk,KUNCORO,88.000.000,"1,23",L,ID
27-Feb-2026,KBAG,KARYA BERSAMA ANUGERAH Tbk,VERONICA PUDJIATI LIAS,79.300.300,"1,11",L,ID
27-Feb-2026,KBLI,KMI Wire and Cable Tbk,PT.OMEDATA ELECTRONICS,1.982.392.237,"49,47",L,CP
27-Feb-2026,KBLI,KMI Wire and Cable Tbk,REKSA DANA SUCORINVEST EQUITY PRIMA FUND,188.834.700,"4,71",L,MF
27-Feb-2026,KBLI,KMI Wire and Cable Tbk,REKSA DANA SUCORINVEST EQUITY FUND,180.733.100,"4,51",L,MF
27-Feb-2026,KBLI,KMI Wire and Cable Tbk,REKSA DANA SYARIAH SUCORINVEST SHARIA BALANCED FUND,173.747.800,"4,34",L,MF
27-Feb-2026,KBLI,KMI Wire and Cable Tbk,REKSA DANA SUCORINVEST PREMIUM FUND,161.481.500,"4,03",L,MF
27-Feb-2026,KBLI,KMI Wire and Cable Tbk,BNP PARIBAS SINGAPORE BRANCH,159.701.500,"3,99",A,IB
27-Feb-2026,KBLI,KMI Wire and Cable Tbk,REKSA DANA SUCORINVEST SHARIA EQUITY FUND,145.608.800,"3,63",L,MF
27-Feb-2026,KBLI,KMI Wire and Cable Tbk,REKSA DANA SUCORINVEST DANA SEHAT BERIMBANG,126.807.200,"3,16",L,MF
27-Feb-2026,KBLI,KMI Wire and Cable Tbk,REKSA DANA PENDAPATAN TETAP SUCORINVEST STABLE FUND,89.992.900,"2,25",L,MF
27-Feb-2026,KBLI,KMI Wire and Cable Tbk,CACEIS BANK/NON TREATY UCITS CLIENTS,68.414.100,"1,71",A,IB
27-Feb-2026,KBLI,KMI Wire and Cable Tbk,MANOJ PITAMBER NANWANI,65.042.000,"1,62",L,ID
27-Feb-2026,KBLI,KMI Wire and Cable Tbk,REKSA DANA SUCORINVEST MAXI FUND,50.538.600,"1,26",L,MF
27-Feb-2026,KBLM,KABELINDO MURNI Tbk,PT. SIBALEC,451.017.200,"40,27",L,CP
27-Feb-2026,KBLM,KABELINDO MURNI Tbk,PT. MESINDO AGUNG NUSANTARA,389.300.000,"34,76",L,CP
27-Feb-2026,KBLM,KABELINDO MURNI Tbk,PT ERDHIKA ELIT SEKURITAS,73.711.600,"6,58",L,SC
27-Feb-2026,KBLM,KABELINDO MURNI Tbk,"PT BANK RAKYAT INDONESIA (PERSERO), TBK",29.736.000,"2,66",L,IB
27-Feb-2026,KBLM,KABELINDO MURNI Tbk,THRECIA RAHARJO,13.500.000,"1,21",L,ID
27-Feb-2026,KBLM,KABELINDO MURNI Tbk,HAIYANTO,13.354.400,"1,19",L,ID
27-Feb-2026,KBLM,KABELINDO MURNI Tbk,PT TEMBAGA MULIA SEMANAN Tbk,13.059.200,"1,17",L,CP
27-Feb-2026,KBLM,KABELINDO MURNI Tbk,LOULOU KARTINI RAHARDJO,12.500.000,"1,12",L,ID
27-Feb-2026,KBLM,KABELINDO MURNI Tbk,ELLY SOEPONO,12.500.000,"1,12",L,ID
27-Feb-2026,KBLM,KABELINDO MURNI Tbk,DENNIS SARWONO RAHARDJO,12.500.000,"1,12",,
27-Feb-2026,KBLM,KABELINDO MURNI Tbk,FLORENCE RAHARJO,12.500.000,"1,12",,
27-Feb-2026,KBLM,KABELINDO MURNI Tbk,HARRY SUTOMO RAHARJO,12.500.000,"1,12",,
27-Feb-2026,KBLM,KABELINDO MURNI Tbk,TJONG LEONARD JUWONDO,12.200.000,"1,09",L,ID
27-Feb-2026,KBLV,FIRST MEDIA Tbk,PT REKSA PUSPITA KARYA,588.167.378,"33,76",L,CP
27-Feb-2026,KBLV,FIRST MEDIA Tbk,"TRIJAYA PUTRA MULIA, PT",160.276.213,"9,20",L,CP
27-Feb-2026,KBLV,FIRST MEDIA Tbk,"KHARISMA BUANA NUSANTARA, PT",69.686.716,"4,00",L,CP
27-Feb-2026,KBLV,FIRST MEDIA Tbk,"SANGGRAHA NUSA RAYA, PT",49.238.284,"2,83",L,CP
27-Feb-2026,KBLV,FIRST MEDIA Tbk,SIAUW YUNUS SUBANDI,45.427.100,"2,61",L,ID
27-Feb-2026,KBLV,FIRST MEDIA Tbk,JOHANES SOETIKNO,23.444.000,"1,35",L,ID
27-Feb-2026,KBRI,KERTAS BASUKI RACHMAT INDONESIA Tbk,JAKSA AGUNG MUDA BIDANG TINDAK PIDANA KHUSUS KEJAKSAAN REPUBLIK INDONESIA KEJAKSAAN REPUBLIK INDONESIA,6.537.394.329,"75,25",L,OT
27-Feb-2026,KBRI,KERTAS BASUKI RACHMAT INDONESIA Tbk,RENNIER A. R LATIEF,269.549.689,"3,10",L,ID
27-Feb-2026,KBRI,KERTAS BASUKI RACHMAT INDONESIA Tbk,BAMBANG PRANOWO,200.000.000,"2,30",L,ID
27-Feb-2026,KBRI,KERTAS BASUKI RACHMAT INDONESIA Tbk,DANA PENSIUN PERHUTANI,115.000.000,"1,32",L,PF
27-Feb-2026,KBRI,KERTAS BASUKI RACHMAT INDONESIA Tbk,Cipta Purnama,92.916.000,"1,07",,
27-Feb-2026,KDSI,KEDAWUNG SETIA INDUSTRIAL Tbk,"KITASUBUR UTAMA, PT",1.271.968.800,"78,52",L,CP
27-Feb-2026,KDSI,KEDAWUNG SETIA INDUSTRIAL Tbk,PERMADI AL SUHARTO.BSC,90.288.000,"5,57",L,ID
27-Feb-2026,KDSI,KEDAWUNG SETIA INDUSTRIAL Tbk,PT. HOKI INVESTASI SEJATI,80.981.800,"5,00",L,CP
27-Feb-2026,KDSI,KEDAWUNG SETIA INDUSTRIAL Tbk,SUKARTO BUJUNG,60.092.900,"3,71",L,ID
27-Feb-2026,KDSI,KEDAWUNG SETIA INDUSTRIAL Tbk,TJIPTO WIRAHADIKUSUMAH W,17.407.800,"1,07",L,ID
27-Feb-2026,KDTN,PURI SENTUL PERMAI Tbk,PUTRASAKTI MANDIRI PT,476.500.000,"38,12",L,CP
27-Feb-2026,KDTN,PURI SENTUL PERMAI Tbk,PT CAHAYASAKTI INVESTINDO SUKSES TBK,300.000.000,"24,00",L,CP
27-Feb-2026,KDTN,PURI SENTUL PERMAI Tbk,"INTAN PERDANA SUKSES, PT",300.000.000,"24,00",L,CP
27-Feb-2026,KDTN,PURI SENTUL PERMAI Tbk,UNI PAWITRASARI,21.600.000,"1,73",L,ID
27-Feb-2026,KDTN,PURI SENTUL PERMAI Tbk,TAN CHIAN HOK,21.191.000,"1,70",L,ID
27-Feb-2026,KDTN,PURI SENTUL PERMAI Tbk,YEPING HUANG,15.507.800,"1,24",L,ID
27-Feb-2026,KEEN,KENCANA ENERGI LESTARI Tbk,PARAMATA INDAH LESTARI,1.110.920.000,"30,30",L,CP
27-Feb-2026,KEEN,KENCANA ENERGI LESTARI Tbk,"TEPCO Renewable Power, Incorporated",916.578.200,"25,00",A,CP
27-Feb-2026,KEEN,KENCANA ENERGI LESTARI Tbk,HENRY MAKNAWI,404.114.413,"11,02",L,ID
27-Feb-2026,KEEN,KENCANA ENERGI LESTARI Tbk,JEANNY MAKNAWI JOE,183.315.763,"5,00",L,ID
27-Feb-2026,KEEN,KENCANA ENERGI LESTARI Tbk,JOHAN MAKNAWI,156.918.022,"4,28",L,ID
27-Feb-2026,KEEN,KENCANA ENERGI LESTARI Tbk,MYRNA A A RUMENGAN,133.943.000,"3,65",L,ID
27-Feb-2026,KEEN,KENCANA ENERGI LESTARI Tbk,EDDY MAKNAWI,109.989.552,"3,00",L,ID
27-Feb-2026,KEEN,KENCANA ENERGI LESTARI Tbk,SURYA SINAR MENTARI PT,77.012.200,"2,10",L,CP
27-Feb-2026,KEEN,KENCANA ENERGI LESTARI Tbk,RATNA MAKNAWI,75.185.188,"2,05",L,ID
27-Feb-2026,KEEN,KENCANA ENERGI LESTARI Tbk,PT MAJU SUBUR MAKMUR,63.196.261,"1,72",L,CP
27-Feb-2026,KEEN,KENCANA ENERGI LESTARI Tbk,RUSMIN CAHYADI,41.393.400,"1,13",L,ID
27-Feb-2026,KEJU,MULIA BOGA RAYA Tbk,"GARUDAFOOD PUTRA PUTRI JAYA TBK, PT",3.716.642.250,"66,07",L,CP
27-Feb-2026,KEJU,MULIA BOGA RAYA Tbk,BEL,1.265.668.950,"22,50",A,CP
27-Feb-2026,KEJU,MULIA BOGA RAYA Tbk,PT. CITRA SEJATI SENTOSA,225.000.000,"4,00",L,CP
27-Feb-2026,KEJU,MULIA BOGA RAYA Tbk,PT GARUDA TIMUR PACIFIC,75.937.500,"1,35",L,CP
27-Feb-2026,KETR,KETROSDEN TRIASMITRA Tbk,PT FAJAR SEJAHTERA MANDIRI NUSANTARA,1.606.165.931,"56,53",L,CP
27-Feb-2026,KETR,KETROSDEN TRIASMITRA Tbk,PT GEMA LINTAS BENUA,568.252.587,"20,00",L,CP
27-Feb-2026,KETR,KETROSDEN TRIASMITRA Tbk,RUDY SUSANTO,46.250.000,"1,63",L,ID
27-Feb-2026,KIAS,KERAMIKA INDONESIA ASSOSIASI Tbk,SCG DECOR PUBLIC COMPANY LIMITED,13.741.458.453,"92,04",,
27-Feb-2026,KIAS,KERAMIKA INDONESIA ASSOSIASI Tbk,MITRA INVESTINDO MULTICORPORA PT,288.140.200,"1,93",,
27-Feb-2026,KIAS,KERAMIKA INDONESIA ASSOSIASI Tbk,PT. HP CAPITAL RESOURCES,265.813.300,"1,78",L,CP
27-Feb-2026,KICI,KEDAUNG INDAH CAN Tbk,PT KEDAWUNG SUBUR,120.390.280,"43,62",L,CP
27-Feb-2026,KICI,KEDAUNG INDAH CAN Tbk,D.K LIM & SONS INVESTMENT PTE LTD,86.664.000,"31,40",,
27-Feb-2026,KICI,KEDAUNG INDAH CAN Tbk,AGUS NURSALIM,12.696.000,"4,60",,
27-Feb-2026,KICI,KEDAUNG INDAH CAN Tbk,RUDY EFENDY,6.000.000,"2,17",L,ID
27-Feb-2026,KICI,KEDAUNG INDAH CAN Tbk,Ashley Group Limited,3.328.000,"1,21",A,CP
27-Feb-2026,KIJA,KAWASAN INDUSTRI JABABEKA Tbk,MU MIN ALI GUNAWAN,4.391.370.788,"21,09",L,ID
27-Feb-2026,KIJA,KAWASAN INDUSTRI JABABEKA Tbk,ISLAMIC DEVELOPMENT BANK,2.400.359.372,"11,53",A,IB
27-Feb-2026,KIJA,KAWASAN INDUSTRI JABABEKA Tbk,UBS AG SINGAPORE BRANCH,800.703.377,"3,84",A,IB
27-Feb-2026,KIJA,KAWASAN INDUSTRI JABABEKA Tbk,INTELLITOP FINANCE LIMITED,788.149.632,"3,78",,
27-Feb-2026,KIJA,KAWASAN INDUSTRI JABABEKA Tbk,AIDA GARNIDA,580.637.352,"2,79",L,ID
27-Feb-2026,KIJA,KAWASAN INDUSTRI JABABEKA Tbk,REKSA DANA PRATAMA DANA DINAMIS SAHAM,508.978.819,"2,44",L,MF
27-Feb-2026,KIJA,KAWASAN INDUSTRI JABABEKA Tbk,PT KMI CIOUD INDONESIA,464.597.276,"2,23",L,CP
27-Feb-2026,KIJA,KAWASAN INDUSTRI JABABEKA Tbk,"PANIN SEKURITAS Tbk, PT",321.341.830,"1,54",L,SC
27-Feb-2026,KIJA,KAWASAN INDUSTRI JABABEKA Tbk,KIWANTARA MARDJUKI,291.307.775,"1,40",L,ID
27-Feb-2026,KIJA,KAWASAN INDUSTRI JABABEKA Tbk,PT. KINOLOGI SEMESTA NUSANTARA,271.829.720,"1,31",L,CP
27-Feb-2026,KIJA,KAWASAN INDUSTRI JABABEKA Tbk,HENGKI MARDJUKI,264.059.219,"1,27",L,ID
27-Feb-2026,KIJA,KAWASAN INDUSTRI JABABEKA Tbk,GOVERNMENT OF NORWAY,258.043.200,"1,24",A,OT
27-Feb-2026,KIJA,KAWASAN INDUSTRI JABABEKA Tbk,CHRISTINE DEWI,256.196.659,"1,23",L,ID
27-Feb-2026,KIJA,KAWASAN INDUSTRI JABABEKA Tbk,RICHARD BUDI GUNAWAN,216.693.118,"1,04",L,ID
27-Feb-2026,KIJA,KAWASAN INDUSTRI JABABEKA Tbk,PT. BERKAT MITRA SEMESTA,213.750.000,"1,03",L,CP
27-Feb-2026,KING,HOFFMEN CLEANINDO Tbk,JAPARTO SUKSES MANDIRI,2.000.000.000,"76,84",L,CP
27-Feb-2026,KING,HOFFMEN CLEANINDO Tbk,CV POHON MANGGA SEJAHTERA,143.000.000,"5,49",L,CP
27-Feb-2026,KING,HOFFMEN CLEANINDO Tbk,PT ASWIN PUTRA HARMOTEKNIK,107.000.000,"4,11",L,CP
27-Feb-2026,KING,HOFFMEN CLEANINDO Tbk,PT BINTANG TIMUR INVESTAMA,80.400.000,"3,09",L,CP
27-Feb-2026,KING,HOFFMEN CLEANINDO Tbk,ALVA KHOMAS,43.545.400,"1,67",L,ID
27-Feb-2026,KING,HOFFMEN CLEANINDO Tbk,EDDY JAPARTO,40.000.000,"1,54",L,ID
27-Feb-2026,KING,HOFFMEN CLEANINDO Tbk,RUDY JAPARTO,40.000.000,"1,54",L,ID
27-Feb-2026,KING,HOFFMEN CLEANINDO Tbk,PT. ADITHANA KARYA SENTOSA,33.384.600,"1,28",L,CP
27-Feb-2026,KING,HOFFMEN CLEANINDO Tbk,ALDRIN YANI,32.692.300,"1,26",L,ID
27-Feb-2026,KINO,KINO INDONESIA Tbk,PT. KINO INVESTINDO,1.128.584.800,"79,00",L,CP
27-Feb-2026,KINO,KINO INDONESIA Tbk,"HARRY SANUSI,DRS",57.775.257,"4,04",L,ID
27-Feb-2026,KINO,KINO INDONESIA Tbk,UOB KAY HIAN PRIVATE LIMITED,50.657.143,"3,55",A,SC
27-Feb-2026,KINO,KINO INDONESIA Tbk,"KINO INDONESIA TBK, PT",49.752.600,"3,48",L,CP
27-Feb-2026,KINO,KINO INDONESIA Tbk,HARRIS SANUSI,47.841.000,"3,35",L,ID
27-Feb-2026,KINO,KINO INDONESIA Tbk,NUSANTARA FMCG LIMITED,31.837.000,"2,23",A,IB
27-Feb-2026,KINO,KINO INDONESIA Tbk,RUDY BONGSO,20.000.000,"1,40",L,ID
27-Feb-2026,KIOS,KIOSON KOMERSIAL INDONESIA Tbk,PT ARTAV MOBILE INDONESIA,350.300.000,"32,56",L,CP
27-Feb-2026,KIOS,KIOSON KOMERSIAL INDONESIA Tbk,PT. PRAMBANAN INVESTASI SUKSES,83.369.534,"7,75",L,CP
27-Feb-2026,KIOS,KIOSON KOMERSIAL INDONESIA Tbk,REKSA DANA SYARIAH PACIFIC SAHAM SYARIAH III,43.472.300,"4,04",L,MF
27-Feb-2026,KIOS,KIOSON KOMERSIAL INDONESIA Tbk,"CAPITAL LIFE SYARIAH, PT",35.000.000,"3,25",L,IS
27-Feb-2026,KIOS,KIOSON KOMERSIAL INDONESIA Tbk,PT. SEMESTA DAYA MAKMUR,24.700.000,"2,30",L,CP
27-Feb-2026,KIOS,KIOSON KOMERSIAL INDONESIA Tbk,KOKARJADI CHANDRA,20.000.000,"1,86",L,ID
27-Feb-2026,KIOS,KIOSON KOMERSIAL INDONESIA Tbk,ERLY ONGGARA,20.000.000,"1,86",L,ID
27-Feb-2026,KIOS,KIOSON KOMERSIAL INDONESIA Tbk,KINGSWOOD UNION CORPORATION,20.000.000,"1,86",A,OT
27-Feb-2026,KIOS,KIOSON KOMERSIAL INDONESIA Tbk,PT KARYA INVESTASI BERSAMA,19.500.000,"1,81",L,CP
27-Feb-2026,KIOS,KIOSON KOMERSIAL INDONESIA Tbk,TONY WIJAYA,14.984.000,"1,39",L,ID
27-Feb-2026,KIOS,KIOSON KOMERSIAL INDONESIA Tbk,REKSA DANA PACIFIC SAHAM SYARIAH,13.476.000,"1,25",L,MF
27-Feb-2026,KJEN,KRIDA JARINGAN NUSANTARA Tbk,GRAFI1NDO KARYA NUSANTARA PT,262.500.000,"52,50",,
27-Feb-2026,KJEN,KRIDA JARINGAN NUSANTARA Tbk,REKSA DANA NARADA SAHAM INDONESIA,29.615.300,"5,92",L,MF
27-Feb-2026,KJEN,KRIDA JARINGAN NUSANTARA Tbk,PETRUS DARUYANNI PECTRUS DARUYANI,22.750.000,"4,55",L,ID
27-Feb-2026,KJEN,KRIDA JARINGAN NUSANTARA Tbk,VALENTINA KUSUMAWATI W,21.000.000,"4,20",L,ID
27-Feb-2026,KJEN,KRIDA JARINGAN NUSANTARA Tbk,INGRID KARTIKAWATI W.D.,21.000.000,"4,20",L,ID
27-Feb-2026,KJEN,KRIDA JARINGAN NUSANTARA Tbk,ERIKA NURALIZA,18.000.000,"3,60",L,ID
27-Feb-2026,KKES,KUSUMA KEMINDO SENTOSA Tbk,"CATUR SENTOSA ADIPRANA TBK, PT",612.000.000,"40,80",L,CP
27-Feb-2026,KKES,KUSUMA KEMINDO SENTOSA Tbk,BUDILESTARI SENTOSA,168.000.000,"11,20",L,CP
27-Feb-2026,KKES,KUSUMA KEMINDO SENTOSA Tbk,"KIKI RUSMIN SADRACH, DRS",160.036.000,"10,67",L,ID
27-Feb-2026,KKES,KUSUMA KEMINDO SENTOSA Tbk,NIKE HERMANSYAH,41.060.200,"2,74",L,ID
27-Feb-2026,KKES,KUSUMA KEMINDO SENTOSA Tbk,CARFI SOMALA,38.611.100,"2,57",L,ID
27-Feb-2026,KKES,KUSUMA KEMINDO SENTOSA Tbk,YOHANES ARIF LUKMAN,24.359.500,"1,62",L,ID
27-Feb-2026,KKES,KUSUMA KEMINDO SENTOSA Tbk,ARYA PRADANA SETIADHARMA,17.972.000,"1,20",L,ID
27-Feb-2026,KKES,KUSUMA KEMINDO SENTOSA Tbk,RETNO WIDYATI HARSONO,17.500.000,"1,17",L,ID
27-Feb-2026,KKES,KUSUMA KEMINDO SENTOSA Tbk,FELICIA WIENDRATY HARSONO,16.000.000,"1,07",L,ID
27-Feb-2026,KKGI,RESOURCE ALAM INDONESIA Tbk,ENERGY COLLIER PRIVATE LIMITED,1.855.447.105,"37,11",A,CP
27-Feb-2026,KKGI,RESOURCE ALAM INDONESIA Tbk,PT. SEJAHTERA JAYA CITA,1.391.585.329,"27,83",L,CP
27-Feb-2026,KKGI,RESOURCE ALAM INDONESIA Tbk,SINAR NUSANTARA SDN. BHD.,413.611.772,"8,27",A,CP
27-Feb-2026,KKGI,RESOURCE ALAM INDONESIA Tbk,LX_INTERNATIONAL (SINGAPORE) PTE.LTD,260.372.700,"5,21",A,CP
27-Feb-2026,KKGI,RESOURCE ALAM INDONESIA Tbk,JANTOCO HOLDINGS SDN. BHD.,161.367.831,"3,23",A,CP
27-Feb-2026,KKGI,RESOURCE ALAM INDONESIA Tbk,PT RESOURCE ALAM INDONESIA TBK,126.670.600,"2,53",L,CP
27-Feb-2026,KKGI,RESOURCE ALAM INDONESIA Tbk,AGATHA AQUILINA SILO,93.734.172,"1,87",L,ID
27-Feb-2026,KKGI,RESOURCE ALAM INDONESIA Tbk,SATIA PRIOSOETANTO,93.492.900,"1,87",,
27-Feb-2026,KLAS,PELAYARAN KURNIA LAUTAN SEMESTA Tbk,KURNYATJAN SAKTI EFENDIE,2.611.997.395,"71,67",L,ID
27-Feb-2026,KLBF,KALBE FARMA Tbk,PT LADANG IRA PANEN,4.903.185.740,"10,47",L,CP
27-Feb-2026,KLBF,KALBE FARMA Tbk,PT GIRA SOLE PRIMA,4.824.509.485,"10,31",L,CP
27-Feb-2026,KLBF,KALBE FARMA Tbk,PT SANTA SEHA SANADI,4.718.121.940,"10,08",L,CP
27-Feb-2026,KLBF,KALBE FARMA Tbk,PT LUCASTA MURNING CEMERLANG,4.439.895.440,"9,48",L,CP
27-Feb-2026,KLBF,KALBE FARMA Tbk,PT DIPTANALA BAHANA,4.352.057.040,"9,30",L,CP
27-Feb-2026,KLBF,KALBE FARMA Tbk,PT BINA ARTA CHARISMA,3.844.639.040,"8,21",L,CP
27-Feb-2026,KLBF,KALBE FARMA Tbk,PT GRIYA INSANI CAKRA SADAYA,1.605.399.500,"3,43",L,CP
27-Feb-2026,KLBF,KALBE FARMA Tbk,KALBE FARMA TBK PT,1.313.547.630,"2,81",L,CP
27-Feb-2026,KLBF,KALBE FARMA Tbk,"HSBC-FUND SERVICES, THE OVERLOOK PARTNERS FUND L.P.",1.162.445.100,"2,48",A,MF
27-Feb-2026,KLBF,KALBE FARMA Tbk,DJS KETENAGAKERJAAN PROGRAM JAMINAN HARI TUA,939.056.200,"2,01",L,IS
27-Feb-2026,KLBF,KALBE FARMA Tbk,GOVERNMENT OF NORWAY,607.014.000,"1,30",A,OT
27-Feb-2026,KLIN,KLINKO KARYA IMAJI Tbk,PT. SAMICO CAPITAL UTAMA MULIA,857.254.398,"65,56",L,CP
27-Feb-2026,KLIN,KLINKO KARYA IMAJI Tbk,PT. WIDJAJA BERKAT GEMILANG,255.481.802,"19,54",L,CP
27-Feb-2026,KLIN,KLINKO KARYA IMAJI Tbk,DIGITAL PRAJA MAKAYASA,71.624.800,"5,48",L,CP
27-Feb-2026,KLIN,KLINKO KARYA IMAJI Tbk,RAYMON YONARTO,32.420.000,"2,48",L,ID
27-Feb-2026,KMDS,KURNIAMITRA DUTA SENTOSA Tbk,PT DIMA INVESTINDO,440.000.100,"55,00",L,CP
27-Feb-2026,KMDS,KURNIAMITRA DUTA SENTOSA Tbk,PT MIKI OJISAN INDOMITRA,158.050.511,"19,76",L,CP
27-Feb-2026,KMDS,KURNIAMITRA DUTA SENTOSA Tbk,PEI-YI LIU TAMMY LIU,34.112.800,"4,26",A,ID
27-Feb-2026,KMDS,KURNIAMITRA DUTA SENTOSA Tbk,HENGKY WIJAYA,21.553.720,"2,69",L,ID
27-Feb-2026,KMDS,KURNIAMITRA DUTA SENTOSA Tbk,LIM SOI SWEE,19.894.200,"2,49",L,ID
27-Feb-2026,KMDS,KURNIAMITRA DUTA SENTOSA Tbk,DRS SURONO SUBEKTI,18.134.900,"2,27",L,ID
27-Feb-2026,KMDS,KURNIAMITRA DUTA SENTOSA Tbk,RIONALDO THEDYARDI,17.946.900,"2,24",L,ID
27-Feb-2026,KMDS,KURNIAMITRA DUTA SENTOSA Tbk,CHI YIN PETER WONG,11.108.500,"1,39",A,ID
27-Feb-2026,KMDS,KURNIAMITRA DUTA SENTOSA Tbk,Maria Lie,8.707.482,"1,09",L,ID
27-Feb-2026,KMTR,KIRANA MEGATARA Tbk,HSF (S) PTE LTD,5.134.603.987,"62,50",A,CP
27-Feb-2026,KMTR,KIRANA MEGATARA Tbk,TRIPUTRA PERSADA MEGATARA PT.,2.464.609.474,"30,00",L,CP
27-Feb-2026,KMTR,KIRANA MEGATARA Tbk,DEUTSCHE BK AG (PRIVATE BANKING) SPORE WM CLIENT,200.000.000,"2,43",A,IB
27-Feb-2026,KMTR,KIRANA MEGATARA Tbk,BANK OF SINGAPORE LIMITED,169.492.900,"2,06",A,IB
27-Feb-2026,KMTR,KIRANA MEGATARA Tbk,DBS BANK LTD.,165.938.800,"2,02",A,IB
27-Feb-2026,KOBX,KOBEXINDO TRACTORS Tbk,PT KOBEXINDO INVESTAMA,2.032.714.700,"89,45",L,CP
27-Feb-2026,KOBX,KOBEXINDO TRACTORS Tbk,"GADING DANALESTARI, PT",88.215.500,"3,88",L,CP
27-Feb-2026,KOCI,KOKOH EXA NUSANTARA Tbk,PT EXA NUSA PERSADA,2.203.710.000,"49,33",L,CP
27-Feb-2026,KOCI,KOKOH EXA NUSANTARA Tbk,KOKOH ANUGERAH NUSANTARA,1.322.260.000,"29,60",L,CP
27-Feb-2026,KOCI,KOKOH EXA NUSANTARA Tbk,ISACK UTOMO,219.300.000,"4,91",L,ID
27-Feb-2026,KOCI,KOKOH EXA NUSANTARA Tbk,HOKKY HANDOJO,119.700.000,"2,68",L,ID
27-Feb-2026,KOCI,KOKOH EXA NUSANTARA Tbk,KEVIN WIBOWO,115.295.838,"2,58",L,ID
27-Feb-2026,KOCI,KOKOH EXA NUSANTARA Tbk,PIETER H SOETARDJI,82.620.000,"1,85",L,ID
27-Feb-2026,KOIN,KOKOH INTI AREBAMA Tbk,SCG DISTRIBUTION COMPANY LIMITED,888.836.488,"90,62",A,CP
27-Feb-2026,KOIN,KOKOH INTI AREBAMA Tbk,PINKY NK,31.754.000,"3,24",L,ID
27-Feb-2026,KOIN,KOKOH INTI AREBAMA Tbk,MANOJ PITAMBER NANWANI,17.620.500,"1,80",L,ID
27-Feb-2026,KOKA,KOKA INDONESIA Tbk,GAO JING,1.223.220.000,"42,75",L,ID
27-Feb-2026,KOKA,KOKA INDONESIA Tbk,PT KREATIF KONSTRUKSI INDONESIA,708.180.000,"24,75",L,CP
27-Feb-2026,KOKA,KOKA INDONESIA Tbk,LING SUN,160.097.900,"5,60",A,ID
27-Feb-2026,KOKA,KOKA INDONESIA Tbk,JINFENG GAO,154.597.840,"5,40",A,ID
27-Feb-2026,KOKA,KOKA INDONESIA Tbk,FATHI,58.599.000,"2,05",L,ID
27-Feb-2026,KOKA,KOKA INDONESIA Tbk,QIULING SHAO,52.005.860,"1,82",L,ID
27-Feb-2026,KONI,PERDANA BANGUN PUSAKA Tbk,"DASABINA ADITYASARANA, PT",97.520.000,"31,26",,
27-Feb-2026,KONI,PERDANA BANGUN PUSAKA Tbk,LUKMAN KOLIM,65.014.000,"20,84",L,ID
27-Feb-2026,KONI,PERDANA BANGUN PUSAKA Tbk,L ROSWITA,20.338.000,"6,52",L,ID
27-Feb-2026,KONI,PERDANA BANGUN PUSAKA Tbk,SYLVIA LUKMAN,15.600.000,"5,00",L,ID
27-Feb-2026,KONI,PERDANA BANGUN PUSAKA Tbk,EVELYN,15.600.000,"5,00",L,ID
27-Feb-2026,KONI,PERDANA BANGUN PUSAKA Tbk,SUGIANTO KOLIM,15.600.000,"5,00",L,ID
27-Feb-2026,KONI,PERDANA BANGUN PUSAKA Tbk,SUSANTO KOLIM,15.600.000,"5,00",L,ID
27-Feb-2026,KONI,PERDANA BANGUN PUSAKA Tbk,NIRWANA,15.345.000,"4,92",L,ID
27-Feb-2026,KONI,PERDANA BANGUN PUSAKA Tbk,MEGAWATY RATNA,15.345.000,"4,92",L,ID
27-Feb-2026,KONI,PERDANA BANGUN PUSAKA Tbk,PT. INDOLIFE PENSIONTAMA,12.460.000,"3,99",L,IS
27-Feb-2026,KONI,PERDANA BANGUN PUSAKA Tbk,DEWI SHINTA,7.350.000,"2,36",L,ID
27-Feb-2026,KONI,PERDANA BANGUN PUSAKA Tbk,ROSANNA IRAWAN,6.585.300,"2,11",L,ID
27-Feb-2026,KONI,PERDANA BANGUN PUSAKA Tbk,EVE IRAWAN,6.491.300,"2,08",L,ID
27-Feb-2026,KOPI,MITRA ENERGI PERSADA Tbk,PT. Mulya Tara Mandiri,508.001.397,"72,86",L,CP
27-Feb-2026,KOPI,MITRA ENERGI PERSADA Tbk,"Shizuoka Gas Co., Ltd.",52.295.001,"7,50",A,CP
27-Feb-2026,KOPI,MITRA ENERGI PERSADA Tbk,PT. GLOBAL PERKASA INVESTINDO,49.031.800,"7,03",L,CP
27-Feb-2026,KOPI,MITRA ENERGI PERSADA Tbk,PT BATAVIA INVESTINDO,30.000.000,"4,30",L,CP
27-Feb-2026,KOPI,MITRA ENERGI PERSADA Tbk,SAID AUGUST PUTRA,10.209.500,"1,46",L,ID
27-Feb-2026,KOTA,DMS PROPERTINDO Tbk,DMS INVESTAMA PT,4.300.254.606,"40,78",L,CP
27-Feb-2026,KOTA,DMS PROPERTINDO Tbk,DANA PENSIUN DANAPERA,516.763.000,"4,90",L,PF
27-Feb-2026,KOTA,DMS PROPERTINDO Tbk,BACHDER,477.895.833,"4,53",L,ID
27-Feb-2026,KOTA,DMS PROPERTINDO Tbk,PT. ANARGYA ASET MANAJEMEN,375.000.000,"3,56",L,SC
27-Feb-2026,KOTA,DMS PROPERTINDO Tbk,REKSA DANA PACIFIC SAHAM SYARIAH,342.600.000,"3,25",L,MF
27-Feb-2026,KOTA,DMS PROPERTINDO Tbk,ACHMAD SANI,291.381.434,"2,76",L,ID
27-Feb-2026,KOTA,DMS PROPERTINDO Tbk,PT. Flying Fox Nusantara,270.765.946,"2,57",L,CP
27-Feb-2026,KOTA,DMS PROPERTINDO Tbk,PT. Askar Pelangi Abadi,229.800.000,"2,18",L,CP
27-Feb-2026,KOTA,DMS PROPERTINDO Tbk,PT. INDO PANCA BENUA,204.126.700,"1,94",L,CP
27-Feb-2026,KOTA,DMS PROPERTINDO Tbk,REKSA DANA SYARIAH PACIFIC SAHAM SYARIAH II,170.700.000,"1,62",L,MF
27-Feb-2026,KOTA,DMS PROPERTINDO Tbk,PT. SITRADE COAL,159.387.200,"1,51",L,CP
27-Feb-2026,KOTA,DMS PROPERTINDO Tbk,"PAPAN DAYA UTAMA, PT",155.200.000,"1,47",L,CP
27-Feb-2026,KOTA,DMS PROPERTINDO Tbk,GOLDFIVE INVESTMENT CAPITAL PTE. LTD.,108.885.875,"1,03",A,OT
27-Feb-2026,KPIG,MNC LAND Tbk,PT. MNC ASIA HOLDING TBK,18.688.703.100,"18,72",L,CP
27-Feb-2026,KPIG,MNC LAND Tbk,SMART EMPIRE GROUP LTD,15.725.026.164,"15,75",A,OT
27-Feb-2026,KPIG,MNC LAND Tbk,HT INVESTMENT DEVELOPMENT LTD,8.779.326.700,"8,79",A,CP
27-Feb-2026,KPIG,MNC LAND Tbk,PT. MNC SEKURITAS,7.444.088.500,"7,45",L,SC
27-Feb-2026,KPIG,MNC LAND Tbk,STARLIGHT LTD,4.561.478.500,"4,57",A,CP
27-Feb-2026,KPIG,MNC LAND Tbk,RELIANCEVER HOLDINGS INC,3.933.532.186,"3,94",A,OT
27-Feb-2026,KPIG,MNC LAND Tbk,MARCO PRINCE CORP,3.420.201.500,"3,43",A,CP
27-Feb-2026,KPIG,MNC LAND Tbk,"EP - HT INVESTAMA, PT",2.675.928.590,"2,68",L,CP
27-Feb-2026,KPIG,MNC LAND Tbk,REGENCY HIGH ENTERPRISE LTD,2.374.039.466,"2,38",A,CP
27-Feb-2026,KPIG,MNC LAND Tbk,TEMPUS ETERNITY LTD.,2.276.661.260,"2,28",A,CP
27-Feb-2026,KPIG,MNC LAND Tbk,OXLEY CAPITAL INVESTMENTS LTD,2.265.422.500,"2,27",A,CP
27-Feb-2026,KPIG,MNC LAND Tbk,SATHON ROAD LIMITED,1.921.900.000,"1,92",A,OT
27-Feb-2026,KPIG,MNC LAND Tbk,JABAR INDAH PROPERTINDO PT,1.752.102.158,"1,75",L,CP
27-Feb-2026,KPIG,MNC LAND Tbk,PT MNC KAPITAL INDONESIA TBK,1.310.644.100,"1,31",L,CP
27-Feb-2026,KPIG,MNC LAND Tbk,TJOMO TJENGUNDORO.TJENG,1.219.461.400,"1,22",L,ID
27-Feb-2026,KPIG,MNC LAND Tbk,PT GLOBAL MEDIACOM TBK,1.029.648.100,"1,03",L,CP
27-Feb-2026,KPIG,MNC LAND Tbk,BHAKTI INVESTAMA INTERNATIONAL LTD,1.009.125.400,"1,01",A,CP
27-Feb-2026,KRAS,KRAKATAU STEEL Tbk,PERUSAHAAN PERSEROAN (PERSERO) PT DANANTARA ASSET MANAGEMENT,15.477.117.519,"80,00",L,CP
27-Feb-2026,KRAS,KRAKATAU STEEL Tbk,PERUSAHAAN PERSEROAN (PERSERO) PT. ASABRI,252.890.000,"1,31",L,IS
27-Feb-2026,KRAS,KRAKATAU STEEL Tbk,NH INVESTMENT AND SECURITIES CO. LTD,237.612.200,"1,23",A,SC
27-Feb-2026,KREN,QUANTUM CLOVERA INVESTAMA Tbk,PT KRESNA PRIMA INVEST,2.652.400.334,"14,57",L,CP
27-Feb-2026,KREN,QUANTUM CLOVERA INVESTAMA Tbk,"ASURANSI JIWA KRESNA, PT",2.506.467.300,"13,77",L,IS
27-Feb-2026,KREN,QUANTUM CLOVERA INVESTAMA Tbk,MICHAEL STEVEN,842.292.000,"4,63",L,ID
27-Feb-2026,KREN,QUANTUM CLOVERA INVESTAMA Tbk,PT KARYA KARUNIA PERSADA,777.811.500,"4,27",L,CP
27-Feb-2026,KREN,QUANTUM CLOVERA INVESTAMA Tbk,RUSTIYAN OEN,765.543.900,"4,20",L,ID
27-Feb-2026,KREN,QUANTUM CLOVERA INVESTAMA Tbk,INGRID KUSUMODJOJO,731.558.200,"4,02",L,ID
27-Feb-2026,KREN,QUANTUM CLOVERA INVESTAMA Tbk,LANNY ARSYAD MASSIE,412.928.000,"2,27",L,ID
27-Feb-2026,KREN,QUANTUM CLOVERA INVESTAMA Tbk,The Fon Khiu,376.340.500,"2,07",L,ID
27-Feb-2026,KREN,QUANTUM CLOVERA INVESTAMA Tbk,LIVYANILAMSARI SURYADI,374.400.000,"2,06",L,ID
27-Feb-2026,KREN,QUANTUM CLOVERA INVESTAMA Tbk,INOVASI PRIMA SENTOSA,317.037.750,"1,74",L,CP
27-Feb-2026,KREN,QUANTUM CLOVERA INVESTAMA Tbk,HERU TJAHYO WIYOGO,281.097.300,"1,54",L,ID
27-Feb-2026,KREN,QUANTUM CLOVERA INVESTAMA Tbk,WEN HSI LEE,212.011.700,"1,16",A,ID
27-Feb-2026,KREN,QUANTUM CLOVERA INVESTAMA Tbk,PT. KINGSLAND INTERNATIONAL,190.985.000,"1,05",L,CP
27-Feb-2026,KREN,QUANTUM CLOVERA INVESTAMA Tbk,TJOMO TJENGUNDORO.TJENG,184.921.200,"1,02",L,ID
27-Feb-2026,KRYA,BANGUN KARYA PERKASA JAYA Tbk,GREEN CITY SG PTE LTD,362.207.800,"21,77",A,CP
27-Feb-2026,KRYA,BANGUN KARYA PERKASA JAYA Tbk,HOK GWAN (DHARMO BUDIONO),158.386.900,"9,52",L,ID
27-Feb-2026,KRYA,BANGUN KARYA PERKASA JAYA Tbk,PT GREEN POWER GROUP TBK,148.783.400,"8,94",L,CP
27-Feb-2026,KRYA,BANGUN KARYA PERKASA JAYA Tbk,JIE YANG,76.384.100,"4,59",L,ID
27-Feb-2026,KRYA,BANGUN KARYA PERKASA JAYA Tbk,PT EVMOTO TEKNOLOGI INDONESIA,75.572.200,"4,54",L,CP
27-Feb-2026,KRYA,BANGUN KARYA PERKASA JAYA Tbk,PT GLOBAL NEW ENERGY,50.861.700,"3,06",L,CP
27-Feb-2026,KSIX,KENTANIX SUPRA INTERNATIONAL Tbk,PT BADRA ARTA,1.257.854.000,"58,84",L,CP
27-Feb-2026,KSIX,KENTANIX SUPRA INTERNATIONAL Tbk,PT PANCA MUARA JAYA,251.863.000,"11,78",L,CP
27-Feb-2026,KSIX,KENTANIX SUPRA INTERNATIONAL Tbk,PT BATU KENCANA INDAH,228.053.000,"10,67",L,CP
27-Feb-2026,KSIX,KENTANIX SUPRA INTERNATIONAL Tbk,ARYA MITRA,90.000.000,"4,21",L,CP
27-Feb-2026,KSIX,KENTANIX SUPRA INTERNATIONAL Tbk,PT GRIYA INSANI CAKRA SADAYA,80.000.000,"3,74",L,CP
27-Feb-2026,KSIX,KENTANIX SUPRA INTERNATIONAL Tbk,PT KALINDO LAND,79.387.000,"3,71",L,CP
27-Feb-2026,KSIX,KENTANIX SUPRA INTERNATIONAL Tbk,PT BINA ARTA CHARISMA,71.056.100,"3,32",L,CP
27-Feb-2026,KSIX,KENTANIX SUPRA INTERNATIONAL Tbk,KURNIADI PRAMITA ABADI,53.877.700,"2,52",L,ID
27-Feb-2026,KUAS,ACE OLDFIELDS Tbk,GRACE CAPITAL INVESTMENT LTD,352.902.780,"27,30",,
27-Feb-2026,KUAS,ACE OLDFIELDS Tbk,PT. ANUGRAH PRIMA INVESTAMA,199.762.140,"15,45",L,CP
27-Feb-2026,KUAS,ACE OLDFIELDS Tbk,PT. BONA DEKA JAVA,117.700.040,"9,10",L,CP
27-Feb-2026,KUAS,ACE OLDFIELDS Tbk,PT. MDR RUKUN DAMAI MANDIRI,59.569.640,"4,61",L,CP
27-Feb-2026,KUAS,ACE OLDFIELDS Tbk,NUR SANGKARA KAMARTA,59.569.640,"4,61",L,CP
27-Feb-2026,KUAS,ACE OLDFIELDS Tbk,PT. JATRA JAYA SENA,54.154.220,"4,19",L,CP
27-Feb-2026,KUAS,ACE OLDFIELDS Tbk,PT DINAMIKA NUANSA ABADI,36.827.260,"2,85",L,CP
27-Feb-2026,KUAS,ACE OLDFIELDS Tbk,PT. PURNAMA PRADANA USAHA,29.784.820,"2,30",L,CP
27-Feb-2026,KUAS,ACE OLDFIELDS Tbk,LIAUW DJAMALUDIN,26.984.600,"2,09",L,ID
27-Feb-2026,LABA,GREEN POWER GROUP Tbk,PT NEV STORED ENERGY,281.792.900,"25,54",L,CP
27-Feb-2026,LABA,GREEN POWER GROUP Tbk,PT. Longping Investasi Indonesia,130.240.600,"11,80",L,CP
27-Feb-2026,LABA,GREEN POWER GROUP Tbk,WIYONO SARI SH,12.500.000,"1,13",L,ID
27-Feb-2026,LABA,GREEN POWER GROUP Tbk,HENDRA ONGGOWIJAYA,11.500.000,"1,04",L,ID
27-Feb-2026,LABS,UBC MEDICAL INDONESIA Tbk,OPTEL INVESTAMA MULIA,2.859.428.400,"72,39",L,CP
27-Feb-2026,LABS,UBC MEDICAL INDONESIA Tbk,DAVID TANDRIS,130.000.000,"3,29",L,ID
27-Feb-2026,LABS,UBC MEDICAL INDONESIA Tbk,SILVIA,130.100.000,"3,29",L,ID
27-Feb-2026,LABS,UBC MEDICAL INDONESIA Tbk,BUDI HARIADI,130.000.000,"3,29",L,ID
27-Feb-2026,LABS,UBC MEDICAL INDONESIA Tbk,SUMMER BEGINNING LIMITED,117.646.900,"2,98",A,CP
27-Feb-2026,LAJU,JASA BERDIKARI LOGISTICS Tbk,"ERVIN NIAGA ABADI, PT",1.304.856.000,"60,69",,
27-Feb-2026,LAJU,JASA BERDIKARI LOGISTICS Tbk,MARCIA MARIA,144.984.000,"6,74",,
27-Feb-2026,LAND,TRIMITRA PROPERTINDO Tbk,PT. GRAHA MULIA INDOTAMA,1.029.853.200,"36,88",L,CP
27-Feb-2026,LAND,TRIMITRA PROPERTINDO Tbk,PT. TRIDAYA BANGUN CIPTA,989.466.800,"35,43",L,CP
27-Feb-2026,LAND,TRIMITRA PROPERTINDO Tbk,ARCHENIUS NAPITUPULU,49.989.900,"1,79",L,ID
27-Feb-2026,LAND,TRIMITRA PROPERTINDO Tbk,HERI SANTOSO LIEM,33.923.800,"1,21",L,ID
27-Feb-2026,LAND,TRIMITRA PROPERTINDO Tbk,EKA PUSPITA RINI,31.466.000,"1,13",L,ID
27-Feb-2026,LAPD,LEYAND INTERNATIONAL Tbk,PT JSI SINERGI MAS,2.022.838.500,"51,00",L,CP
27-Feb-2026,LAPD,LEYAND INTERNATIONAL Tbk,LAY SHI WEI,194.351.100,"4,90",A,ID
27-Feb-2026,LAPD,LEYAND INTERNATIONAL Tbk,"TRIPLE BERKAH BERSAMA, PT",171.934.028,"4,33",L,CP
27-Feb-2026,LAPD,LEYAND INTERNATIONAL Tbk,GUMIWA ADIGUNA,120.654.501,"3,04",L,ID
27-Feb-2026,LAPD,LEYAND INTERNATIONAL Tbk,YEO SIAK LING,98.179.576,"2,48",A,ID
27-Feb-2026,LAPD,LEYAND INTERNATIONAL Tbk,GLOBAL KARYA INTI,74.020.091,"1,87",L,CP
27-Feb-2026,LAPD,LEYAND INTERNATIONAL Tbk,JAKA LESMANA,60.932.600,"1,54",L,ID
27-Feb-2026,LAPD,LEYAND INTERNATIONAL Tbk,BONG SAN SAN,51.888.500,"1,31",L,ID
27-Feb-2026,LCGP,EUREKA PRIMA JAKARTA Tbk,PERUSAHAAN PERSEROAN (PERSERO) PT. ASABRI,370.093.277,"6,57",L,IS
27-Feb-2026,LCGP,EUREKA PRIMA JAKARTA Tbk,DANA PENSIUN BUKIT ASAM,312.500.000,"5,55",L,PF
27-Feb-2026,LCGP,EUREKA PRIMA JAKARTA Tbk,REKSA DANA TREASURE SAHAM MANTAP,270.000.000,"4,80",L,MF
27-Feb-2026,LCGP,EUREKA PRIMA JAKARTA Tbk,REKSA DANA TF SUPER MAXXI,270.000.000,"4,80",L,MF
27-Feb-2026,LCGP,EUREKA PRIMA JAKARTA Tbk,REKSA DANA POOL ADVISTA KAPITAL OPTIMAL,270.000.000,"4,80",L,MF
27-Feb-2026,LCGP,EUREKA PRIMA JAKARTA Tbk,PT. Fajar Indah Makmur Jaya,263.805.500,"4,69",L,CP
27-Feb-2026,LCGP,EUREKA PRIMA JAKARTA Tbk,PT. ASURANSI JIWA IFG,263.378.515,"4,68",L,IS
27-Feb-2026,LCGP,EUREKA PRIMA JAKARTA Tbk,DANA PENSIUN PUPUK KALIMANTAN TIMUR,257.053.100,"4,57",L,PF
27-Feb-2026,LCGP,EUREKA PRIMA JAKARTA Tbk,"BANK DANAMON INDONESIA Tbk, PT - REGISTRAR",254.944.558,"4,53",L,IB
27-Feb-2026,LCGP,EUREKA PRIMA JAKARTA Tbk,Reksa Dana Pan Arcadia Dana Saham Bertumbuh,244.200.900,"4,34",L,MF
27-Feb-2026,LCGP,EUREKA PRIMA JAKARTA Tbk,YAYASAN KESEJAHTERAAN BANK BUMI DAYA,206.162.536,"3,66",L,FD
27-Feb-2026,LCGP,EUREKA PRIMA JAKARTA Tbk,REKSA DANA EMCO MANTAP,193.787.400,"3,44",L,MF
27-Feb-2026,LCGP,EUREKA PRIMA JAKARTA Tbk,PERKUMPULAN PENSIUNAN BANK DAGANG NEGARA,155.358.481,"2,76",L,OT
27-Feb-2026,LCGP,EUREKA PRIMA JAKARTA Tbk,REKSA DANA MINNA PADI PRINGGONDANI SAHAM,131.418.022,"2,33",L,MF
27-Feb-2026,LCGP,EUREKA PRIMA JAKARTA Tbk,CREDIT SUISSE SEC (EUROPE) LIMITED-94644000,130.000.000,"2,31",A,SC
27-Feb-2026,LCGP,EUREKA PRIMA JAKARTA Tbk,PT. SATA SAMUDRA INTERNASIONAL,125.329.000,"2,23",L,CP
27-Feb-2026,LCGP,EUREKA PRIMA JAKARTA Tbk,REKSA DANA MINNA PADI KERATON II,100.000.000,"1,78",L,MF
27-Feb-2026,LCGP,EUREKA PRIMA JAKARTA Tbk,DR HENDRO PRANOTO,94.830.631,"1,68",L,ID
27-Feb-2026,LCGP,EUREKA PRIMA JAKARTA Tbk,JAKSA AGUNG MUDA BIDANG TINDAK PIDANA KHUSUS KEJAKSAAN REPUBLIK INDONESIA KEJAKSAAN REPUBLIK INDONESIA,85.772.998,"1,52",L,OT
27-Feb-2026,LCGP,EUREKA PRIMA JAKARTA Tbk,NOMURA PB NOMINEES LTD.,65.000.000,"1,15",A,IB
27-Feb-2026,LCGP,EUREKA PRIMA JAKARTA Tbk,MORGAN STANLEY AND CO INTERNATIONAL PLC,61.800.000,"1,10",A,CP
27-Feb-2026,LCGP,EUREKA PRIMA JAKARTA Tbk,REKSA DANA AURORA SMC EQUITY,58.424.800,"1,04",L,MF
27-Feb-2026,LCKM,LCK GLOBAL KEDATON Tbk,PT LCK INVESTAMA PRIMA INDONESIA,627.808.000,"62,78",L,CP
27-Feb-2026,LCKM,LCK GLOBAL KEDATON Tbk,PT MAJU MEKAR MAKMUR,201.821.400,"20,18",L,CP
27-Feb-2026,LCKM,LCK GLOBAL KEDATON Tbk,LIM CHIN KIM,47.392.700,"4,74",A,ID
27-Feb-2026,LCKM,LCK GLOBAL KEDATON Tbk,PT MAJUMAS,42.815.900,"4,28",L,CP
27-Feb-2026,LEAD,LOGINDO SAMUDRAMAKMUR Tbk,PT JALAN TERANG SAMUDRA,1.345.000.000,"23,19",L,CP
27-Feb-2026,LEAD,LOGINDO SAMUDRAMAKMUR Tbk,PACIFIC OFFSHORE PTE LTD,1.313.058.200,"22,64",A,CP
27-Feb-2026,LEAD,LOGINDO SAMUDRAMAKMUR Tbk,MANOJ PITAMBER NANWANI,292.135.756,"5,04",L,ID
27-Feb-2026,LEAD,LOGINDO SAMUDRAMAKMUR Tbk,EDDY KURNIAWAN LOGAM,285.724.300,"4,93",L,ID
27-Feb-2026,LEAD,LOGINDO SAMUDRAMAKMUR Tbk,OCP ASIA FUND V (SF 1) PTE. LIMITED,254.704.500,"4,39",A,OT
27-Feb-2026,LEAD,LOGINDO SAMUDRAMAKMUR Tbk,PINKY NK,194.744.700,"3,36",L,ID
27-Feb-2026,LEAD,LOGINDO SAMUDRAMAKMUR Tbk,OCP ASIA FUND IV (SF 1) PTE. LIMITED,150.295.500,"2,59",A,OT
27-Feb-2026,LEAD,LOGINDO SAMUDRAMAKMUR Tbk,RUDY KURNIAWAN LOGAM,120.913.200,"2,08",L,ID
27-Feb-2026,LEAD,LOGINDO SAMUDRAMAKMUR Tbk,MERNA LOGAM,95.245.100,"1,64",L,ID
27-Feb-2026,LEAD,LOGINDO SAMUDRAMAKMUR Tbk,DHEERAJ LACHMAN BHARWANI,80.150.071,"1,38",L,ID
27-Feb-2026,LFLO,IMAGO MULIA PERSADA Tbk,ANG PHEK TUAN,425.951.280,"32,57",L,ID
27-Feb-2026,LFLO,IMAGO MULIA PERSADA Tbk,ERLANGGA KSATRIA,319.463.460,"24,43",L,ID
27-Feb-2026,LFLO,IMAGO MULIA PERSADA Tbk,PURNAMAWATI GUMULYA,319.463.460,"24,43",L,ID
27-Feb-2026,LFLO,IMAGO MULIA PERSADA Tbk,"ORIGINATION MULTI INDONESIA, PT",62.000.000,"4,74",L,CP
27-Feb-2026,LFLO,IMAGO MULIA PERSADA Tbk,CV. SOLUSI CUAN MAJU,60.743.800,"4,64",L,CP
27-Feb-2026,LFLO,IMAGO MULIA PERSADA Tbk,"BERKAH ALAM ASRI, PT",59.300.000,"4,53",L,CP
27-Feb-2026,LFLO,IMAGO MULIA PERSADA Tbk,ENNY SOEGIARTO,34.402.600,"2,63",L,ID
27-Feb-2026,LIFE,MSIG LIFE INSURANCE INDONESIA Tbk,"MITSUI SUMITOMO INSURANCE CO.,LTD.",1.680.000.000,"80,00",A,IS
27-Feb-2026,LIFE,MSIG LIFE INSURANCE INDONESIA Tbk,PT SINAR MAS MULTIARTHA Tbk,262.500.000,"12,50",L,CP
27-Feb-2026,LIFE,MSIG LIFE INSURANCE INDONESIA Tbk,ASURANSI SIMAS JIWA,44.388.401,"2,11",L,IS
27-Feb-2026,LIFE,MSIG LIFE INSURANCE INDONESIA Tbk,SINAR MAS CAKRAWALA,33.888.885,"1,61",L,CP
27-Feb-2026,LIFE,MSIG LIFE INSURANCE INDONESIA Tbk,PT.TIMUR SUBUR,24.602.799,"1,17",L,CP
27-Feb-2026,LINK,LINK NET Tbk,AXIATA INVESTMENTS (INDONESIA) SDN.BHD,1.986.525.127,"69,38",A,IB
27-Feb-2026,LINK,LINK NET Tbk,PT XLSMART TELECOM SEJAHTERA TBK,550.316.196,"19,22",L,CP
27-Feb-2026,LINK,LINK NET Tbk,MAYBANK SECURITIES PTE. LTD.,136.203.259,"4,76",A,SC
27-Feb-2026,LINK,LINK NET Tbk,"LINK NET, TBK, PT",109.241.600,"3,82",L,CP
27-Feb-2026,LINK,LINK NET Tbk,RHB INVESTMENT BANK BERHAD,36.692.377,"1,28",A,IB
27-Feb-2026,LINK,LINK NET Tbk,REKSA DANA SUCORINVEST EQUITY PRIMA FUND,31.009.100,"1,08",L,MF
27-Feb-2026,LION,LION METAL WORKS Tbk,LION HOLDINGS SDN BHD,150.060.000,"28,85",A,CP
27-Feb-2026,LION,LION METAL WORKS Tbk,LION HOLDINGS PRIVATE LIMITED,150.060.000,"28,85",A,CP
27-Feb-2026,LION,LION METAL WORKS Tbk,CHENG YOONG CHOONG,25.362.000,"4,88",A,ID
27-Feb-2026,LION,LION METAL WORKS Tbk,CHENG YONG LIANG,25.000.000,"4,81",A,ID
27-Feb-2026,LION,LION METAL WORKS Tbk,LC INVESTMENTS (SINGAPORE) PTE LTD,24.490.000,"4,71",A,CP
27-Feb-2026,LION,LION METAL WORKS Tbk,JPMORGAN CHASE BANK NA SINGAPORE BRANCH,24.000.000,"4,61",A,OT
27-Feb-2026,LION,LION METAL WORKS Tbk,TRINIDAD INVESTMENT PTE LTD,23.145.000,"4,45",A,CP
27-Feb-2026,LION,LION METAL WORKS Tbk,GOLDWELL PACIFIC PTE LTD,20.000.000,"3,84",A,CP
27-Feb-2026,LION,LION METAL WORKS Tbk,TAN KEOK BOON,20.000.000,"3,84",A,ID
27-Feb-2026,LION,LION METAL WORKS Tbk,NG SEOK KUAN,7.315.000,"1,41",A,ID
27-Feb-2026,LION,LION METAL WORKS Tbk,DIANA SUSANTO,5.875.700,"1,13",L,ID
27-Feb-2026,LIVE,HOMECO VICTORIA MAKMUR Tbk,PT. HOMECO GLOBAL INVESTASI,3.614.320.000,"78,69",L,CP
27-Feb-2026,LIVE,HOMECO VICTORIA MAKMUR Tbk,ABRAHAM SATYA PUTERA,110.112.639,"2,40",L,ID
27-Feb-2026,LIVE,HOMECO VICTORIA MAKMUR Tbk,CV. SUN AND MOON,77.867.400,"1,70",L,CP
27-Feb-2026,LIVE,HOMECO VICTORIA MAKMUR Tbk,TIENNIE SUMARSI,72.325.100,"1,57",L,ID
27-Feb-2026,LIVE,HOMECO VICTORIA MAKMUR Tbk,SUGENG NUGROHO,50.112.100,"1,09",L,ID
27-Feb-2026,LMAS,LIMAS INDONESIA MAKMUR Tbk,SUPARMAN TJAHAJA,58.777.200,"7,46",L,ID
27-Feb-2026,LMAS,LIMAS INDONESIA MAKMUR Tbk,UOB KAY HIAN (HONG KONG) LTD (PLEDGE ACCOUNT) - MADISON PACIFIC TRUST LTD OBO ITEK BACHTIAR,56.957.850,"7,23",L,ID
27-Feb-2026,LMAS,LIMAS INDONESIA MAKMUR Tbk,EKA SUHENDRA,51.429.400,"6,53",L,ID
27-Feb-2026,LMAS,LIMAS INDONESIA MAKMUR Tbk,EFENDI,20.005.000,"2,54",L,ID
27-Feb-2026,LMAS,LIMAS INDONESIA MAKMUR Tbk,WIDAYANTI DARMAWAN,12.448.000,"1,58",L,ID
27-Feb-2026,LMAS,LIMAS INDONESIA MAKMUR Tbk,SIAUW YUNUS SUBANDI,11.200.000,"1,42",L,ID
27-Feb-2026,LMAS,LIMAS INDONESIA MAKMUR Tbk,LISA WIDIASARI ATMADJA,10.000.000,"1,27",L,ID
27-Feb-2026,LMAS,LIMAS INDONESIA MAKMUR Tbk,RIKY CANDJAYA HALIM,8.598.100,"1,09",L,ID
27-Feb-2026,LMAS,LIMAS INDONESIA MAKMUR Tbk,FATLY TJAHAJA,8.031.700,"1,02",L,ID
27-Feb-2026,LMAX,LUPROMAX PELUMAS INDONESIA Tbk,KARTIKO SOEMARGONO,216.125.000,"33,25",L,ID
27-Feb-2026,LMAX,LUPROMAX PELUMAS INDONESIA Tbk,JONG ANTON DWI PUTRO,91.000.000,"14,00",L,ID
27-Feb-2026,LMAX,LUPROMAX PELUMAS INDONESIA Tbk,TRISNO HARNADI,86.450.000,"13,30",L,ID
27-Feb-2026,LMAX,LUPROMAX PELUMAS INDONESIA Tbk,CLARISSA CALLUELLA HABERTH,61.425.000,"9,45",L,ID
27-Feb-2026,LMAX,LUPROMAX PELUMAS INDONESIA Tbk,AGUS SANUSI,35.478.700,"5,46",L,ID
27-Feb-2026,LMAX,LUPROMAX PELUMAS INDONESIA Tbk,RAYMON YONARTO,26.389.100,"4,06",L,ID
27-Feb-2026,LMAX,LUPROMAX PELUMAS INDONESIA Tbk,ALPINO KIANJAYA,17.366.700,"2,67",L,ID
27-Feb-2026,LMAX,LUPROMAX PELUMAS INDONESIA Tbk,BRYAN JAYA RAFLI SJAHPUTRA,10.000.000,"1,54",L,ID
27-Feb-2026,LMAX,LUPROMAX PELUMAS INDONESIA Tbk,MICHAEL WIJAYA,9.888.800,"1,52",L,ID
27-Feb-2026,LMAX,LUPROMAX PELUMAS INDONESIA Tbk,SANJAY SUNNIL NATHANI,6.806.300,"1,05",L,ID
27-Feb-2026,LMPI,LANGGENG MAKMUR INDUSTRI Tbk,HIDAYAT ALIM,385.649.140,"38,24",L,ID
27-Feb-2026,LMPI,LANGGENG MAKMUR INDUSTRI Tbk,PANGESTU ALIM,302.921.271,"30,04",L,ID
27-Feb-2026,LMPI,LANGGENG MAKMUR INDUSTRI Tbk,PT LANGGENG BAHAGIA,132.313.291,"13,12",L,CP
27-Feb-2026,LMPI,LANGGENG MAKMUR INDUSTRI Tbk,KANTOR PUSAT DJKN DITJEN KEKAYAAN NEGARA KEMENTRIAN KEUANGAN,57.901.002,"5,74",L,OT
27-Feb-2026,LMPI,LANGGENG MAKMUR INDUSTRI Tbk,ANDRE ALIM,41.056.625,"4,07",L,ID
27-Feb-2026,LMPI,LANGGENG MAKMUR INDUSTRI Tbk,REZAWAN HADINATA.IR,27.485.600,"2,73",L,ID
27-Feb-2026,LMPI,LANGGENG MAKMUR INDUSTRI Tbk,HENDRA,19.514.400,"1,93",L,ID
27-Feb-2026,LMPI,LANGGENG MAKMUR INDUSTRI Tbk,ANDREW ALIM,10.772.612,"1,07",L,ID
27-Feb-2026,LMSH,LIONMESH PRIMA Tbk,LION HOLDINGS PRIVATE LIMITED,24.527.000,"25,55",A,CP
27-Feb-2026,LMSH,LIONMESH PRIMA Tbk,JUSUP SUTRISNO,9.940.000,"10,35",L,ID
27-Feb-2026,LMSH,LIONMESH PRIMA Tbk,TJOE TJOE PENG LAWER S,9.883.000,"10,29",L,ID
27-Feb-2026,LMSH,LIONMESH PRIMA Tbk,TRINIDAD INVESTMENT PTE LTD,6.400.000,"6,67",A,CP
27-Feb-2026,LMSH,LIONMESH PRIMA Tbk,GOLDWELL PACIFIC PTE LTD,4.700.000,"4,90",A,CP
27-Feb-2026,LMSH,LIONMESH PRIMA Tbk,CHENG ZHI WEI,4.090.300,"4,26",A,ID
27-Feb-2026,LMSH,LIONMESH PRIMA Tbk,GO SIAUW HONG,3.695.000,"3,85",L,ID
27-Feb-2026,LMSH,LIONMESH PRIMA Tbk,CHENG YONG KIM,3.322.200,"3,46",L,ID
27-Feb-2026,LMSH,LIONMESH PRIMA Tbk,CHENG YONG LIANG,3.270.400,"3,41",A,ID
27-Feb-2026,LMSH,LIONMESH PRIMA Tbk,CHENG YONG KWANG,3.245.400,"3,38",A,ID
27-Feb-2026,LMSH,LIONMESH PRIMA Tbk,CHENG YOONG CHOONG,3.230.400,"3,37",A,ID
27-Feb-2026,LMSH,LIONMESH PRIMA Tbk,BANTRUNK MURNI INDONESIA,3.000.000,"3,13",L,CP
27-Feb-2026,LMSH,LIONMESH PRIMA Tbk,CHENG WEN YI,2.500.000,"2,60",A,ID
27-Feb-2026,LMSH,LIONMESH PRIMA Tbk,CHENG BOON LIN (ZHONG WENLIN),2.500.000,"2,60",A,ID
27-Feb-2026,LMSH,LIONMESH PRIMA Tbk,SUWANTARA GOTAMA,2.325.000,"2,42",A,ID
27-Feb-2026,LOPI,LOGISTICSPLUS INTERNATIONAL Tbk,PT SENTRA AMANAH VENTURA,738.449.600,"67,13",L,CP
27-Feb-2026,LOPI,LOGISTICSPLUS INTERNATIONAL Tbk,JESSICA VIMEL LAURETTA,37.629.500,"3,42",L,ID
27-Feb-2026,LOPI,LOGISTICSPLUS INTERNATIONAL Tbk,JONNY S PANGARIBUAN,33.536.900,"3,05",L,ID
27-Feb-2026,LOPI,LOGISTICSPLUS INTERNATIONAL Tbk,HERLINA,23.573.300,"2,14",L,ID
27-Feb-2026,LOPI,LOGISTICSPLUS INTERNATIONAL Tbk,VIATOR SOERI,19.527.100,"1,78",L,ID
27-Feb-2026,LOPI,LOGISTICSPLUS INTERNATIONAL Tbk,SIU SHIA,17.840.600,"1,62",L,ID
27-Feb-2026,LOPI,LOGISTICSPLUS INTERNATIONAL Tbk,RUDY EFENDY,12.800.000,"1,16",L,ID
27-Feb-2026,LPCK,LIPPO CIKARANG Tbk,"KEMUNING SATIATAMA, PT.",4.569.861.585,"89,00",,
27-Feb-2026,LPGI,LIPPO GENERAL INSURANCE Tbk,"HANWHA GENERAL INSURANCE CO.,LTD",1.845.000.000,"61,50",A,IS
27-Feb-2026,LPGI,LIPPO GENERAL INSURANCE Tbk,BANK JULIUS BAER CO. LTD. S/A PT INTI ANUGRAH PROPERTINDO PLEDGED ACC,543.000.000,"18,10",L,CP
27-Feb-2026,LPGI,LIPPO GENERAL INSURANCE Tbk,PT. HANWHA LIFE INSURANCE INDONESIA,385.927.000,"12,86",L,IS
27-Feb-2026,LPGI,LIPPO GENERAL INSURANCE Tbk,PT KRIDA KARYA GEMILANG SEMPURNA,147.000.000,"4,90",L,CP
27-Feb-2026,LPIN,MULTI PRIMA SEJAHTERA Tbk,PT. MULTIPOLAR TBK,347.246.400,"81,71",L,CP
27-Feb-2026,LPIN,MULTI PRIMA SEJAHTERA Tbk,LIE BOEN TJOE,13.809.600,"3,25",L,ID
27-Feb-2026,LPIN,MULTI PRIMA SEJAHTERA Tbk,SIAUW YUNUS SUBANDI,10.257.600,"2,41",L,ID
27-Feb-2026,LPIN,MULTI PRIMA SEJAHTERA Tbk,HENDRA HIDAJAT,6.000.000,"1,41",L,ID
27-Feb-2026,LPKR,LIPPO KARAWACI Tbk,BANK JULIUS BAER CO. LTD. S/A PT INTI ANUGRAH PROPERTINDO PLEDGED ACC,18.282.002.858,"25,79",L,CP
27-Feb-2026,LPKR,LIPPO KARAWACI Tbk,SIERRA INCORPORATED,11.259.645.290,"15,88",A,CP
27-Feb-2026,LPKR,LIPPO KARAWACI Tbk,PT PRIMANTARA UTAMA SEJAHTERA,7.371.500.000,"10,40",L,CP
27-Feb-2026,LPKR,LIPPO KARAWACI Tbk,DBS BANK LTD.,3.624.330.600,"5,11",A,IB
27-Feb-2026,LPKR,LIPPO KARAWACI Tbk,OUE INVESTMENTS PTE LTD,2.322.628.777,"3,28",A,CP
27-Feb-2026,LPKR,LIPPO KARAWACI Tbk,DBS BANK LTD S/A GW INVESTMENTS LIMITED,1.997.800.000,"2,82",A,CP
27-Feb-2026,LPKR,LIPPO KARAWACI Tbk,JALAN SEGAR LIMITED,1.700.772.700,"2,40",A,OT
27-Feb-2026,LPKR,LIPPO KARAWACI Tbk,"NOMURA SECURITIES CO.,LTD.",1.634.964.600,"2,31",A,IB
27-Feb-2026,LPKR,LIPPO KARAWACI Tbk,"KHARISMA BUANA NUSANTARA, PT",1.323.770.784,"1,87",L,CP
27-Feb-2026,LPKR,LIPPO KARAWACI Tbk,PT. MULTIPOLAR TBK,1.209.688.800,"1,71",L,CP
27-Feb-2026,LPKR,LIPPO KARAWACI Tbk,"TAHTA UPAYA PRATAMA, PT",866.000.000,"1,22",L,CP
27-Feb-2026,LPKR,LIPPO KARAWACI Tbk,MORGAN STANLEY AND CO INTERNATIONAL PLC,856.287.702,"1,21",A,CP
27-Feb-2026,LPKR,LIPPO KARAWACI Tbk,OCBC SECURITIES PRIVATE LIMITED,847.181.343,"1,19",A,SC
27-Feb-2026,LPKR,LIPPO KARAWACI Tbk,MAYBANK SECURITIES PTE. LTD.,836.200.000,"1,18",A,SC
27-Feb-2026,LPLI,STAR PACIFIC Tbk,BANK JULIUS BAER CO. LTD. S/A PT INTI ANUGRAH PROPERTINDO PLEDGED ACC,592.237.809,"50,60",L,CP
27-Feb-2026,LPLI,STAR PACIFIC Tbk,HX TRADING LIMITED,214.154.967,"18,30",A,CP
27-Feb-2026,LPLI,STAR PACIFIC Tbk,SIAUW YUNUS SUBANDI,49.646.400,"4,24",L,ID
27-Feb-2026,LPLI,STAR PACIFIC Tbk,"KHARISMA BUANA NUSANTARA, PT",46.817.312,"4,00",L,CP
27-Feb-2026,LPLI,STAR PACIFIC Tbk,"SANGGRAHA NUSA RAYA, PT",28.182.688,"2,41",L,CP
27-Feb-2026,LPLI,STAR PACIFIC Tbk,BAMBANG PRANOWO,20.000.000,"1,71",L,ID
27-Feb-2026,LPLI,STAR PACIFIC Tbk,IEVAN DANIAR SUMAMPOW,20.000.000,"1,71",L,ID
27-Feb-2026,LPLI,STAR PACIFIC Tbk,ENDANG LESTARI PUJIASTUTI,14.377.500,"1,23",L,ID
27-Feb-2026,LPPF,MATAHARI DEPARTMENT STORE Tbk,AURIC DIGITAL RETAIL PTE LTD,660.021.796,"29,23",A,CP
27-Feb-2026,LPPF,MATAHARI DEPARTMENT STORE Tbk,AURIC DIGITAL RETAIL PTE. LTD.,300.000.000,"13,28",A,OT
27-Feb-2026,LPPF,MATAHARI DEPARTMENT STORE Tbk,PT. MULTIPOLAR TBK,209.992.000,"9,30",L,CP
27-Feb-2026,LPPF,MATAHARI DEPARTMENT STORE Tbk,PT REKSA PUSPITA KARYA,100.000.000,"4,43",L,CP
27-Feb-2026,LPPF,MATAHARI DEPARTMENT STORE Tbk,"CAHAYA INVESTAMA, PT",100.000.000,"4,43",L,CP
27-Feb-2026,LPPF,MATAHARI DEPARTMENT STORE Tbk,PT SURYA CIPTA INVESTAMA,100.000.000,"4,43",L,CP
27-Feb-2026,LPPF,MATAHARI DEPARTMENT STORE Tbk,OUE INVESTMENTS PTE LTD,84.814.300,"3,76",A,CP
27-Feb-2026,LPPF,MATAHARI DEPARTMENT STORE Tbk,PT AMB FINANSIAL INDONESIA,60.000.000,"2,66",L,CP
27-Feb-2026,LPPF,MATAHARI DEPARTMENT STORE Tbk,PHILLIP SECURITIES PTE LTD,51.367.500,"2,27",A,SC
27-Feb-2026,LPPF,MATAHARI DEPARTMENT STORE Tbk,MANOJ PITAMBER NANWANI,38.606.200,"1,71",L,ID
27-Feb-2026,LPPF,MATAHARI DEPARTMENT STORE Tbk,"MATAHARI DEPARTMENT STORE TBK, PT",31.000.000,"1,37",L,CP
27-Feb-2026,LPPF,MATAHARI DEPARTMENT STORE Tbk,KENNETH RUDY KAMON,23.813.200,"1,05",A,ID
27-Feb-2026,LPPS,LENOX PASIFIK INVESTAMA Tbk,BANK JULIUS BAER CO. LTD. S/A PT INTI ANUGRAH PROPERTINDO PLEDGED ACC,1.747.636.749,"67,52",L,CP
27-Feb-2026,LPPS,LENOX PASIFIK INVESTAMA Tbk,SIAUW YUNUS SUBANDI,102.442.566,"3,96",L,ID
27-Feb-2026,LPPS,LENOX PASIFIK INVESTAMA Tbk,DBS BANK LTD.,85.474.700,"3,30",A,IB
27-Feb-2026,LPPS,LENOX PASIFIK INVESTAMA Tbk,EKA SUHENDRA,65.814.800,"2,54",L,ID
27-Feb-2026,LPPS,LENOX PASIFIK INVESTAMA Tbk,"BERKAT CAHAYA ANUGERAH,PT",63.489.600,"2,45",L,CP
27-Feb-2026,LPPS,LENOX PASIFIK INVESTAMA Tbk,"BANGUN KARYA SELARAS, PT",51.670.900,"2,00",L,CP
27-Feb-2026,LPPS,LENOX PASIFIK INVESTAMA Tbk,CHANG LIONG MENG,30.516.450,"1,18",L,ID
27-Feb-2026,LRNA,EKA SARI LORENA TRANSPORT Tbk,LORENA,199.999.998,"57,14",L,CP
27-Feb-2026,LRNA,EKA SARI LORENA TRANSPORT Tbk,"GADING DANALESTARI, PT",45.285.500,"12,94",L,CP
27-Feb-2026,LRNA,EKA SARI LORENA TRANSPORT Tbk,SIAUW YUNUS SUBANDI,26.546.000,"7,58",L,ID
27-Feb-2026,LRNA,EKA SARI LORENA TRANSPORT Tbk,"SEMANU MULTI DAYA, PT",13.378.900,"3,82",L,CP
27-Feb-2026,LRNA,EKA SARI LORENA TRANSPORT Tbk,"HALIM MITRADANA INTERNASIONAL, PT",12.619.800,"3,61",L,CP
27-Feb-2026,LRNA,EKA SARI LORENA TRANSPORT Tbk,JACKY LEE,9.900.000,"2,83",L,ID
27-Feb-2026,LRNA,EKA SARI LORENA TRANSPORT Tbk,YAMIANDA ENDRA MANTIKA,9.600.000,"2,74",L,ID
27-Feb-2026,LRNA,EKA SARI LORENA TRANSPORT Tbk,ADE FITRIYA SARI,8.728.000,"2,49",L,ID
27-Feb-2026,LSIP,PP LONDON SUMATRA INDONESIA Tbk,PT SALIM IVOMAS PRATAMA TBK,4.058.425.010,"59,51",L,CP
27-Feb-2026,LSIP,PP LONDON SUMATRA INDONESIA Tbk,DJS KETENAGAKERJAAN PROGRAM JAMINAN HARI TUA,300.925.800,"4,41",L,IS
27-Feb-2026,LSIP,PP LONDON SUMATRA INDONESIA Tbk,WINARNO TJAJADI,275.000.000,"4,03",L,ID
27-Feb-2026,LSIP,PP LONDON SUMATRA INDONESIA Tbk,PT TASPEN (PERSERO),232.574.500,"3,41",L,IS
27-Feb-2026,LSIP,PP LONDON SUMATRA INDONESIA Tbk,LO KHENG HONG. DRS,82.594.700,"1,21",L,ID
27-Feb-2026,LTLS,LAUTAN LUAS Tbk,JPMCB NA RE-PT CATURKARSA MEGATUNGGAL,882.864.000,"56,59",L,CP
27-Feb-2026,LTLS,LAUTAN LUAS Tbk,"LAUTAN LUAS TBK, PT",95.311.200,"6,11",L,CP
27-Feb-2026,LTLS,LAUTAN LUAS Tbk,REAM PTE LTD,74.880.000,"4,80",A,CP
27-Feb-2026,LTLS,LAUTAN LUAS Tbk,PT Lumbung Artakencana,49.195.400,"3,15",L,CP
27-Feb-2026,LTLS,LAUTAN LUAS Tbk,PT Alas Pusaka,48.071.600,"3,08",L,CP
27-Feb-2026,LTLS,LAUTAN LUAS Tbk,GREAT VALLEY INVESTMENTS PTE LTD,46.500.000,"2,98",A,CP
27-Feb-2026,LTLS,LAUTAN LUAS Tbk,KDOJ HOLDINGS PTE LTD,43.808.000,"2,81",A,CP
27-Feb-2026,LTLS,LAUTAN LUAS Tbk,NOMURA SINGAPORE LIMITED,41.039.000,"2,63",A,IB
27-Feb-2026,LTLS,LAUTAN LUAS Tbk,Teddy Jeffrey Katuari,39.096.000,"2,51",L,ID
27-Feb-2026,LTLS,LAUTAN LUAS Tbk,Vonny Setiawaty,38.787.000,"2,49",L,ID
27-Feb-2026,LTLS,LAUTAN LUAS Tbk,Mimy Sulianti,22.986.000,"1,47",L,ID
27-Feb-2026,LTLS,LAUTAN LUAS Tbk,Resources Fortune LTD,19.078.600,"1,22",A,OT
27-Feb-2026,LUCK,SENTRAL MITRA INFORMATIKA Tbk,CAROLINE HIMAWATI HIDAJAT,208.998.900,"29,20",L,ID
27-Feb-2026,LUCK,SENTRAL MITRA INFORMATIKA Tbk,SERIAL SYSTEM INTERNATIONAL PTE. LTD.,106.889.040,"14,93",A,CP
27-Feb-2026,LUCK,SENTRAL MITRA INFORMATIKA Tbk,CHRISTINE HERAWATI,104.499.450,"14,60",L,ID
27-Feb-2026,LUCK,SENTRAL MITRA INFORMATIKA Tbk,JOSEPHINE HANDAYANI HIDAJAT,104.499.450,"14,60",L,ID
27-Feb-2026,LUCK,SENTRAL MITRA INFORMATIKA Tbk,CGS INTERNATIONAL SECURITIES SINGAPORE PTE LTD,13.649.600,"1,91",A,IB
27-Feb-2026,LUCY,LIMA DUA LIMA TIGA Tbk,PT DELTA WIBAWA BERSAMA,900.141.542,"59,42",L,CP
27-Feb-2026,LUCY,LIMA DUA LIMA TIGA Tbk,DIMAS WIBOWO,383.584.486,"25,32",L,ID
27-Feb-2026,LUCY,LIMA DUA LIMA TIGA Tbk,HARTONO SUKIRYA,45.241.400,"2,99",L,ID
27-Feb-2026,LUCY,LIMA DUA LIMA TIGA Tbk,MARRITA ERHAR,31.871.700,"2,10",L,ID
27-Feb-2026,LUCY,LIMA DUA LIMA TIGA Tbk,NUGRAHANING DYAH LARASATI,21.490.600,"1,42",L,ID
27-Feb-2026,LUCY,LIMA DUA LIMA TIGA Tbk,AGUNG PURNOMO,19.486.400,"1,29",L,ID
27-Feb-2026,LUCY,LIMA DUA LIMA TIGA Tbk,REFIN SATRIO,18.155.600,"1,20",L,ID
27-Feb-2026,MABA,MARGA ABHINAYA ABADI Tbk,JAKSA AGUNG MUDA BIDANG TINDAK PIDANA KHUSUS KEJAKSAAN REPUBLIK INDONESIA KEJAKSAAN REPUBLIK INDONESIA,2.554.310.600,"16,62",L,OT
27-Feb-2026,MABA,MARGA ABHINAYA ABADI Tbk,BP2S SINGAPORE/BNP PARIBAS SINGAPORE BRANCH WEALTH MANAGEMENT/PT SALIGADING BERSAMA,2.329.493.800,"15,16",L,CP
27-Feb-2026,MABA,MARGA ABHINAYA ABADI Tbk,FRANCIS INDARTO,1.064.850.000,"6,93",L,ID
27-Feb-2026,MABA,MARGA ABHINAYA ABADI Tbk,REKSA DANA NARADA SAHAM INDONESIA,751.862.100,"4,89",L,MF
27-Feb-2026,MABA,MARGA ABHINAYA ABADI Tbk,REKSA DANA NARADA SAHAM INDONESIA II,639.663.100,"4,16",L,MF
27-Feb-2026,MABA,MARGA ABHINAYA ABADI Tbk,REKSA DANA EMCO MANTAP,614.528.500,"4,00",L,MF
27-Feb-2026,MABA,MARGA ABHINAYA ABADI Tbk,PERUSAHAAN PERSEROAN (PERSERO) PT. ASABRI,574.794.326,"3,74",L,IS
27-Feb-2026,MABA,MARGA ABHINAYA ABADI Tbk,YOHANES HALIM,545.935.700,"3,55",L,ID
27-Feb-2026,MABA,MARGA ABHINAYA ABADI Tbk,REKSA DANA NARADA CAMPURAN I,529.456.400,"3,45",L,MF
27-Feb-2026,MABA,MARGA ABHINAYA ABADI Tbk,"BANK DANAMON INDONESIA Tbk, PT - REGISTRAR",489.905.741,"3,19",L,IB
27-Feb-2026,MABA,MARGA ABHINAYA ABADI Tbk,"JAF ASIA INVESTMENT, PT",432.065.300,"2,81",L,CP
27-Feb-2026,MABA,MARGA ABHINAYA ABADI Tbk,PT. Sejahtera Mahkota Persada,326.800.000,"2,13",L,CP
27-Feb-2026,MABA,MARGA ABHINAYA ABADI Tbk,REKSA DANA PACIFIC EQUITY GROWTH FUND,300.000.000,"1,95",L,MF
27-Feb-2026,MABA,MARGA ABHINAYA ABADI Tbk,ANDREW NUGROHO SOEJANTO,200.000.000,"1,30",L,ID
27-Feb-2026,MABA,MARGA ABHINAYA ABADI Tbk,REKSA DANA MINNA PADI PASOPATI SAHAM,178.790.653,"1,16",L,MF
27-Feb-2026,MABA,MARGA ABHINAYA ABADI Tbk,PT ASURANSI PURNA ARTANUGRAHA,160.000.000,"1,04",L,IS
27-Feb-2026,MABA,MARGA ABHINAYA ABADI Tbk,REKSA DANA MINNA PADI PRINGGONDANI SAHAM,156.550.027,"1,02",L,MF
27-Feb-2026,MAGP,MULTI AGRO GEMILANG PLANTATION Tbk,PT. Santika Griya Persada,4.500.000.000,"50,00",L,CP
27-Feb-2026,MAGP,MULTI AGRO GEMILANG PLANTATION Tbk,PT YABES PLANTATION INTERNATIONAL,1.421.361.800,"15,79",L,CP
27-Feb-2026,MAGP,MULTI AGRO GEMILANG PLANTATION Tbk,DANA PENSIUN KARYAWAN PANIN BANK,600.000.000,"6,67",L,PF
27-Feb-2026,MAGP,MULTI AGRO GEMILANG PLANTATION Tbk,LIONG JUEN FAT,274.535.100,"3,05",L,ID
27-Feb-2026,MAGP,MULTI AGRO GEMILANG PLANTATION Tbk,HEROWIRATNO GUNAWAN,178.260.600,"1,98",L,ID
27-Feb-2026,MAGP,MULTI AGRO GEMILANG PLANTATION Tbk,Ruddy Taufiq,165.385.000,"1,84",L,ID
27-Feb-2026,MAGP,MULTI AGRO GEMILANG PLANTATION Tbk,JERRY KAMSUN,119.677.700,"1,33",L,ID
27-Feb-2026,MAGP,MULTI AGRO GEMILANG PLANTATION Tbk,MAHARI SUBAJA,108.671.800,"1,21",L,ID
27-Feb-2026,MAHA,MANDIRI HERINDO ADIPERKASA Tbk,EDIKA AGUNG MANDIRI PT,5.750.000.000,"34,50",L,CP
27-Feb-2026,MAHA,MANDIRI HERINDO ADIPERKASA Tbk,YENNY HAMIDAH KOEAN,1.509.416.200,"9,06",L,ID
27-Feb-2026,MAHA,MANDIRI HERINDO ADIPERKASA Tbk,DIAH ASRININGPURI SUGIANTO,1.286.853.300,"7,72",L,ID
27-Feb-2026,MAHA,MANDIRI HERINDO ADIPERKASA Tbk,EKA ROSITA KASIH,1.250.000.000,"7,50",L,ID
27-Feb-2026,MAHA,MANDIRI HERINDO ADIPERKASA Tbk,ARIEF SUGIANTO,1.250.000.000,"7,50",L,ID
27-Feb-2026,MAHA,MANDIRI HERINDO ADIPERKASA Tbk,LOW TUCK KWONG,770.165.200,"4,62",L,ID
27-Feb-2026,MAHA,MANDIRI HERINDO ADIPERKASA Tbk,LOW YI NGO,700.000.000,"4,20",L,ID
27-Feb-2026,MAHA,MANDIRI HERINDO ADIPERKASA Tbk,HANDY GLIVIRGO,685.271.100,"4,11",L,ID
27-Feb-2026,MAHA,MANDIRI HERINDO ADIPERKASA Tbk,MUHAMMAD AKBAR,625.000.000,"3,75",L,ID
27-Feb-2026,MAHA,MANDIRI HERINDO ADIPERKASA Tbk,HERMAN KUSNANTO KASIH T,500.000.000,"3,00",L,ID
27-Feb-2026,MAHA,MANDIRI HERINDO ADIPERKASA Tbk,MANDIRI HERINDO ADIPERKASA TBK PT,271.030.000,"1,63",L,CP
27-Feb-2026,MAIN,MALINDO FEEDMILL Tbk,DRAGON AMITY PTE LTD,1.282.143.142,"57,27",A,CP
27-Feb-2026,MAIN,MALINDO FEEDMILL Tbk,PT CORIN INVESTA CORPORA,112.820.000,"5,04",L,CP
27-Feb-2026,MAIN,MALINDO FEEDMILL Tbk,UOB KAY HIAN PRIVATE LIMITED,76.553.913,"3,42",A,SC
27-Feb-2026,MAIN,MALINDO FEEDMILL Tbk,LAU JOO PERN,58.655.133,"2,62",A,ID
27-Feb-2026,MAIN,MALINDO FEEDMILL Tbk,BANK OF SINGAPORE LIMITED,57.282.295,"2,56",A,IB
27-Feb-2026,MAIN,MALINDO FEEDMILL Tbk,PT LEONG HUP JAYAINDO,44.559.950,"1,99",L,CP
27-Feb-2026,MAIN,MALINDO FEEDMILL Tbk,LENNY MAGDALENA JOHAN,40.991.420,"1,83",L,ID
27-Feb-2026,MAIN,MALINDO FEEDMILL Tbk,LAU JOO HONG,36.518.885,"1,63",A,ID
27-Feb-2026,MAIN,MALINDO FEEDMILL Tbk,LAI CHONG KOO,28.664.333,"1,28",A,ID
27-Feb-2026,MAIN,MALINDO FEEDMILL Tbk,Lau Joo Yong,28.478.333,"1,27",A,ID
27-Feb-2026,MAIN,MALINDO FEEDMILL Tbk,LO KHENG HONG. DRS,27.656.600,"1,24",L,ID
27-Feb-2026,MAIN,MALINDO FEEDMILL Tbk,LAU WEE FONG,26.239.333,"1,17",A,ID
27-Feb-2026,MAIN,MALINDO FEEDMILL Tbk,MAYBANK SECURITIES PTE. LTD.,22.541.963,"1,01",A,SC
27-Feb-2026,MANG,MANGGUNG POLAHRAYA Tbk,MOHAMAD REZA PAHLEVI,2.080.000.000,"54,56",L,ID
27-Feb-2026,MANG,MANGGUNG POLAHRAYA Tbk,WIWIK ROBIATUL ADAWIYAH,365.000.000,"9,57",L,ID
27-Feb-2026,MANG,MANGGUNG POLAHRAYA Tbk,NI KETUT MARIANI,345.000.000,"9,05",L,ID
27-Feb-2026,MANG,MANGGUNG POLAHRAYA Tbk,IR NIAZIE GANI MSC,260.000.000,"6,82",L,ID
27-Feb-2026,MANG,MANGGUNG POLAHRAYA Tbk,AHMAD REZA SEPTIAN SE,91.584.800,"2,40",L,ID
27-Feb-2026,MANG,MANGGUNG POLAHRAYA Tbk,AFIANSYAH HARAHAP,72.344.600,"1,90",L,ID
27-Feb-2026,MANG,MANGGUNG POLAHRAYA Tbk,TRIESTA MILANITA,63.673.600,"1,67",L,ID
27-Feb-2026,MANG,MANGGUNG POLAHRAYA Tbk,JOSHUA KRISEKAPUTRA,62.439.200,"1,64",L,ID
27-Feb-2026,MANG,MANGGUNG POLAHRAYA Tbk,FITRIA SEFTIANY,57.479.500,"1,51",L,ID
27-Feb-2026,MANG,MANGGUNG POLAHRAYA Tbk,SAYIDUL FIKRI,47.702.100,"1,25",L,ID
27-Feb-2026,MAPA,MAP AKTIF ADIPERKASA Tbk,"MITRA ADIPERKASA, TBK, PT",19.618.986.600,"68,83",L,CP
27-Feb-2026,MAPA,MAP AKTIF ADIPERKASA Tbk,NTASIAN DISCOVERY MASTER FUND,633.836.300,"2,22",A,MF
27-Feb-2026,MAPA,MAP AKTIF ADIPERKASA Tbk,PT PRUDENTIAL LIFE ASSURANCE,402.350.200,"1,41",L,IS
27-Feb-2026,MAPA,MAP AKTIF ADIPERKASA Tbk,PLATINUM ASIA FUND,372.981.689,"1,31",A,MF
27-Feb-2026,MAPA,MAP AKTIF ADIPERKASA Tbk,STANDARD CHARTERED BANK SINGAPORE S/A SIXTEENTH STREET ASIAN GEMS FUND ID134041400003,312.812.000,"1,10",A,OT
27-Feb-2026,MAPB,MAP BOGA ADIPERKASA Tbk,"MITRA ADIPERKASA, TBK, PT",1.718.804.138,"71,98",L,CP
27-Feb-2026,MAPB,MAP BOGA ADIPERKASA Tbk,GA ROBUSTA F&B COMPANY PTE. LTD.,480.834.533,"20,14",A,CP
27-Feb-2026,MAPB,MAP BOGA ADIPERKASA Tbk,UOB KAY HIAN PRIVATE LIMITED,76.000.000,"3,18",A,SC
27-Feb-2026,MAPB,MAP BOGA ADIPERKASA Tbk,PT. LUMBUNG ALAM SENTOSA,68.000.000,"2,85",L,CP
27-Feb-2026,MAPI,MITRA ADIPERKASA Tbk,PT SATYA MULIA GEMA GEMILANG,8.466.000.000,"51,00",L,CP
27-Feb-2026,MAPI,MITRA ADIPERKASA Tbk,DJS KETENAGAKERJAAN PROGRAM JAMINAN PENSIUN,624.075.200,"3,76",L,IS
27-Feb-2026,MAPI,MITRA ADIPERKASA Tbk,LETKO BROSSEAU EMERGING MARKETS EQUITY FUND,396.769.375,"2,39",A,MF
27-Feb-2026,MAPI,MITRA ADIPERKASA Tbk,EMPLOYEES PROVIDENT FUND BOARD,371.435.500,"2,24",A,PF
27-Feb-2026,MAPI,MITRA ADIPERKASA Tbk,PT PRUDENTIAL LIFE ASSURANCE,295.792.800,"1,78",L,IS
27-Feb-2026,MAPI,MITRA ADIPERKASA Tbk,LANNEBO GLOBAL,268.510.400,"1,62",A,MF
27-Feb-2026,MAPI,MITRA ADIPERKASA Tbk,BANK OF SINGAPORE LIMITED,244.239.700,"1,47",A,IB
27-Feb-2026,MAPI,MITRA ADIPERKASA Tbk,FONDITALIA,182.028.152,"1,10",A,MF
27-Feb-2026,MAPI,MITRA ADIPERKASA Tbk,GOVERNMENT OF NORWAY,175.632.500,"1,06",A,OT
27-Feb-2026,MARI,MAHAKA RADIO INTEGRA Tbk,PT. Beyond Media,2.119.299.600,"40,35",L,CP
27-Feb-2026,MARI,MAHAKA RADIO INTEGRA Tbk,"MAHAKA MEDIA TBK, PT",847.726.874,"16,14",L,CP
27-Feb-2026,MARK,MARK DYNAMICS INDONESIA Tbk,TECABLE (HK) CO. LIMITED,1.610.830.489,"42,39",A,OT
27-Feb-2026,MARK,MARK DYNAMICS INDONESIA Tbk,PT DYNA CAPITAL INDO,786.413.062,"20,70",L,CP
27-Feb-2026,MARK,MARK DYNAMICS INDONESIA Tbk,PT MARK CAPITAL INDO,584.957.747,"15,39",L,CP
27-Feb-2026,MARK,MARK DYNAMICS INDONESIA Tbk,CGS INTERNATIONAL SECURITIES SINGAPORE PTE LTD,181.200.500,"4,77",A,IB
27-Feb-2026,MARK,MARK DYNAMICS INDONESIA Tbk,SUTIYOSO BIN RISMAN,51.920.800,"1,37",L,ID
27-Feb-2026,MASB,BANK MULTIARTA SENTOSA Tbk,DANABINA SENTANA,738.500.000,"52,67",L,CP
27-Feb-2026,MASB,BANK MULTIARTA SENTOSA Tbk,MULTI ANEKADANA SAKTI,263.750.000,"18,81",L,CP
27-Feb-2026,MASB,BANK MULTIARTA SENTOSA Tbk,UOB KAY HIAN PRIVATE LIMITED,63.250.000,"4,51",A,SC
27-Feb-2026,MASB,BANK MULTIARTA SENTOSA Tbk,PT FUGUI FLOUR AND GRAIN INDONESIA,55.368.000,"3,95",L,CP
27-Feb-2026,MASB,BANK MULTIARTA SENTOSA Tbk,PT WINGS SURYA,53.841.700,"3,84",L,CP
27-Feb-2026,MASB,BANK MULTIARTA SENTOSA Tbk,PT Lumbung Artakencana,44.562.700,"3,18",L,CP
27-Feb-2026,MASB,BANK MULTIARTA SENTOSA Tbk,PT Alas Pusaka,36.972.700,"2,64",L,CP
27-Feb-2026,MASB,BANK MULTIARTA SENTOSA Tbk,PT Mitrajaya Ekaprana,32.309.000,"2,30",L,CP
27-Feb-2026,MASB,BANK MULTIARTA SENTOSA Tbk,PT HALIM SAKTI,24.760.000,"1,77",L,CP
27-Feb-2026,MASB,BANK MULTIARTA SENTOSA Tbk,SARVOCHA HOLDINGS PTE LTD,17.300.000,"1,23",A,CP
27-Feb-2026,MAXI,MAXINDO KARYA ANUGERAH Tbk,PT BINTANG MULIA GEMILANG,2.964.750.000,"30,85",L,CP
27-Feb-2026,MAXI,MAXINDO KARYA ANUGERAH Tbk,PT KARYA NUSA PERDANA,2.901.859.300,"30,20",L,CP
27-Feb-2026,MAXI,MAXINDO KARYA ANUGERAH Tbk,PT AKASIA MAS INVESTAMA,921.555.420,"9,59",L,CP
27-Feb-2026,MAXI,MAXINDO KARYA ANUGERAH Tbk,ESTA PRIMA INVESTAMA PT,680.343.000,"7,08",L,CP
27-Feb-2026,MAXI,MAXINDO KARYA ANUGERAH Tbk,PT DALLES CAPITAL ASIA,250.000.000,"2,60",L,CP
27-Feb-2026,MAXI,MAXINDO KARYA ANUGERAH Tbk,FREDDY SOEJANDY,181.998.000,"1,89",L,ID
27-Feb-2026,MAXI,MAXINDO KARYA ANUGERAH Tbk,TINA IRAWATY,182.030.709,"1,89",L,ID
27-Feb-2026,MAXI,MAXINDO KARYA ANUGERAH Tbk,HARIATI TUPANG,159.157.360,"1,66",L,ID
27-Feb-2026,MAXI,MAXINDO KARYA ANUGERAH Tbk,HARRY ISTIANTO,148.747.000,"1,55",L,ID
27-Feb-2026,MAYA,BANK MAYAPADA INTERNASIONAL Tbk,MAYAPADA KARUNIA PT,6.023.326.332,"24,16",,
27-Feb-2026,MAYA,BANK MAYAPADA INTERNASIONAL Tbk,TAHIR,5.061.455.771,"19,34",,
27-Feb-2026,MAYA,BANK MAYAPADA INTERNASIONAL Tbk,MAYAPADA KASIH PT,3.213.222.707,"12,28",,
27-Feb-2026,MAYA,BANK MAYAPADA INTERNASIONAL Tbk,CATHAY LIFE INSURANCE CO LTD,2.244.483.676,"8,58",A,IS
27-Feb-2026,MAYA,BANK MAYAPADA INTERNASIONAL Tbk,GATSU GRIYA MEGATAMA,2.290.586.666,"8,75",L,CP
27-Feb-2026,MAYA,BANK MAYAPADA INTERNASIONAL Tbk,CGS INTERNATIONAL SECURITIES SINGAPORE PTE LTD,1.200.000.100,"4,59",A,IB
27-Feb-2026,MAYA,BANK MAYAPADA INTERNASIONAL Tbk,JONATHAN TAHIR,1.542.407.023,"5,89",L,ID
27-Feb-2026,MAYA,BANK MAYAPADA INTERNASIONAL Tbk,UNITY RISE LIMITED,864.724.845,"3,30",A,CP
27-Feb-2026,MAYA,BANK MAYAPADA INTERNASIONAL Tbk,GALASCO INVESTMENTS LIMITED,860.234.661,"3,29",A,CP
27-Feb-2026,MAYA,BANK MAYAPADA INTERNASIONAL Tbk,WINGFIELD GLOBAL TRADING PTE.LTD.,576.940.936,"2,20",A,CP
27-Feb-2026,MAYA,BANK MAYAPADA INTERNASIONAL Tbk,BRILLIANT BAZAAR PTE LTD,560.189.546,"2,14",A,CP
27-Feb-2026,MBAP,MITRABARA ADIPERDANA Tbk,PT WAHANA SENTOSA CEMERLANG,736.363.152,"60,00",L,CP
27-Feb-2026,MBAP,MITRABARA ADIPERDANA Tbk,PT WAHANA BATUBARA INDONESIA,368.181.600,"30,00",L,CP
27-Feb-2026,MBAP,MITRABARA ADIPERDANA Tbk,MAYBANK SINGAPORE LIMITED,50.731.800,"4,13",A,IB
27-Feb-2026,MBAP,MITRABARA ADIPERDANA Tbk,GHAN DJOE HIANG,21.796.900,"1,78",L,ID
27-Feb-2026,MBMA,MERDEKA BATTERY MATERIALS Tbk,"MERDEKA ENERGI NUSANTARA, PT",54.045.287.677,"50,04",L,CP
27-Feb-2026,MBMA,MERDEKA BATTERY MATERIALS Tbk,HUAYONG INTERNATIONAL (HONG KONG) LIMITED,8.149.060.000,"7,55",A,CP
27-Feb-2026,MBMA,MERDEKA BATTERY MATERIALS Tbk,PT. ALAM PERMAI,5.896.520.600,"5,46",L,CP
27-Feb-2026,MBMA,MERDEKA BATTERY MATERIALS Tbk,PT PRIMA LANGIT NUSANTARA,4.375.685.723,"4,05",L,CP
27-Feb-2026,MBMA,MERDEKA BATTERY MATERIALS Tbk,GOSSET HOLDINGS LIMITED,3.561.500.700,"3,30",A,CP
27-Feb-2026,MBMA,MERDEKA BATTERY MATERIALS Tbk,FORTUNE GEMS INVESTMENTS LIMITED,3.134.582.300,"2,90",A,CP
27-Feb-2026,MBMA,MERDEKA BATTERY MATERIALS Tbk,PT PRIMA PUNCAK MULIA,2.937.380.000,"2,72",L,CP
27-Feb-2026,MBMA,MERDEKA BATTERY MATERIALS Tbk,PHILIP SUWARDI PURNAMA,2.522.119.200,"2,34",L,ID
27-Feb-2026,MBMA,MERDEKA BATTERY MATERIALS Tbk,GARIBALDI THOHIR,2.440.854.681,"2,26",L,ID
27-Feb-2026,MBMA,MERDEKA BATTERY MATERIALS Tbk,WINATO KARTONO,2.192.848.313,"2,03",L,ID
27-Feb-2026,MBMA,MERDEKA BATTERY MATERIALS Tbk,PT. SUWARNA ARTA MANDIRI,2.114.430.000,"1,96",L,CP
27-Feb-2026,MBMA,MERDEKA BATTERY MATERIALS Tbk,EDWIN SOERYADJAYA,1.836.504.100,"1,70",L,ID
27-Feb-2026,MBMA,MERDEKA BATTERY MATERIALS Tbk,SANDPIPER GLOBAL FUND,1.149.060.000,"1,06",A,IB
27-Feb-2026,MBMA,MERDEKA BATTERY MATERIALS Tbk,HARDI WIJAYA LIONG,1.123.774.528,"1,04",L,ID
27-Feb-2026,MBSS,MITRABAHTERA SEGARA SEJATI Tbk,PT GALLEY ADHIKA ARNAWAMA,1.443.766.800,"82,50",L,CP
27-Feb-2026,MBSS,MITRABAHTERA SEGARA SEJATI Tbk,SUWANTARA GOTAMA,42.289.300,"2,42",A,ID
27-Feb-2026,MBTO,MARTINA BERTO Tbk,MARTHANA MEGAHAYU INTI,714.999.990,"66,82",L,OT
27-Feb-2026,MBTO,MARTINA BERTO Tbk,PT YULIE SEKURITAS INDONESIA TBK,33.895.600,"3,17",L,SC
27-Feb-2026,MBTO,MARTINA BERTO Tbk,SIAUW YUNUS SUBANDI,28.615.000,"2,67",L,ID
27-Feb-2026,MBTO,MARTINA BERTO Tbk,ADRIANUS ROMANG SURIAT,18.646.400,"1,74",L,ID
27-Feb-2026,MBTO,MARTINA BERTO Tbk,CHANDRA SUGIONO,14.173.000,"1,32",L,ID
27-Feb-2026,MBTO,MARTINA BERTO Tbk,JUNIARTO KURNIAWAN,12.131.000,"1,13",L,ID
27-Feb-2026,MCAS,M CASH INTEGRASI Tbk,PT. 1 INTI DOT COM,116.992.200,"13,48",L,CP
27-Feb-2026,MCAS,M CASH INTEGRASI Tbk,ABELL TECHNOLOGY GLOBAL PTE. LTD.,98.902.300,"11,40",A,CP
27-Feb-2026,MCAS,M CASH INTEGRASI Tbk,BANK OF SINGAPORE LIMITED,83.070.600,"9,57",A,IB
27-Feb-2026,MCAS,M CASH INTEGRASI Tbk,PT QUANTUM CLOVERA INVESTAMA TBK,72.288.200,"8,33",L,SC
27-Feb-2026,MCAS,M CASH INTEGRASI Tbk,MARTIN SUHARLIE,71.054.900,"8,19",A,ID
27-Feb-2026,MCAS,M CASH INTEGRASI Tbk,PT KARYA KARUNIA PERSADA,44.139.900,"5,09",L,CP
27-Feb-2026,MCAS,M CASH INTEGRASI Tbk,PT HERO INTIPUTRA,43.281.000,"4,99",L,CP
27-Feb-2026,MCAS,M CASH INTEGRASI Tbk,PT. KRESNA ASSET MANAGEMENT S/A PT KRESNA USAHA KREATIF,31.702.400,"3,65",L,CP
27-Feb-2026,MCAS,M CASH INTEGRASI Tbk,PT SOTERIA WICAKSANA INVESTAMA,29.912.900,"3,45",L,CP
27-Feb-2026,MCAS,M CASH INTEGRASI Tbk,PT DISTRIBUSI VOUCHER NUSANTARA TBK,24.567.400,"2,83",L,CP
27-Feb-2026,MCAS,M CASH INTEGRASI Tbk,"CONSILIUM EXTENDED OPPORTUNITIES FUND, L.P.",22.839.300,"2,63",A,OT
27-Feb-2026,MCAS,M CASH INTEGRASI Tbk,SANNY NANANG,14.118.300,"1,63",L,ID
27-Feb-2026,MCAS,M CASH INTEGRASI Tbk,RR CAPITAL GROUP PTE. LTD,12.818.400,"1,48",A,CP
27-Feb-2026,MCAS,M CASH INTEGRASI Tbk,PT HIKMAT SUKSES SEJAHTERA,11.835.300,"1,36",L,CP
27-Feb-2026,MCAS,M CASH INTEGRASI Tbk,SANTO SETIAWAN,11.200.000,"1,29",L,ID
27-Feb-2026,MCAS,M CASH INTEGRASI Tbk,PT KRESNA SEKURITAS,11.019.700,"1,27",L,SC
27-Feb-2026,MCAS,M CASH INTEGRASI Tbk,SURYANDY JAHJA,10.659.300,"1,23",L,ID
27-Feb-2026,MCAS,M CASH INTEGRASI Tbk,EDY SUSANTO,10.592.800,"1,22",L,ID
27-Feb-2026,MCOL,PRIMA ANDALAN MANDIRI Tbk,EDIKA AGUNG MANDIRI PT,2.176.000.000,"61,20",L,CP
27-Feb-2026,MCOL,PRIMA ANDALAN MANDIRI Tbk,PT. PRIMA ANDALAN UTAMA,992.000.000,"27,90",L,CP
27-Feb-2026,MCOL,PRIMA ANDALAN MANDIRI Tbk,MANDIRI HERINDO ADIPERKASA TBK PT,74.522.500,"2,10",L,CP
27-Feb-2026,MCOL,PRIMA ANDALAN MANDIRI Tbk,PT. KARYA TEKNIK INVESTAMA,62.701.573,"1,76",L,CP
27-Feb-2026,MCOL,PRIMA ANDALAN MANDIRI Tbk,YENNY HAMIDAH KOEAN,51.857.800,"1,46",L,ID
27-Feb-2026,MCOR,BANK CHINA CONSTRUCTION BANK INDONESIA Tbk,CHINA CONSTRUCTION BANK CORPORATION,22.751.563.707,"60,00",A,CP
27-Feb-2026,MCOR,BANK CHINA CONSTRUCTION BANK INDONESIA Tbk,UOB KAY HIAN PRIVATE LIMITED,3.112.832.456,"8,21",A,SC
27-Feb-2026,MCOR,BANK CHINA CONSTRUCTION BANK INDONESIA Tbk,DRS.JOHNNY,2.509.223.853,"6,62",L,ID
27-Feb-2026,MCOR,BANK CHINA CONSTRUCTION BANK INDONESIA Tbk,APP PURINUSA EKAPERSADA,1.850.000.228,"4,88",L,CP
27-Feb-2026,MCOR,BANK CHINA CONSTRUCTION BANK INDONESIA Tbk,BROADBAND GLOBAL PARTNERS INC,1.671.076.228,"4,41",A,IB
27-Feb-2026,MCOR,BANK CHINA CONSTRUCTION BANK INDONESIA Tbk,PT.TIMUR SUBUR,1.012.500.000,"2,67",L,CP
27-Feb-2026,MCOR,BANK CHINA CONSTRUCTION BANK INDONESIA Tbk,KINGSWOOD UNION CORPORATION,711.275.228,"1,88",A,OT
27-Feb-2026,MCOR,BANK CHINA CONSTRUCTION BANK INDONESIA Tbk,HARDY KOWARA,489.559.002,"1,29",L,ID
27-Feb-2026,MDIA,INTERMEDIA CAPITAL Tbk,PT VISI MEDIA ASIA Tbk,32.658.863.400,"83,28",L,CP
27-Feb-2026,MDIA,INTERMEDIA CAPITAL Tbk,DMS INVESTAMA PT,2.635.000.000,"6,72",L,CP
27-Feb-2026,MDIA,INTERMEDIA CAPITAL Tbk,SUWANTARA GOTAMA,673.700.000,"1,72",A,ID
27-Feb-2026,MDIA,INTERMEDIA CAPITAL Tbk,Topmerit Consulting Limited,663.499.000,"1,69",A,CP
27-Feb-2026,MDIA,INTERMEDIA CAPITAL Tbk,PT Recapital Sekuritas Indonesia (REKENING TAMPUNGAN KSEI UNTUK CLOSED MEMBER-LK001),441.159.000,"1,12",L,SC
27-Feb-2026,MDIY,DAYA INTIGUNA YASA Tbk,MDIH (SINGAPORE) PTE. LTD.,8.939.107.900,"35,49",A,CP
27-Feb-2026,MDIY,DAYA INTIGUNA YASA Tbk,SUNCOAST FINANCIAL INVESTMENTS LTD,5.834.207.200,"23,16",A,CP
27-Feb-2026,MDIY,DAYA INTIGUNA YASA Tbk,TAN YU YEH,3.544.292.500,"14,07",A,ID
27-Feb-2026,MDIY,DAYA INTIGUNA YASA Tbk,TAN YU WEI,1.422.670.200,"5,65",A,ID
27-Feb-2026,MDIY,DAYA INTIGUNA YASA Tbk,MAYBANK SECURITIES PTE. LTD.,909.185.700,"3,61",A,SC
27-Feb-2026,MDIY,DAYA INTIGUNA YASA Tbk,DARWIN CYRIL NOERHADI,521.440.000,"2,07",L,ID
27-Feb-2026,MDKA,MERDEKA COPPER GOLD Tbk,SARATOGA INVESTAMA SEDAYA TBK PT,4.739.493.062,"19,37",L,CP
27-Feb-2026,MDKA,MERDEKA COPPER GOLD Tbk,PT MITRA DAYA MUSTIKA,2.907.302.421,"11,88",L,CP
27-Feb-2026,MDKA,MERDEKA COPPER GOLD Tbk,GARIBALDI THOHIR,1.826.062.554,"7,46",L,ID
27-Feb-2026,MDKA,MERDEKA COPPER GOLD Tbk,PT. SUWARNA ARTA MANDIRI,1.337.254.738,"5,46",L,CP
27-Feb-2026,MDKA,MERDEKA COPPER GOLD Tbk,"HONGKONG BRUNP & CATL CO., LIMITED",1.205.542.539,"4,93",A,CP
27-Feb-2026,MDKA,MERDEKA COPPER GOLD Tbk,PEMDA KABUPATEN BANYUWANGI,973.250.000,"3,98",,
27-Feb-2026,MDKA,MERDEKA COPPER GOLD Tbk,PT SRIVIJAYA KAPITAL,578.401.434,"2,36",L,CP
27-Feb-2026,MDKA,MERDEKA COPPER GOLD Tbk,DJS KETENAGAKERJAAN PROGRAM JAMINAN HARI TUA,527.100.827,"2,15",L,IS
27-Feb-2026,MDKA,MERDEKA COPPER GOLD Tbk,PT TRINUGRAHA THOHIR,484.105.113,"1,98",L,CP
27-Feb-2026,MDKA,MERDEKA COPPER GOLD Tbk,DJS KETENAGAKERJAAN PROGRAM JAMINAN PENSIUN,345.931.724,"1,41",L,IS
27-Feb-2026,MDKA,MERDEKA COPPER GOLD Tbk,SANTOSO KARTONO,303.829.906,"1,24",L,ID
27-Feb-2026,MDKA,MERDEKA COPPER GOLD Tbk,SAKTI WAHYU TRENGGONO,251.617.033,"1,03",L,ID
27-Feb-2026,MDKI,EMDEKI UTAMA Tbk,VIVIAN SETJAKUSUMA,133.612.100,"5,28",L,ID
27-Feb-2026,MDKI,EMDEKI UTAMA Tbk,"EMDE INDUSTRI INVESTAMA, PT",1.646.561.600,"65,08",L,CP
27-Feb-2026,MDKI,EMDEKI UTAMA Tbk,PT DWITUNGGAL PERMATA,65.625.000,"2,59",L,CP
27-Feb-2026,MDKI,EMDEKI UTAMA Tbk,BUDIMULIA INVESTAMA,65.625.000,"2,59",L,CP
27-Feb-2026,MDKI,EMDEKI UTAMA Tbk,SOEKRISMAN,65.625.000,"2,59",,
27-Feb-2026,MDKI,EMDEKI UTAMA Tbk,MEGAH CIPTA INVESTAMA PT,65.625.000,"2,59",,
27-Feb-2026,MDKI,EMDEKI UTAMA Tbk,CIPUTRA CORPORA PT,65.625.000,"2,59",,
27-Feb-2026,MDKI,EMDEKI UTAMA Tbk,DRA MEDYA LENGKEY S.,64.285.600,"2,54",L,ID
27-Feb-2026,MDKI,EMDEKI UTAMA Tbk,YUANTA SEC (HK) CO.LTD A/C CLIENT,34.986.200,"1,38",A,SC
27-Feb-2026,MDLA,MEDELA POTENTIA Tbk,"HETTY SOETIKNO, DRA",9.240.000.000,"65,94",L,ID
27-Feb-2026,MDLA,MEDELA POTENTIA Tbk,PT EKON PRIMA,1.260.000.000,"8,99",L,CP
27-Feb-2026,MDLA,MEDELA POTENTIA Tbk,CITIBANK NEW YORK S/A INTERNATIONAL FINANCE CORPORATION,1.050.000.000,"7,49",A,SC
27-Feb-2026,MDLA,MEDELA POTENTIA Tbk,EXECUTIVE GROWTH FUND,550.662.000,"3,93",A,MF
27-Feb-2026,MDLA,MEDELA POTENTIA Tbk,PROVIDENTIA WEALTH ADVISORY LTD,487.000.000,"3,48",A,IB
27-Feb-2026,MDLA,MEDELA POTENTIA Tbk,ZEDRA TRUST COMPANY (SINGAPORE) LTD AS TRUSTEE OF UNITY GROWTH FUND,384.934.400,"2,75",A,CP
27-Feb-2026,MDLA,MEDELA POTENTIA Tbk,DANA PENSIUN LEMBAGA KEUANGAN AIA FINANCIAL,159.500.000,"1,14",L,PF
27-Feb-2026,MDLA,MEDELA POTENTIA Tbk,FIDELITY FUNDS,157.506.100,"1,12",A,MF
27-Feb-2026,MDLA,MEDELA POTENTIA Tbk,PT ALFA VERITAS ENERGIZER,147.928.500,"1,06",L,CP
27-Feb-2026,MDLN,MODERNLAND REALTY Tbk,"PANIN SEKURITAS Tbk, PT",1.916.346.620,"15,29",L,SC
27-Feb-2026,MDLN,MODERNLAND REALTY Tbk,PT HONORIS CORPORINDO PRATAMA,1.704.064.426,"13,60",L,CP
27-Feb-2026,MDLN,MODERNLAND REALTY Tbk,HAIYANTO,1.216.996.800,"9,71",L,ID
27-Feb-2026,MDLN,MODERNLAND REALTY Tbk,AA LAND PTE LTD,932.515.721,"7,44",A,CP
27-Feb-2026,MDLN,MODERNLAND REALTY Tbk,CGS INTERNATIONAL SECURITIES SINGAPORE PTE LTD,825.600.100,"6,59",A,IB
27-Feb-2026,MDLN,MODERNLAND REALTY Tbk,PT MODERNLAND REALTY TBK,585.750.900,"4,67",L,CP
27-Feb-2026,MDLN,MODERNLAND REALTY Tbk,CASTLE CAPITAL HOLDINGS INC,541.516.356,"4,32",A,OT
27-Feb-2026,MDLN,MODERNLAND REALTY Tbk,PT. BUMI PERKASA PERMAI,301.308.585,"2,40",L,CP
27-Feb-2026,MDLN,MODERNLAND REALTY Tbk,FU DONG INVESTMENT LIMITED,257.500.000,"2,05",A,OT
27-Feb-2026,MDLN,MODERNLAND REALTY Tbk,WELL GAIN FINANCE LIMITED,227.932.710,"1,82",A,OT
27-Feb-2026,MDLN,MODERNLAND REALTY Tbk,MANOJ PITAMBER NANWANI,222.357.300,"1,77",L,ID
27-Feb-2026,MDLN,MODERNLAND REALTY Tbk,"ROSEWOOD STRATEGIC INVESTMENT, PTE. LTD.",193.574.400,"1,54",A,CP
27-Feb-2026,MDLN,MODERNLAND REALTY Tbk,SIWIE HONORIS,185.876.668,"1,48",L,ID
27-Feb-2026,MDLN,MODERNLAND REALTY Tbk,PT. AMAN LANGGENG SENTOSA,152.586.000,"1,22",L,CP
27-Feb-2026,MDLN,MODERNLAND REALTY Tbk,RICHARD,150.036.400,"1,20",L,ID
27-Feb-2026,MDLN,MODERNLAND REALTY Tbk,KOPERASI SIMPAN PINJAM JASA,144.578.000,"1,15",L,OT
27-Feb-2026,MDLN,MODERNLAND REALTY Tbk,IDA BAGUS GEDE SASRA BHANUTAMA,139.075.800,"1,11",L,ID
27-Feb-2026,MDRN,MODERN INTERNASIONAL Tbk,SUNGKONO HONORIS,2.689.080.200,"35,23",L,ID
27-Feb-2026,MDRN,MODERN INTERNASIONAL Tbk,"BUKIT HEDAMA PERMAI, PT",1.608.446.427,"21,07",L,CP
27-Feb-2026,MDRN,MODERN INTERNASIONAL Tbk,ASIALINK ELECTRONICS PTE LTD,602.931.700,"7,90",A,CP
27-Feb-2026,MDRN,MODERN INTERNASIONAL Tbk,CIMB PRIVATE EQUITY SDN BHD,473.640.818,"6,21",A,IB
27-Feb-2026,MDRN,MODERN INTERNASIONAL Tbk,INTI PUTRAMODERN,344.187.500,"4,51",,
27-Feb-2026,MDRN,MODERN INTERNASIONAL Tbk,REKSA DANA MINNA PADI PROPERTY PLUS,143.294.152,"1,88",L,MF
27-Feb-2026,MDRN,MODERN INTERNASIONAL Tbk,SUNARTO CHANDRA,83.495.400,"1,09",L,ID
27-Feb-2026,MEDC,MEDCO ENERGI INTERNASIONAL Tbk,PT. MEDCO DAYA ABADI LESTARI,12.944.140.124,"51,50",L,CP
27-Feb-2026,MEDC,MEDCO ENERGI INTERNASIONAL Tbk,DIAMOND BRIDGE PTE LTD,5.395.205.771,"21,46",A,CP
27-Feb-2026,MEDC,MEDCO ENERGI INTERNASIONAL Tbk,PARADISO RESOURCES LTD,851.237.572,"3,39",A,CP
27-Feb-2026,MEDC,MEDCO ENERGI INTERNASIONAL Tbk,PT MEDCO ENERGI INTERNASIONAL TBK,455.609.908,"1,81",L,CP
27-Feb-2026,MEDC,MEDCO ENERGI INTERNASIONAL Tbk,DJS KETENAGAKERJAAN PROGRAM JAMINAN PENSIUN,254.913.800,"1,01",L,IS
27-Feb-2026,MEDS,HETZER MEDICAL INDONESIA Tbk,JEMMY KURNIAWAN,932.370.900,"59,67",L,ID
27-Feb-2026,MEDS,HETZER MEDICAL INDONESIA Tbk,PT YOVANDO KARYA MEDIKA,50.000.000,"3,20",L,CP
27-Feb-2026,MEDS,HETZER MEDICAL INDONESIA Tbk,PEGGY YOVIES,32.213.600,"2,06",L,ID
27-Feb-2026,MEDS,HETZER MEDICAL INDONESIA Tbk,HERI SANTOSO LIEM,21.100.000,"1,35",L,ID
27-Feb-2026,MEGA,BANK MEGA Tbk,PT MEGA CORPORA,6.812.223.614,"58,02",L,CP
27-Feb-2026,MEGA,BANK MEGA Tbk,PT PRIMA VISUALINDO,574.606.096,"4,89",L,CP
27-Feb-2026,MEGA,BANK MEGA Tbk,PT INDOLIFE PENSIONTAMA,557.170.229,"4,75",L,IS
27-Feb-2026,MEGA,BANK MEGA Tbk,PT MEGAH ERARAHARJA,539.405.447,"4,59",L,CP
27-Feb-2026,MEGA,BANK MEGA Tbk,PT LINTAS SEJAHTERA LANGGENG,528.967.582,"4,51",L,CP
27-Feb-2026,MEGA,BANK MEGA Tbk,INDOFOOD SUKSES MAKMUR TBK,503.634.795,"4,29",L,CP
27-Feb-2026,MEGA,BANK MEGA Tbk,PT INSAN ASIA NUSANTARA,496.699.603,"4,23",L,CP
27-Feb-2026,MEGA,BANK MEGA Tbk,PT ASURANSI CENTRAL ASIA,470.725.335,"4,01",L,IS
27-Feb-2026,MEGA,BANK MEGA Tbk,CHEMINVEST LIMITED,377.687.386,"3,22",A,CP
27-Feb-2026,MEGA,BANK MEGA Tbk,INDOFOOD CBP SUKSES MAKMUR Tbk,355.598.973,"3,03",L,CP
27-Feb-2026,MEGA,BANK MEGA Tbk,PT. SALIM CHEMICALS CORPORA,198.218.057,"1,69",L,CP
27-Feb-2026,MEGA,BANK MEGA Tbk,WINDSOR INVESTMENT FUND LIMITED,133.000.000,"1,13",A,CP
27-Feb-2026,MEJA,HARTA DJAYA KARYA Tbk,"TRIPLE BERKAH BERSAMA, PT",878.845.100,"39,31",L,CP
27-Feb-2026,MEJA,HARTA DJAYA KARYA Tbk,DONNY HARTANTO,87.324.800,"3,91",L,ID
27-Feb-2026,MEJA,HARTA DJAYA KARYA Tbk,RM NOTOSURYOPRABOWO,34.600.000,"1,55",L,ID
27-Feb-2026,MEJA,HARTA DJAYA KARYA Tbk,HENDRA HASAN KUSTARJO,23.600.000,"1,06",L,ID
27-Feb-2026,MEJA,HARTA DJAYA KARYA Tbk,EVAN ISKANDAR,23.740.300,"1,06",L,ID
27-Feb-2026,MENN,MENN TEKNOLOGI INDONESIA Tbk,JORA NILAM JUDGE,263.500.000,"18,37",L,ID
27-Feb-2026,MENN,MENN TEKNOLOGI INDONESIA Tbk,DJONI,70.000.000,"4,88",L,ID
27-Feb-2026,MENN,MENN TEKNOLOGI INDONESIA Tbk,PT. NEGARA MAJU MAKMUR,63.038.700,"4,40",L,CP
27-Feb-2026,MENN,MENN TEKNOLOGI INDONESIA Tbk,ROBETH.J,32.975.600,"2,30",L,ID
27-Feb-2026,MENN,MENN TEKNOLOGI INDONESIA Tbk,PT KALIMANTAN INDAH KEDEPAN,30.872.300,"2,15",L,CP
27-Feb-2026,MENN,MENN TEKNOLOGI INDONESIA Tbk,STEVEN,30.000.000,"2,09",L,ID
27-Feb-2026,MENN,MENN TEKNOLOGI INDONESIA Tbk,LINA JONI,28.000.000,"1,95",L,ID
27-Feb-2026,MENN,MENN TEKNOLOGI INDONESIA Tbk,LAURA JONI,26.500.000,"1,85",L,ID
27-Feb-2026,MENN,MENN TEKNOLOGI INDONESIA Tbk,LORETTA JONI,25.000.000,"1,74",L,ID
27-Feb-2026,MENN,MENN TEKNOLOGI INDONESIA Tbk,YENNY OVIANTI,23.500.000,"1,64",L,ID
27-Feb-2026,MENN,MENN TEKNOLOGI INDONESIA Tbk,MICHAEL ANDY SUSANTO,23.000.000,"1,60",L,ID
27-Feb-2026,MENN,MENN TEKNOLOGI INDONESIA Tbk,ARIEF SENTOSA,20.000.000,"1,39",L,ID
27-Feb-2026,MENN,MENN TEKNOLOGI INDONESIA Tbk,DARVIN WIJAYA SUTANTO,19.800.000,"1,38",L,ID
27-Feb-2026,MENN,MENN TEKNOLOGI INDONESIA Tbk,FLORENSIA KARTINI TEDJA,19.500.000,"1,36",A,ID
27-Feb-2026,MENN,MENN TEKNOLOGI INDONESIA Tbk,MUHAMAD SAMSUL ARIF,14.724.500,"1,03",L,ID
27-Feb-2026,MERI,MERRY RIANA EDUKASI Tbk,MERRY RIANA INDONESIA,599.999.920,"57,96",L,CP
27-Feb-2026,MERI,MERRY RIANA EDUKASI Tbk,"TANCORP INVESTAMA MULIA, PT",200.000.000,"19,32",L,CP
27-Feb-2026,MERK,MERCK Tbk,MERCK HOLDING GMBH,331.483.000,"73,99",,
27-Feb-2026,MERK,MERCK Tbk,EMEDIA EXPORT COMPANY MBH,56.711.920,"12,66",A,CP
27-Feb-2026,MERK,MERCK Tbk,THERESIA SETYOWATI SUROSO,11.195.500,"2,50",L,ID
27-Feb-2026,MERK,MERCK Tbk,CITIBANK NEW YORK S/A RAINBOW FUND LP,9.668.900,"2,16",A,OT
27-Feb-2026,MERK,MERCK Tbk,CACEIS BANK/NON TREATY UCITS CLIENTS,5.285.000,"1,18",A,IB
27-Feb-2026,META,NUSANTARA INFRASTRUCTURE Tbk,PT METRO PACIFIC TOLLWAYS INDONESIA SERVICES,17.204.056.874,"97,14",L,CP
27-Feb-2026,META,NUSANTARA INFRASTRUCTURE Tbk,PT NUSANTARA INFRASTRUCTURE TBK - CPD010982852331,385.455.000,"2,18",L,CP
27-Feb-2026,MFMI,MULTIFILING MITRA INDONESIA Tbk,IRON MOUNTAIN HONG KONG LIMITED,752.632.700,"99,35",A,CP
27-Feb-2026,MGLV,PANCA ANUGRAH WISESA Tbk,NEXTIER DATAMATE CENTER PT,1.500.000.000,"78,74",L,CP
27-Feb-2026,MGLV,PANCA ANUGRAH WISESA Tbk,"TRINUGRAHA THOHIR HARMONI, PT",92.500.000,"4,86",L,CP
27-Feb-2026,MGLV,PANCA ANUGRAH WISESA Tbk,ANDROMEDA TECHNOLOGY INVESTAMA PT,50.500.000,"2,65",L,CP
27-Feb-2026,MGLV,PANCA ANUGRAH WISESA Tbk,CELERA MAKMOER INDONESIA PT,42.000.000,"2,20",L,CP
27-Feb-2026,MGLV,PANCA ANUGRAH WISESA Tbk,CITIBANK HONG KONG S/A PBG CLIENTS SG,33.500.000,"1,76",A,IB
27-Feb-2026,MGLV,PANCA ANUGRAH WISESA Tbk,BANK OF SINGAPORE LIMITED,33.500.000,"1,76",A,IB
27-Feb-2026,MGLV,PANCA ANUGRAH WISESA Tbk,MANDALA TIMUR INVESRINDO PT,29.500.000,"1,55",L,CP
27-Feb-2026,MGNA,MAGNA INVESTAMA MANDIRI Tbk,PT Bhuwanatala Indah Permai Tbk,2.394.283.423,"70,19",L,CP
27-Feb-2026,MGNA,MAGNA INVESTAMA MANDIRI Tbk,SAFIRE CAPITAL PTE.LTD.,180.000.000,"5,28",A,CP
27-Feb-2026,MGNA,MAGNA INVESTAMA MANDIRI Tbk,Sutan Agri Resources Pte Ltd,170.000.000,"4,98",A,CP
27-Feb-2026,MGNA,MAGNA INVESTAMA MANDIRI Tbk,PT GMT INVESTAMA MANDIRI,70.500.000,"2,07",L,SC
27-Feb-2026,MGNA,MAGNA INVESTAMA MANDIRI Tbk,REKSA DANA PACIFIC EQUITY GROWTH FUND,60.000.000,"1,76",L,MF
27-Feb-2026,MGNA,MAGNA INVESTAMA MANDIRI Tbk,SUZANNA TANOJO,49.810.000,"1,46",L,ID
27-Feb-2026,MGNA,MAGNA INVESTAMA MANDIRI Tbk,PT. Victoria Investama Tbk,49.013.600,"1,44",L,CP
27-Feb-2026,MGNA,MAGNA INVESTAMA MANDIRI Tbk,PT. REGIS PRATAMA INDONESIA,48.000.000,"1,41",L,CP
27-Feb-2026,MGNA,MAGNA INVESTAMA MANDIRI Tbk,PT. BINTANG MITRA SEMESTARAYA TBK,48.070.000,"1,41",L,CP
27-Feb-2026,MGNA,MAGNA INVESTAMA MANDIRI Tbk,PT Prolestari Megapersada,47.500.000,"1,39",L,CP
27-Feb-2026,MGNA,MAGNA INVESTAMA MANDIRI Tbk,PT. Askar Pelangi Abadi,42.500.000,"1,25",L,CP
27-Feb-2026,MGNA,MAGNA INVESTAMA MANDIRI Tbk,PT Dwimagna Kapital Indonesia,42.681.300,"1,25",L,CP
27-Feb-2026,MGNA,MAGNA INVESTAMA MANDIRI Tbk,PT Surya Cakra Multi Sarana,36.000.000,"1,06",L,CP
27-Feb-2026,MGRO,MAHKOTA GROUP Tbk,PT MAHKOTA GLOBAL INVESTAMA,2.004.749.900,"56,40",L,CP
27-Feb-2026,MGRO,MAHKOTA GROUP Tbk,MGI INTERNATIONAL HOLDINGS LTD,810.000.000,"22,79",A,CP
27-Feb-2026,MGRO,MAHKOTA GROUP Tbk,MAYBANK SECURITIES PTE. LTD.,176.000.000,"4,95",A,SC
27-Feb-2026,MGRO,MAHKOTA GROUP Tbk,TONY,86.040.700,"2,42",L,ID
27-Feb-2026,MGRO,MAHKOTA GROUP Tbk,PT. MAHKOTA GROUP,65.370.100,"1,84",L,CP
27-Feb-2026,MGRO,MAHKOTA GROUP Tbk,"SURIYANTI, B.Sc",48.000.000,"1,35",L,ID
27-Feb-2026,MGRO,MAHKOTA GROUP Tbk,"Wee Zhen Ting, Jaslin",47.581.200,"1,34",A,ID
27-Feb-2026,MGRO,MAHKOTA GROUP Tbk,JEO SOK CHING,37.239.600,"1,05",L,ID
27-Feb-2026,MGRO,MAHKOTA GROUP Tbk,YOSIN ANGGUSTI,37.053.400,"1,04",L,ID
27-Feb-2026,MHKI,MULTI HANNA KREASINDO Tbk,PT. MULTI HANNA SINERGITAMA,2.947.500.000,"78,60",L,CP
27-Feb-2026,MHKI,MULTI HANNA KREASINDO Tbk,PUSPITA SARI,66.448.800,"1,77",L,ID
27-Feb-2026,MHKI,MULTI HANNA KREASINDO Tbk,YULIANDRI MATALATA,64.933.350,"1,73",L,ID
27-Feb-2026,MHKI,MULTI HANNA KREASINDO Tbk,SHAHABUDDIN,49.500.000,"1,32",L,ID
27-Feb-2026,MICE,MULTI INDOCITRA Tbk,PT. BUANA GRAHA UTAMA,290.014.018,"48,34",L,CP
27-Feb-2026,MICE,MULTI INDOCITRA Tbk,SUKARTO BUJUNG,69.043.300,"11,51",L,ID
27-Feb-2026,MICE,MULTI INDOCITRA Tbk,PT. HOKI INVESTASI SEJATI,39.546.900,"6,59",L,CP
27-Feb-2026,MICE,MULTI INDOCITRA Tbk,WELL GAIN FINANCE LIMITED,23.444.400,"3,91",A,OT
27-Feb-2026,MICE,MULTI INDOCITRA Tbk,CASTLE CAPITAL HOLDINGS INC,23.444.400,"3,91",A,OT
27-Feb-2026,MICE,MULTI INDOCITRA Tbk,FU DONG INVESTMENT LIMITED,23.444.468,"3,91",A,OT
27-Feb-2026,MICE,MULTI INDOCITRA Tbk,MASCOT RESOURCES LIMITED,23.444.468,"3,91",A,PF
27-Feb-2026,MICE,MULTI INDOCITRA Tbk,UOB KAY HIAN PRIVATE LIMITED,18.557.400,"3,09",A,SC
27-Feb-2026,MICE,MULTI INDOCITRA Tbk,MAYBANK SECURITIES PTE. LTD.,12.876.600,"2,15",A,SC
27-Feb-2026,MICE,MULTI INDOCITRA Tbk,LUNTUNGAN HONORIS,12.500.000,"2,08",L,ID
27-Feb-2026,MICE,MULTI INDOCITRA Tbk,PIGEON CORPORATION,11.000.000,"1,83",A,CP
27-Feb-2026,MIDI,MIDI UTAMA INDONESIA Tbk,"SUMBER ALFARIA TRIJAYA, TBK",25.775.473.000,"77,09",L,CP
27-Feb-2026,MIDI,MIDI UTAMA INDONESIA Tbk,PT CAKRAWALA MULIA PRIMA,675.434.300,"2,02",L,CP
27-Feb-2026,MIDI,MIDI UTAMA INDONESIA Tbk,DJOKO SUSANTO,574.927.000,"1,72",L,ID
27-Feb-2026,MIDI,MIDI UTAMA INDONESIA Tbk,PT PERKASA INTERNUSA MANDIRI,564.911.900,"1,69",L,CP
27-Feb-2026,MIDI,MIDI UTAMA INDONESIA Tbk,PT PRUDENTIAL LIFE ASSURANCE,518.240.194,"1,55",L,IS
27-Feb-2026,MIDI,MIDI UTAMA INDONESIA Tbk,GOVERNMENT OF NORWAY,402.767.800,"1,20",A,OT
27-Feb-2026,MIKA,MITRA KELUARGA KARYASEHAT Tbk,PT GRIYA INSANI CAKRA SADAYA,8.991.740.800,"64,65",L,CP
27-Feb-2026,MIKA,MITRA KELUARGA KARYASEHAT Tbk,PT LADANG IRA PANEN,503.562.400,"3,62",L,CP
27-Feb-2026,MIKA,MITRA KELUARGA KARYASEHAT Tbk,PT GIRA SOLE PRIMA,503.870.300,"3,62",L,CP
27-Feb-2026,MIKA,MITRA KELUARGA KARYASEHAT Tbk,PT DIPTANALA BAHANA,481.250.300,"3,46",L,CP
27-Feb-2026,MIKA,MITRA KELUARGA KARYASEHAT Tbk,PT BINA ARTA CHARISMA,475.394.800,"3,42",L,CP
27-Feb-2026,MIKA,MITRA KELUARGA KARYASEHAT Tbk,PT LUCASTA MURNING CEMERLANG,453.060.000,"3,26",L,CP
27-Feb-2026,MIKA,MITRA KELUARGA KARYASEHAT Tbk,GOVERNMENT OF NORWAY,337.692.000,"2,43",A,OT
27-Feb-2026,MIKA,MITRA KELUARGA KARYASEHAT Tbk,RUSTIYAN OEN,181.661.600,"1,31",L,ID
27-Feb-2026,MIKA,MITRA KELUARGA KARYASEHAT Tbk,PT KREASI INOVASI PROSANA,157.100.000,"1,13",L,CP
27-Feb-2026,MINA,SANURHASTA MITRA Tbk,PT BASIS UTAMA PRIMA,3.000.000.000,"30,48",L,CP
27-Feb-2026,MINA,SANURHASTA MITRA Tbk,HAPSORO,1.937.224.659,"19,68",L,ID
27-Feb-2026,MINA,SANURHASTA MITRA Tbk,DJONI,525.000.000,"5,33",L,ID
27-Feb-2026,MINA,SANURHASTA MITRA Tbk,PT SENTOSA BERSAMA MITRA,360.000.000,"3,66",L,CP
27-Feb-2026,MINA,SANURHASTA MITRA Tbk,FIRMANSYAH THEJA,201.626.800,"2,05",L,ID
27-Feb-2026,MINE,SINAR TERANG MANDIRI Tbk,PT MITRA BERKARYA SUKSES SELALU,3.300.000.000,"80,79",L,CP
27-Feb-2026,MINE,SINAR TERANG MANDIRI Tbk,SINJO JEFRY SUMENDAP,172.899.000,"4,23",L,ID
27-Feb-2026,MINE,SINAR TERANG MANDIRI Tbk,BORNEO PRIMA PTE LTD,114.719.200,"2,81",A,CP
27-Feb-2026,MINE,SINAR TERANG MANDIRI Tbk,ARABELLA ENGELITA SUMENDAP,75.551.400,"1,85",L,ID
27-Feb-2026,MINE,SINAR TERANG MANDIRI Tbk,CLARISSA BLANDINA SUMENDAP,75.551.400,"1,85",L,ID
27-Feb-2026,MINE,SINAR TERANG MANDIRI Tbk,ZICO TRUST (S) LTD.,67.473.100,"1,65",A,IB
27-Feb-2026,MIRA,MITRA INTERNATIONAL RESOURCES Tbk,PT. INTI KENCANA PRANAJATI,462.105.014,"11,67",L,CP
27-Feb-2026,MIRA,MITRA INTERNATIONAL RESOURCES Tbk,PT. MITRA MURNI EXPRESSINDO,229.491.667,"5,79",L,CP
27-Feb-2026,MIRA,MITRA INTERNATIONAL RESOURCES Tbk,LEI SIE,196.000.000,"4,95",L,ID
27-Feb-2026,MIRA,MITRA INTERNATIONAL RESOURCES Tbk,JIMMY SUGIARTO,196.000.000,"4,95",L,ID
27-Feb-2026,MIRA,MITRA INTERNATIONAL RESOURCES Tbk,PT. GANDA KARYA MAKMUR,195.000.000,"4,92",L,CP
27-Feb-2026,MIRA,MITRA INTERNATIONAL RESOURCES Tbk,DIANAWATI SALIM,192.380.920,"4,86",L,ID
27-Feb-2026,MIRA,MITRA INTERNATIONAL RESOURCES Tbk,PT MEGA ALVITA,176.511.400,"4,46",L,CP
27-Feb-2026,MIRA,MITRA INTERNATIONAL RESOURCES Tbk,"GUNUNG SINAR BERLIAN, PT",116.049.300,"2,93",L,CP
27-Feb-2026,MIRA,MITRA INTERNATIONAL RESOURCES Tbk,PT FAC INTI INDONESIA,102.499.000,"2,59",L,CP
27-Feb-2026,MIRA,MITRA INTERNATIONAL RESOURCES Tbk,"HALIM MITRADANA INTERNASIONAL, PT",92.507.500,"2,34",L,CP
27-Feb-2026,MIRA,MITRA INTERNATIONAL RESOURCES Tbk,"BENNY SETIAMIHARDJA, SE",85.000.000,"2,15",L,ID
27-Feb-2026,MIRA,MITRA INTERNATIONAL RESOURCES Tbk,IRENE THESMAN,77.676.612,"1,96",L,ID
27-Feb-2026,MIRA,MITRA INTERNATIONAL RESOURCES Tbk,Alfo Jusuf Tjahaya,71.656.900,"1,81",L,ID
27-Feb-2026,MIRA,MITRA INTERNATIONAL RESOURCES Tbk,PT INTIPUTRA FIKASA,48.000.000,"1,21",L,CP
27-Feb-2026,MIRA,MITRA INTERNATIONAL RESOURCES Tbk,"INTI FIKASA SEKURITAS, PT",45.066.500,"1,14",L,SC
27-Feb-2026,MIRA,MITRA INTERNATIONAL RESOURCES Tbk,LINGGARWATA WIBISONO,44.583.400,"1,13",L,ID
27-Feb-2026,MITI,MITRA INVESTINDO Tbk,PT. PRIME ASIA CAPITAL,1.693.367.137,"45,15",L,CP
27-Feb-2026,MITI,MITRA INVESTINDO Tbk,PT INTI BINA UTAMA,1.129.824.572,"30,12",L,CP
27-Feb-2026,MITI,MITRA INVESTINDO Tbk,ANDREAS TJAHJADI,205.526.016,"5,48",L,ID
27-Feb-2026,MITI,MITRA INVESTINDO Tbk,BARUNA HARMONI INVESTAMA PT,59.810.400,"1,59",L,CP
27-Feb-2026,MITI,MITRA INVESTINDO Tbk,PT SAMALA SERASI UTAMA,59.440.600,"1,58",L,CP
27-Feb-2026,MITI,MITRA INVESTINDO Tbk,PT SUMBER SARI REJEKI,55.944.100,"1,49",L,CP
27-Feb-2026,MKAP,MULTIKARYA ASIA PASIFIK RAYA Tbk,PT. INTERNATIONAL SAWO RESOURCES,2.470.000.000,"76,00",L,CP
27-Feb-2026,MKAP,MULTIKARYA ASIA PASIFIK RAYA Tbk,PT SOLUSI INVESTASI PRATAMA,158.955.000,"4,89",L,CP
27-Feb-2026,MKAP,MULTIKARYA ASIA PASIFIK RAYA Tbk,PT MANAJEMEN INVESTA GLOBAL,157.020.000,"4,83",L,CP
27-Feb-2026,MKAP,MULTIKARYA ASIA PASIFIK RAYA Tbk,DJONI SUYANTO,130.000.000,"4,00",L,ID
27-Feb-2026,MKAP,MULTIKARYA ASIA PASIFIK RAYA Tbk,SANI HANDOKO,78.260.800,"2,41",L,ID
27-Feb-2026,MKNT,MITRA KOMUNIKASI NUSANTARA Tbk,PT MONJESS INVESTAMA,1.244.823.662,"22,63",L,CP
27-Feb-2026,MKNT,MITRA KOMUNIKASI NUSANTARA Tbk,PT. SUN INTERNATIONAL CAPITAL,343.750.300,"6,25",L,CP
27-Feb-2026,MKNT,MITRA KOMUNIKASI NUSANTARA Tbk,ASURANSI SIMAS JIWA,275.587.200,"5,01",L,IS
27-Feb-2026,MKNT,MITRA KOMUNIKASI NUSANTARA Tbk,LAUW SUSANTO,271.177.900,"4,93",L,ID
27-Feb-2026,MKNT,MITRA KOMUNIKASI NUSANTARA Tbk,PT. MEGAH ANGKASA PERKASA,259.725.000,"4,72",L,CP
27-Feb-2026,MKNT,MITRA KOMUNIKASI NUSANTARA Tbk,HERMAN HALIM,226.228.500,"4,11",L,ID
27-Feb-2026,MKNT,MITRA KOMUNIKASI NUSANTARA Tbk,REKSA DANA NARADA SAHAM INDONESIA II,181.274.300,"3,30",L,MF
27-Feb-2026,MKNT,MITRA KOMUNIKASI NUSANTARA Tbk,KINGSWOOD UNION CORPORATION,174.538.200,"3,17",A,OT
27-Feb-2026,MKNT,MITRA KOMUNIKASI NUSANTARA Tbk,REKSA DANA NARADA SAHAM INDONESIA,167.289.600,"3,04",L,MF
27-Feb-2026,MKNT,MITRA KOMUNIKASI NUSANTARA Tbk,WITO KALIP,143.205.700,"2,60",L,ID
27-Feb-2026,MKNT,MITRA KOMUNIKASI NUSANTARA Tbk,PT. Askar Pelangi Abadi,140.275.000,"2,55",L,CP
27-Feb-2026,MKNT,MITRA KOMUNIKASI NUSANTARA Tbk,JULIANA,127.369.000,"2,32",L,ID
27-Feb-2026,MKNT,MITRA KOMUNIKASI NUSANTARA Tbk,JOHAN,113.327.300,"2,06",L,ID
27-Feb-2026,MKNT,MITRA KOMUNIKASI NUSANTARA Tbk,MADIK BUJUNG,101.044.600,"1,84",L,ID
27-Feb-2026,MKNT,MITRA KOMUNIKASI NUSANTARA Tbk,ALVIN WIBOWO,68.552.700,"1,25",L,ID
27-Feb-2026,MKNT,MITRA KOMUNIKASI NUSANTARA Tbk,RADIUS ERWIN DA SILVA S. KOM,67.292.900,"1,22",L,ID
27-Feb-2026,MKNT,MITRA KOMUNIKASI NUSANTARA Tbk,REKSA DANA NARADA CAMPURAN I,66.436.100,"1,21",L,MF
27-Feb-2026,MKNT,MITRA KOMUNIKASI NUSANTARA Tbk,DARWIZIN,58.007.500,"1,05",L,ID
27-Feb-2026,MKPI,METROPOLITAN KENTJANA Tbk,PT.Karuna Paramita Propertindo,449.884.150,"47,45",L,CP
27-Feb-2026,MKPI,METROPOLITAN KENTJANA Tbk,PT APRATIMA SEJAHTERA,74.858.027,"7,89",L,CP
27-Feb-2026,MKPI,METROPOLITAN KENTJANA Tbk,PT DWITUNGGAL PERMATA,74.574.027,"7,86",L,CP
27-Feb-2026,MKPI,METROPOLITAN KENTJANA Tbk,PT. PENTA COSMOPOLITAN,71.041.550,"7,49",L,CP
27-Feb-2026,MKPI,METROPOLITAN KENTJANA Tbk,PT BUDITAMA NIRWANA,67.842.027,"7,15",L,CP
27-Feb-2026,MKPI,METROPOLITAN KENTJANA Tbk,SAMUEL INTERNATIONAL,26.696.931,"2,82",L,CP
27-Feb-2026,MKPI,METROPOLITAN KENTJANA Tbk,DRA MEDYA LENGKEY S.,24.857.344,"2,62",L,ID
27-Feb-2026,MKPI,METROPOLITAN KENTJANA Tbk,SOEKRISMAN,24.856.844,"2,62",,
27-Feb-2026,MKPI,METROPOLITAN KENTJANA Tbk,BENYAMIN I SADIKIN,18.642.756,"1,97",L,ID
27-Feb-2026,MKPI,METROPOLITAN KENTJANA Tbk,BOY BERNADI SADIKIN,18.642.759,"1,97",L,ID
27-Feb-2026,MKPI,METROPOLITAN KENTJANA Tbk,EDDY TRISNADI SADIKIN,18.642.756,"1,97",L,ID
27-Feb-2026,MKPI,METROPOLITAN KENTJANA Tbk,IRAWAN HERNADI SADIKIN,18.642.756,"1,97",L,ID
27-Feb-2026,MKTR,MENTHOBI KARYATAMA RAYA Tbk,FUAD HASAN MASYHUR,8.276.210.000,"68,62",L,ID
27-Feb-2026,MKTR,MENTHOBI KARYATAMA RAYA Tbk,"Maktour Bangun Persada, PT",938.790.000,"7,78",L,CP
27-Feb-2026,MKTR,MENTHOBI KARYATAMA RAYA Tbk,GLOBAL LASITA INDONESIA PT,571.419.500,"4,74",L,CP
27-Feb-2026,MKTR,MENTHOBI KARYATAMA RAYA Tbk,WIJAYA KUSUMA INVESTASI PT,555.968.400,"4,61",L,CP
27-Feb-2026,MKTR,MENTHOBI KARYATAMA RAYA Tbk,IRFAH LESTARI,440.503.800,"3,65",L,ID
27-Feb-2026,MKTR,MENTHOBI KARYATAMA RAYA Tbk,PT HIJAU BERKAH PERSADA,395.622.500,"3,28",L,CP
27-Feb-2026,MKTR,MENTHOBI KARYATAMA RAYA Tbk,H. MAWARDI,359.948.200,"2,98",L,ID
27-Feb-2026,MKTR,MENTHOBI KARYATAMA RAYA Tbk,"BANK J.SAFRA SARASIN LTD,SINGAPORE BRANCH FOR CLIENTS A/C",154.500.000,"1,28",A,IB
27-Feb-2026,MLBI,MULTI BINTANG INDONESIA Tbk,HEINEKEN INTERNATIONAL B.V,1.881.951.000,"89,32",A,CP
27-Feb-2026,MLBI,MULTI BINTANG INDONESIA Tbk,ALBIZIA ASEAN TENGGARA FUND,22.793.300,"1,08",A,CP
27-Feb-2026,MLIA,MULIA INDUSTRINDO Tbk,PT. EKA GUNATAMA MANDIRI,2.741.735.320,"41,45",L,CP
27-Feb-2026,MLIA,MULIA INDUSTRINDO Tbk,PT. MULIA GRAHAPERMAI,1.706.693.290,"25,80",L,CP
27-Feb-2026,MLIA,MULIA INDUSTRINDO Tbk,UNITED OVERSEAS BANK NOMINEES (PRIVATE) LIMITED,321.592.500,"4,86",A,CP
27-Feb-2026,MLIA,MULIA INDUSTRINDO Tbk,SAVVY STAR RESOURCES LIMITED,310.743.500,"4,70",A,CP
27-Feb-2026,MLIA,MULIA INDUSTRINDO Tbk,COLOMBUS SUCCESS GROUP LIMITED,308.470.000,"4,66",A,CP
27-Feb-2026,MLIA,MULIA INDUSTRINDO Tbk,DELTASTAR INTERNATIONAL GROUP LIMITED,297.449.600,"4,50",A,CP
27-Feb-2026,MLIA,MULIA INDUSTRINDO Tbk,BELVIDERE RESOURCES LIMITED,206.904.400,"3,13",A,OT
27-Feb-2026,MLIA,MULIA INDUSTRINDO Tbk,"KAWAN ALAM BERSAMA,PT.",121.350.000,"1,83",L,CP
27-Feb-2026,MLIA,MULIA INDUSTRINDO Tbk,STANDARD CHARTERED BANK (SINGAPORE) LIMITED,100.000.000,"1,51",A,IB
27-Feb-2026,MLIA,MULIA INDUSTRINDO Tbk,PT MUTIARA MULTI MAKMUR,68.500.000,"1,04",L,CP
27-Feb-2026,MLPL,MULTIPOLAR Tbk,BANK JULIUS BAER CO. LTD. S/A PT INTI ANUGRAH PROPERTINDO PLEDGED ACC,5.038.581.758,"32,13",L,CP
27-Feb-2026,MLPL,MULTIPOLAR Tbk,UBS AG SINGAPORE BRANCH,2.521.546.248,"16,08",A,IB
27-Feb-2026,MLPL,MULTIPOLAR Tbk,TRIJAYA ANUGERAH PRATAMA,1.552.550.000,"9,90",L,CP
27-Feb-2026,MLPL,MULTIPOLAR Tbk,BANK OF SINGAPORE LIMITED,429.885.500,"2,74",A,IB
27-Feb-2026,MLPL,MULTIPOLAR Tbk,EFENDI,348.548.200,"2,22",L,ID
27-Feb-2026,MLPL,MULTIPOLAR Tbk,CONNERY ASIA LIMITED,258.354.000,"1,65",A,CP
27-Feb-2026,MLPL,MULTIPOLAR Tbk,WIDAYANTI DARMAWAN,183.568.900,"1,17",L,ID
27-Feb-2026,MLPT,MULTIPOLAR TECHNOLOGY Tbk,PT. MULTIPOLAR TBK,1.592.750.000,"84,95",L,CP
27-Feb-2026,MLPT,MULTIPOLAR TECHNOLOGY Tbk,"KHARISMA BUANA NUSANTARA, PT",78.000.000,"4,16",L,CP
27-Feb-2026,MLPT,MULTIPOLAR TECHNOLOGY Tbk,FIRST MEDIA TBK PT,74.379.500,"3,97",L,CP
27-Feb-2026,MLPT,MULTIPOLAR TECHNOLOGY Tbk,JGASIA CAPITAL GROUP PT,37.682.500,"2,01",L,CP
27-Feb-2026,MLPT,MULTIPOLAR TECHNOLOGY Tbk,Resources Fortune LTD,31.000.000,"1,65",A,OT
27-Feb-2026,MLPT,MULTIPOLAR TECHNOLOGY Tbk,PT STAR PACIFIC TBK,19.347.400,"1,03",L,CP
27-Feb-2026,MMIX,MULTI MEDIKA INTERNASIONAL Tbk,PT. MULTI INTI USAHA,2.880.000.000,"59,99",L,CP
27-Feb-2026,MMIX,MULTI MEDIKA INTERNASIONAL Tbk,MENGKY MANGAREK,288.000.000,"6,00",L,ID
27-Feb-2026,MMIX,MULTI MEDIKA INTERNASIONAL Tbk,EVELINE NATALIA SUSANTO,288.000.000,"6,00",L,ID
27-Feb-2026,MMIX,MULTI MEDIKA INTERNASIONAL Tbk,PT RJL MITRA KAPITAL,186.205.000,"3,88",L,CP
27-Feb-2026,MMIX,MULTI MEDIKA INTERNASIONAL Tbk,JACKY RAHARJA,144.631.246,"3,01",L,ID
27-Feb-2026,MMIX,MULTI MEDIKA INTERNASIONAL Tbk,FENY DJOKO SUSANTO,110.622.948,"2,30",L,ID
27-Feb-2026,MMIX,MULTI MEDIKA INTERNASIONAL Tbk,JULIA LEONARDO,105.263.156,"2,19",L,ID
27-Feb-2026,MMIX,MULTI MEDIKA INTERNASIONAL Tbk,PT. SUMBER CAHAYA SINERGI,95.283.752,"1,98",L,CP
27-Feb-2026,MMIX,MULTI MEDIKA INTERNASIONAL Tbk,ANGGARA HANS PRAWIRA,72.324.348,"1,51",L,ID
27-Feb-2026,MMIX,MULTI MEDIKA INTERNASIONAL Tbk,ALLEN FELICIANO,72.000.000,"1,50",L,ID
27-Feb-2026,MMIX,MULTI MEDIKA INTERNASIONAL Tbk,HILLARY JOSEPHINE,72.000.000,"1,50",L,ID
27-Feb-2026,MMIX,MULTI MEDIKA INTERNASIONAL Tbk,SULAIMAN,54.054.054,"1,13",L,ID
27-Feb-2026,MMLP,MEGA MANUNGGAL PROPERTY Tbk,SAKA INDUSTRIAL ARJAYA,6.299.185.199,"91,44",L,CP
27-Feb-2026,MMLP,MEGA MANUNGGAL PROPERTY Tbk,PT. INTIMANUNGGAL MULTI DEVELOPMENT,131.943.000,"1,92",L,CP
27-Feb-2026,MNCN,MEDIA NUSANTARA CITRA Tbk,PT GLOBAL MEDIACOM TBK,6.034.572.756,"40,10",L,CP
27-Feb-2026,MNCN,MEDIA NUSANTARA CITRA Tbk,PT PENDANAAN EFEK INDONESIA,544.209.400,"3,62",L,CP
27-Feb-2026,MNCN,MEDIA NUSANTARA CITRA Tbk,UNIVERSAL MEDIA HOLDINGS CORP,499.954.810,"3,32",A,CP
27-Feb-2026,MNCN,MEDIA NUSANTARA CITRA Tbk,SKAGEN KON-TIKI VERDIPAPIRFOND,375.640.000,"2,50",A,MF
27-Feb-2026,MNCN,MEDIA NUSANTARA CITRA Tbk,BBH BOSTON S/A KOPERNIK GLOBAL ALL-CAP FUND,371.423.200,"2,47",A,MF
27-Feb-2026,MNCN,MEDIA NUSANTARA CITRA Tbk,PT. MNC ASIA HOLDING TBK,311.592.700,"2,07",L,CP
27-Feb-2026,MNCN,MEDIA NUSANTARA CITRA Tbk,"PANIN SEKURITAS Tbk, PT",271.744.590,"1,81",L,SC
27-Feb-2026,MNCN,MEDIA NUSANTARA CITRA Tbk,HEPTAGON FUND ICAV/ KOPERNIK GLOBAL ALL-CAP EQUITY FUND,261.884.300,"1,74",A,MF
27-Feb-2026,MNCN,MEDIA NUSANTARA CITRA Tbk,JABAR INDAH PROPERTINDO PT,233.476.600,"1,55",L,CP
27-Feb-2026,MNCN,MEDIA NUSANTARA CITRA Tbk,TUNDRA SUSTAINABLE FRONTIER FUND,205.547.100,"1,37",A,MF
27-Feb-2026,MOLI,MADUSARI MURNI INDAH Tbk,PT CROPSCO PANEN INDONUSA,1.420.466.476,"52,15",L,CP
27-Feb-2026,MOLI,MADUSARI MURNI INDAH Tbk,Handjojo Rustanto,346.730.596,"12,73",L,ID
27-Feb-2026,MOLI,MADUSARI MURNI INDAH Tbk,INDRA WINARNO,188.654.921,"6,93",L,ID
27-Feb-2026,MOLI,MADUSARI MURNI INDAH Tbk,HENNY RUSTANTO,187.872.849,"6,90",L,ID
27-Feb-2026,MOLI,MADUSARI MURNI INDAH Tbk,HANDAYANI RUSTANTO,148.210.138,"5,44",L,ID
27-Feb-2026,MOLI,MADUSARI MURNI INDAH Tbk,PT. SEJAHTERA INVESTAMA INDAH,147.393.429,"5,41",L,CP
27-Feb-2026,MOLI,MADUSARI MURNI INDAH Tbk,"SANDOJO RUSTANTO, IR",32.003.011,"1,17",L,ID
27-Feb-2026,MOLI,MADUSARI MURNI INDAH Tbk,STANDARD CHARTERED BANK (SINGAPORE) LIMITED,29.015.686,"1,07",A,IB
27-Feb-2026,MORA,MORA TELEMATIKA INDONESIA Tbk,PT CANDRAKARYA MULTIKREASI,8.510.884.260,"35,99",L,CP
27-Feb-2026,MORA,MORA TELEMATIKA INDONESIA Tbk,PT GEMA LINTAS BENUA,7.135.484.421,"30,18",L,CP
27-Feb-2026,MORA,MORA TELEMATIKA INDONESIA Tbk,UOB KAY HIAN PRIVATE LIMITED,1.175.661.800,"4,97",A,SC
27-Feb-2026,MORA,MORA TELEMATIKA INDONESIA Tbk,OAKWELL WORLDWIDE INC.,1.163.453.110,"4,92",A,IB
27-Feb-2026,MORA,MORA TELEMATIKA INDONESIA Tbk,BOQUETE GROUP S.A.,1.150.000.000,"4,86",A,IB
27-Feb-2026,MORA,MORA TELEMATIKA INDONESIA Tbk,CASCADEN INVESTMENT LIMITED,1.143.000.000,"4,83",A,IB
27-Feb-2026,MORA,MORA TELEMATIKA INDONESIA Tbk,CITIBANK HONG KONG S/A CITIBANK HK SA PBG CLIENTS HK,1.141.037.800,"4,83",A,IB
27-Feb-2026,MORA,MORA TELEMATIKA INDONESIA Tbk,FITZGERALD & WILKINSON INVESTMENTS LTD,840.811.900,"3,56",A,IB
27-Feb-2026,MORA,MORA TELEMATIKA INDONESIA Tbk,ARTEMIS WORLDWIDE INC,773.769.200,"3,27",A,IB
27-Feb-2026,MORA,MORA TELEMATIKA INDONESIA Tbk,MORNING BRIGHT INVESTMENTS LIMITED,547.605.200,"2,32",A,CP
27-Feb-2026,MPIX,MITRA PEDAGANG INDONESIA Tbk,PT MADURA PRIMA INVESTAMA,937.500.000,"60,00",L,CP
27-Feb-2026,MPIX,MITRA PEDAGANG INDONESIA Tbk,Abdul Muidz,68.750.000,"4,40",L,ID
27-Feb-2026,MPIX,MITRA PEDAGANG INDONESIA Tbk,PAUL YOUNG,33.832.000,"2,17",L,ID
27-Feb-2026,MPIX,MITRA PEDAGANG INDONESIA Tbk,HENDRA SETIAWAN,25.000.000,"1,60",L,ID
27-Feb-2026,MPIX,MITRA PEDAGANG INDONESIA Tbk,RIO ADETYA RIZKY,25.000.000,"1,60",L,ID
27-Feb-2026,MPMX,MITRA PINASTHIKA MUSTIKA Tbk,SARATOGA INVESTAMA SEDAYA TBK PT,2.530.083.541,"57,67",L,CP
27-Feb-2026,MPMX,MITRA PINASTHIKA MUSTIKA Tbk,PERSADA CAPITAL INVESTAMA,223.150.000,"5,09",L,CP
27-Feb-2026,MPMX,MITRA PINASTHIKA MUSTIKA Tbk,THE NT TST CO S/A CIM INVESTMENT FUND ICAV,145.800.000,"3,32",A,MF
27-Feb-2026,MPMX,MITRA PINASTHIKA MUSTIKA Tbk,REKSA DANA HPAM SYARIAH EKUITAS,93.867.200,"2,14",L,MF
27-Feb-2026,MPMX,MITRA PINASTHIKA MUSTIKA Tbk,"TOSSIN HIMAWAN, DRS",72.429.700,"1,65",L,ID
27-Feb-2026,MPMX,MITRA PINASTHIKA MUSTIKA Tbk,"BUDI SETIADHARMA, SH",63.723.300,"1,45",L,ID
27-Feb-2026,MPMX,MITRA PINASTHIKA MUSTIKA Tbk,LILIANA S GUNAWAN,52.678.000,"1,20",L,ID
27-Feb-2026,MPMX,MITRA PINASTHIKA MUSTIKA Tbk,DANNY WALLA,51.978.000,"1,18",L,ID
27-Feb-2026,MPMX,MITRA PINASTHIKA MUSTIKA Tbk,GOVERNMENT OF NORWAY,45.000.000,"1,03",A,OT
27-Feb-2026,MPOW,MEGAPOWER MAKMUR Tbk,PHILLIP SECURITIES PTE LTD,366.014.114,"44,80",A,SC
27-Feb-2026,MPOW,MEGAPOWER MAKMUR Tbk,KANG JIMMI,91.621.248,"11,21",L,ID
27-Feb-2026,MPOW,MEGAPOWER MAKMUR Tbk,BINA PURI POWER SDN BHD,46.568.689,"5,70",A,CP
27-Feb-2026,MPOW,MEGAPOWER MAKMUR Tbk,ANG KIAM CHAI,44.934.838,"5,50",L,ID
27-Feb-2026,MPOW,MEGAPOWER MAKMUR Tbk,LEE SUHARLIE,44.856.100,"5,49",L,ID
27-Feb-2026,MPOW,MEGAPOWER MAKMUR Tbk,CHOO WING ONN,31.971.800,"3,91",A,ID
27-Feb-2026,MPOW,MEGAPOWER MAKMUR Tbk,HON TIAN KOK,26.535.000,"3,25",A,ID
27-Feb-2026,MPOW,MEGAPOWER MAKMUR Tbk,OEI RONNY AL NG RONNY,25.877.600,"3,17",L,ID
27-Feb-2026,MPOW,MEGAPOWER MAKMUR Tbk,MUHAMMAD NASHRI YONG BIN ABDULLAH,23.999.400,"2,94",A,ID
27-Feb-2026,MPPA,MATAHARI PUTRA PRIMA Tbk,PT. MULTIPOLAR TBK,6.500.840.762,"50,14",L,CP
27-Feb-2026,MPPA,MATAHARI PUTRA PRIMA Tbk,CONSILIUM FRONTIER EQUITY FUND LP,1.148.862.825,"8,86",A,OT
27-Feb-2026,MPPA,MATAHARI PUTRA PRIMA Tbk,THREADMORE CAPITAL LTD,286.824.700,"2,21",A,CP
27-Feb-2026,MPPA,MATAHARI PUTRA PRIMA Tbk,PANBRIDGE INVESTMENTS LTD,250.971.600,"1,94",A,CP
27-Feb-2026,MPRO,MAHA PROPERTI INDONESIA Tbk,JONATHAN TAHIR,3.402.652.500,"34,22",L,ID
27-Feb-2026,MPRO,MAHA PROPERTI INDONESIA Tbk,TAHIR,1.112.500.000,"11,19",L,ID
27-Feb-2026,MPRO,MAHA PROPERTI INDONESIA Tbk,PT. BINTANG EXPRESS SARANA,1.000.000.000,"10,06",L,CP
27-Feb-2026,MPRO,MAHA PROPERTI INDONESIA Tbk,DEWI VICTORIA RIADY,845.000.000,"8,50",,
27-Feb-2026,MPRO,MAHA PROPERTI INDONESIA Tbk,GRACE DEWI RIADY,845.000.000,"8,50",,
27-Feb-2026,MPRO,MAHA PROPERTI INDONESIA Tbk,JANE DEWI TAHIR,845.000.000,"8,50",,
27-Feb-2026,MPRO,MAHA PROPERTI INDONESIA Tbk,UNITY RISE LIMITED,487.182.500,"4,90",A,OT
27-Feb-2026,MPRO,MAHA PROPERTI INDONESIA Tbk,WING HARVEST LIMITED,487.182.500,"4,90",A,OT
27-Feb-2026,MPRO,MAHA PROPERTI INDONESIA Tbk,MICHAEL PUTRA WIJAYA,422.500.000,"4,25",,
27-Feb-2026,MPRO,MAHA PROPERTI INDONESIA Tbk,GALASCO INVESTMENTS LIMITED,404.210.000,"4,07",A,OT
27-Feb-2026,MPXL,MPX LOGISTICS INTERNATIONAL Tbk,YE HUN KI,440.000.000,"22,00",L,ID
27-Feb-2026,MPXL,MPX LOGISTICS INTERNATIONAL Tbk,WIJAYA CANDERA,414.209.900,"20,71",L,ID
27-Feb-2026,MPXL,MPX LOGISTICS INTERNATIONAL Tbk,JAMES SIGIT CHANDRA,400.000.000,"20,00",L,ID
27-Feb-2026,MPXL,MPX LOGISTICS INTERNATIONAL Tbk,PT BOLDE INDONESIA,200.000.000,"10,00",,
27-Feb-2026,MPXL,MPX LOGISTICS INTERNATIONAL Tbk,TJONG TJEN TJHING,80.000.000,"4,00",L,ID
27-Feb-2026,MPXL,MPX LOGISTICS INTERNATIONAL Tbk,PT DENKA LINTAS INDONESIA,80.000.000,"4,00",,
27-Feb-2026,MPXL,MPX LOGISTICS INTERNATIONAL Tbk,"MPX INDONESIA, PT",67.082.700,"3,35",L,CP
27-Feb-2026,MPXL,MPX LOGISTICS INTERNATIONAL Tbk,HSIENNY CHANDRA,58.511.400,"2,93",L,ID
27-Feb-2026,MPXL,MPX LOGISTICS INTERNATIONAL Tbk,ANTON SETYO KRISTANTO,26.738.300,"1,34",L,ID
27-Feb-2026,MPXL,MPX LOGISTICS INTERNATIONAL Tbk,AGUSTINUS KUSNADI,25.780.000,"1,29",L,ID
27-Feb-2026,MRAT,MUSTIKA RATU Tbk,MUSTIKA RATU INVESTAMA,304.772.000,"71,21",L,CP
27-Feb-2026,MRAT,MUSTIKA RATU Tbk,W I L S O N,10.852.400,"2,54",L,ID
27-Feb-2026,MRAT,MUSTIKA RATU Tbk,IR PUDJI HARIANTO,6.575.600,"1,54",L,ID
27-Feb-2026,MRAT,MUSTIKA RATU Tbk,SIAUW YUNUS SUBANDI,6.502.600,"1,52",L,ID
27-Feb-2026,MRAT,MUSTIKA RATU Tbk,PT. CANDRAKIRANA INDAH PERMATA,5.810.500,"1,36",L,CP
27-Feb-2026,MRAT,MUSTIKA RATU Tbk,TJOA KING HOA,5.451.200,"1,27",L,ID
27-Feb-2026,MRAT,MUSTIKA RATU Tbk,TJOA KING HOK-HARTONO,5.356.000,"1,25",L,ID
27-Feb-2026,MRAT,MUSTIKA RATU Tbk,PT PENANAMAN MODAL INDONESIA,5.070.700,"1,18",L,CP
27-Feb-2026,MRAT,MUSTIKA RATU Tbk,PT Prima Solusi Investasi,4.805.600,"1,12",L,CP
27-Feb-2026,MRAT,MUSTIKA RATU Tbk,PT ANGKASA PENJAMINAN INDONESIA,4.696.100,"1,10",L,CP
27-Feb-2026,MREI,MASKAPAI REASURANSI INDONESIA Tbk,PT. GRAHA SENTOSA PERSADA,106.281.536,"20,53",L,CP
27-Feb-2026,MREI,MASKAPAI REASURANSI INDONESIA Tbk,AJB BUMI PUTERA 1912,76.816.535,"14,84",L,IS
27-Feb-2026,MREI,MASKAPAI REASURANSI INDONESIA Tbk,BANK OF SINGAPORE LIMITED,33.145.455,"6,40",A,IB
27-Feb-2026,MREI,MASKAPAI REASURANSI INDONESIA Tbk,BANK JULIUS BAER & CO. LTD,25.866.666,"5,00",A,IB
27-Feb-2026,MREI,MASKAPAI REASURANSI INDONESIA Tbk,STANDARD CHARTERED BANK SG S/A VP BANK A/C SAPPHIRE LINK LTD (ID005464400008),25.800.000,"4,98",A,CP
27-Feb-2026,MREI,MASKAPAI REASURANSI INDONESIA Tbk,CA INDOSUEZ (SWITZERLAND) SA,25.466.666,"4,92",A,IB
27-Feb-2026,MREI,MASKAPAI REASURANSI INDONESIA Tbk,STANDARD CHARTERED BANK SG S/A VP BANK A/C DIAMOND MILLENIUM LTD (ID005464400003),25.333.333,"4,89",A,CP
27-Feb-2026,MREI,MASKAPAI REASURANSI INDONESIA Tbk,LGT BANK AG,22.181.657,"4,28",A,IB
27-Feb-2026,MREI,MASKAPAI REASURANSI INDONESIA Tbk,PT. SELARAS DWIPANTARA PRIMAMUKTI,20.046.871,"3,87",L,CP
27-Feb-2026,MREI,MASKAPAI REASURANSI INDONESIA Tbk,DWIJANTO GONDOKUSUMO,19.490.100,"3,76",L,ID
27-Feb-2026,MREI,MASKAPAI REASURANSI INDONESIA Tbk,YLS SINGAPORE PTE LTD,18.394.678,"3,55",A,CP
27-Feb-2026,MREI,MASKAPAI REASURANSI INDONESIA Tbk,GAN GEE PHO,17.430.971,"3,37",A,ID
27-Feb-2026,MREI,MASKAPAI REASURANSI INDONESIA Tbk,PT. SING LING PERKASA,16.006.555,"3,09",L,CP
27-Feb-2026,MREI,MASKAPAI REASURANSI INDONESIA Tbk,VP BANK LTD SINGAPORE BRANCH,13.850.448,"2,67",A,IB
27-Feb-2026,MREI,MASKAPAI REASURANSI INDONESIA Tbk,413 INVESTMENTS PTE LTD,7.743.656,"1,50",A,CP
27-Feb-2026,MREI,MASKAPAI REASURANSI INDONESIA Tbk,"UNION BANCAIRE PRIVEE, UBP SA SINGAPORE BRANCH",6.000.890,"1,16",A,IB
27-Feb-2026,MREI,MASKAPAI REASURANSI INDONESIA Tbk,DEUTSCHE BK AG (PRIVATE BANKING) SPORE WM CLIENT,5.800.000,"1,12",A,IB
27-Feb-2026,MREI,MASKAPAI REASURANSI INDONESIA Tbk,"SAKANUSA NIAGATAMA, PT",5.333.333,"1,03",L,CP
27-Feb-2026,MSIE,MULTISARANA INTAN EDUKA Tbk,SUZANNA ROSA PRAWIROMARUTO,440.000.000,"30,14",L,ID
27-Feb-2026,MSIE,MULTISARANA INTAN EDUKA Tbk,IMANUEL HERMAN PRAWIROMARUTO,440.000.000,"30,14",L,ID
27-Feb-2026,MSIE,MULTISARANA INTAN EDUKA Tbk,SWANDRIYANI HUDIANTO,220.000.000,"15,07",L,ID
27-Feb-2026,MSIE,MULTISARANA INTAN EDUKA Tbk,SUMINSEN,44.098.800,"3,02",L,ID
27-Feb-2026,MSIE,MULTISARANA INTAN EDUKA Tbk,IVANA WIYONO,39.921.300,"2,73",L,ID
27-Feb-2026,MSIE,MULTISARANA INTAN EDUKA Tbk,HANNA GABRIELLE,39.538.400,"2,71",L,ID
27-Feb-2026,MSIE,MULTISARANA INTAN EDUKA Tbk,PERMATA HEALTH NUSANTARA,26.370.300,"1,81",L,CP
27-Feb-2026,MSIE,MULTISARANA INTAN EDUKA Tbk,Euw Hendry Ernanto,15.100.700,"1,03",L,ID
27-Feb-2026,MSIN,MNC DIGITAL ENTERTAINMENT Tbk,PT.MEDIA NUSANTARA CITRA TBK,30.352.382.400,"50,02",,
27-Feb-2026,MSIN,MNC DIGITAL ENTERTAINMENT Tbk,PT. MNC SEKURITAS,5.274.962.100,"8,69",L,SC
27-Feb-2026,MSIN,MNC DIGITAL ENTERTAINMENT Tbk,PT MEDIA NUSANTARA CITRA TBK,5.096.599.480,"8,40",L,CP
27-Feb-2026,MSIN,MNC DIGITAL ENTERTAINMENT Tbk,PT GLOBAL MEDIACOM TBK,4.838.173.125,"7,97",L,CP
27-Feb-2026,MSIN,MNC DIGITAL ENTERTAINMENT Tbk,PT MNC KAPITAL INDONESIA TBK,2.304.164.068,"3,80",L,CP
27-Feb-2026,MSIN,MNC DIGITAL ENTERTAINMENT Tbk,MNC INTERNATIONAL MIDDLE EAST LIMITED,1.211.620.772,"2,00",A,CP
27-Feb-2026,MSIN,MNC DIGITAL ENTERTAINMENT Tbk,MNC TOURISM INDONESIA TBK,894.310.500,"1,47",L,CP
27-Feb-2026,MSIN,MNC DIGITAL ENTERTAINMENT Tbk,SANREMO VENTURES INC.,702.334.500,"1,16",A,OT
27-Feb-2026,MSIN,MNC DIGITAL ENTERTAINMENT Tbk,PT MNC VISION NETWORKS,653.093.365,"1,08",L,CP
27-Feb-2026,MSIN,MNC DIGITAL ENTERTAINMENT Tbk,STARLIGHT LTD,653.644.565,"1,08",A,CP
27-Feb-2026,MSIN,MNC DIGITAL ENTERTAINMENT Tbk,BELLSTONES LIMITED,606.761.800,"1,00",A,OT
27-Feb-2026,MSJA,MULTI SPUNINDO JAYA Tbk,MAJU SELARAS JAYAMERTA,3.130.000.000,"53,21",L,CP
27-Feb-2026,MSJA,MULTI SPUNINDO JAYA Tbk,PT MAJU SELARAS JAYAMERTA,625.554.244,"10,63",L,CP
27-Feb-2026,MSJA,MULTI SPUNINDO JAYA Tbk,LUNARDI BASUKI,374.000.000,"6,36",L,ID
27-Feb-2026,MSJA,MULTI SPUNINDO JAYA Tbk,SASONGKO BASUKI,374.000.000,"6,36",L,ID
27-Feb-2026,MSJA,MULTI SPUNINDO JAYA Tbk,HARRY HERJANTO,374.000.000,"6,36",,
27-Feb-2026,MSJA,MULTI SPUNINDO JAYA Tbk,HARTONO HERJANTO,374.000.000,"6,36",,
27-Feb-2026,MSJA,MULTI SPUNINDO JAYA Tbk,PT MULTI SPUNINDO JAYA TBK,150.128.500,"2,55",L,CP
27-Feb-2026,MSJA,MULTI SPUNINDO JAYA Tbk,Michelle Tan,147.072.200,"2,50",L,ID
27-Feb-2026,MSJA,MULTI SPUNINDO JAYA Tbk,PT OCBC SEKURITAS INDONESIA,74.000.000,"1,26",L,SC
27-Feb-2026,MSTI,MASTERSYSTEM INFOTAMA Tbk,JUPRI WIJAYA,902.673.334,"28,75",L,ID
27-Feb-2026,MSTI,MASTERSYSTEM INFOTAMA Tbk,EDDY ANTHONY,902.673.334,"28,75",L,ID
27-Feb-2026,MSTI,MASTERSYSTEM INFOTAMA Tbk,JOKO GUNAWAN,862.653.332,"27,48",L,ID
27-Feb-2026,MSTI,MASTERSYSTEM INFOTAMA Tbk,"GSCO LLC S/A TRUFFLE HOUND GLOBAL VALUE, LLC",50.000.000,"1,59",A,OT
27-Feb-2026,MSTI,MASTERSYSTEM INFOTAMA Tbk,GOVERNMENT OF NORWAY,45.386.800,"1,45",A,OT
27-Feb-2026,MSTI,MASTERSYSTEM INFOTAMA Tbk,FIDELITY FUNDS,41.414.000,"1,32",A,MF
27-Feb-2026,MSTI,MASTERSYSTEM INFOTAMA Tbk,PT. AIA FINANCIAL,36.388.400,"1,16",L,IS
27-Feb-2026,MTDL,METRODATA ELECTRONICS Tbk,CIPUTRA CORPORA. PT,4.445.968.890,"36,21",L,CP
27-Feb-2026,MTDL,METRODATA ELECTRONICS Tbk,DRA MEDYA LENGKEY S.,2.038.120.505,"16,60",L,ID
27-Feb-2026,MTDL,METRODATA ELECTRONICS Tbk,PANGOLIN INV MANAG PTE LTD-PANGOLIN ASIA FUND,789.322.840,"6,43",A,IB
27-Feb-2026,MTDL,METRODATA ELECTRONICS Tbk,BOEDIMAN SOEKRISMAN,457.981.795,"3,73",L,ID
27-Feb-2026,MTDL,METRODATA ELECTRONICS Tbk,IWAN PUTRA BRASALI,418.423.665,"3,41",L,ID
27-Feb-2026,MTDL,METRODATA ELECTRONICS Tbk,DRS SURONO SUBEKTI,373.623.200,"3,04",L,ID
27-Feb-2026,MTDL,METRODATA ELECTRONICS Tbk,SUKARTO BUJUNG,317.206.300,"2,58",L,ID
27-Feb-2026,MTDL,METRODATA ELECTRONICS Tbk,PT. HOKI INVESTASI SEJATI,308.651.000,"2,51",L,CP
27-Feb-2026,MTDL,METRODATA ELECTRONICS Tbk,PT BAR INVESTAMA OPTIMA,300.000.000,"2,44",L,CP
27-Feb-2026,MTDL,METRODATA ELECTRONICS Tbk,PT AMB FINANSIAL INDONESIA,285.000.000,"2,32",L,CP
27-Feb-2026,MTDL,METRODATA ELECTRONICS Tbk,VERDIPAPIRFONDET ODIN EMERGING MARKETS,278.500.000,"2,27",A,MF
27-Feb-2026,MTDL,METRODATA ELECTRONICS Tbk,HJ. INNA DJUWITA S.,264.621.565,"2,16",L,ID
27-Feb-2026,MTDL,METRODATA ELECTRONICS Tbk,FIDELITY FUNDS,155.217.700,"1,26",A,MF
27-Feb-2026,MTEL,DAYAMITRA TELEKOMUNIKASI Tbk,PT TELEKOMUNIKASI INDONESIA,60.021.928.043,"71,83",L,CP
27-Feb-2026,MTEL,DAYAMITRA TELEKOMUNIKASI Tbk,PT MALEO INVESTASI INDONESIA,4.993.349.700,"5,98",L,CP
27-Feb-2026,MTEL,DAYAMITRA TELEKOMUNIKASI Tbk,GOVERNMENT OF SINGAPORE,4.450.091.300,"5,33",A,OT
27-Feb-2026,MTEL,DAYAMITRA TELEKOMUNIKASI Tbk,ABU DHABI INVESTMENT AUTHORITY,3.469.587.007,"4,15",A,OT
27-Feb-2026,MTEL,DAYAMITRA TELEKOMUNIKASI Tbk,PT DAYAMITRA TELEKOMUNIKASI TBK,2.489.345.900,"2,98",L,CP
27-Feb-2026,MTEL,DAYAMITRA TELEKOMUNIKASI Tbk,FIRST ABU DHABI BANK,1.655.592.500,"1,98",A,IB
27-Feb-2026,MTFN,CAPITALINC INVESTMENT Tbk,EXPRESS PROFITABLE INVESTMENT LTD,6.720.000.000,"21,10",A,OT
27-Feb-2026,MTFN,CAPITALINC INVESTMENT Tbk,ROULETTE CAPITAL INVESTMENTS LTD,2.967.658.727,"9,32",A,OT
27-Feb-2026,MTFN,CAPITALINC INVESTMENT Tbk,PT. DWINA NATURA,2.936.841.273,"9,22",L,CP
27-Feb-2026,MTFN,CAPITALINC INVESTMENT Tbk,"Dwi Daya Investama, PT",1.641.109.500,"5,15",L,CP
27-Feb-2026,MTFN,CAPITALINC INVESTMENT Tbk,UNITED GOLD CAPITAL LTD,1.450.000.000,"4,55",A,CP
27-Feb-2026,MTFN,CAPITALINC INVESTMENT Tbk,"PIONEER INVESTMENTS, PT",1.313.066.734,"4,12",L,CP
27-Feb-2026,MTFN,CAPITALINC INVESTMENT Tbk,DMS INVESTAMA PT,767.500.000,"2,41",L,CP
27-Feb-2026,MTFN,CAPITALINC INVESTMENT Tbk,PT BIOFUEL INDO SUMATRA,562.500.000,"1,77",L,CP
27-Feb-2026,MTFN,CAPITALINC INVESTMENT Tbk,BFC SPV LIMITED,522.612.765,"1,64",A,IB
27-Feb-2026,MTFN,CAPITALINC INVESTMENT Tbk,REKSA DANA OSO FLORES EQUITY FUND,503.559.000,"1,58",L,MF
27-Feb-2026,MTFN,CAPITALINC INVESTMENT Tbk,"GADING DANALESTARI, PT",494.000.100,"1,55",L,CP
27-Feb-2026,MTFN,CAPITALINC INVESTMENT Tbk,TAN ILLYANA WIJAYA,465.092.200,"1,46",L,ID
27-Feb-2026,MTFN,CAPITALINC INVESTMENT Tbk,DPPK JIWASRAYA,403.450.000,"1,27",L,PF
27-Feb-2026,MTFN,CAPITALINC INVESTMENT Tbk,DBS BANK LTD.,400.000.000,"1,26",A,IB
27-Feb-2026,MTFN,CAPITALINC INVESTMENT Tbk,PETROMINE ENERGY TRADING,350.483.000,"1,10",L,CP
27-Feb-2026,MTFN,CAPITALINC INVESTMENT Tbk,PERUSAHAAN PERSEROAN (PERSERO) PT. ASABRI,351.312.600,"1,10",L,IS
27-Feb-2026,MTFN,CAPITALINC INVESTMENT Tbk,SILVIA DAISY NILASARI. L,345.700.000,"1,09",L,ID
27-Feb-2026,MTFN,CAPITALINC INVESTMENT Tbk,PT. Madani Capital Investment,328.439.603,"1,03",L,CP
27-Feb-2026,MTLA,METROPOLITAN LAND Tbk,PT METROPOLITAN PERSADA INTERNASIONAL,2.809.801.303,"36,70",L,CP
27-Feb-2026,MTLA,METROPOLITAN LAND Tbk,PT. Ciputra Nusantara,1.148.268.950,"15,00",L,CP
27-Feb-2026,MTLA,METROPOLITAN LAND Tbk,PT YULIE SEKURITAS INDONESIA TBK,553.900.961,"7,24",L,SC
27-Feb-2026,MTLA,METROPOLITAN LAND Tbk,FENZA SOFYAN,312.500.000,"4,08",L,ID
27-Feb-2026,MTLA,METROPOLITAN LAND Tbk,PT. INDOLIFE PENSIONTAMA,294.915.000,"3,85",L,IS
27-Feb-2026,MTLA,METROPOLITAN LAND Tbk,MAGNUS JAYA,248.692.851,"3,25",L,ID
27-Feb-2026,MTLA,METROPOLITAN LAND Tbk,MAYBANK SECURITIES PTE. LTD.,216.900.000,"2,83",A,SC
27-Feb-2026,MTLA,METROPOLITAN LAND Tbk,PT DWITUNGGAL PERMATA,202.634.375,"2,65",L,CP
27-Feb-2026,MTLA,METROPOLITAN LAND Tbk,PT. Ciputra Internasional,202.634.375,"2,65",L,CP
27-Feb-2026,MTLA,METROPOLITAN LAND Tbk,HENOCH WEYLIM,170.248.200,"2,22",L,ID
27-Feb-2026,MTLA,METROPOLITAN LAND Tbk,GRACE DEWI BRASALI,156.250.000,"2,04",L,ID
27-Feb-2026,MTLA,METROPOLITAN LAND Tbk,IWAN PUTRA BRASALI,156.250.000,"2,04",L,ID
27-Feb-2026,MTLA,METROPOLITAN LAND Tbk,PT. Gemaindah Intikarya,126.422.300,"1,65",L,CP
27-Feb-2026,MTLA,METROPOLITAN LAND Tbk,PT NIKKO SEKURITAS INDONESIA,85.695.000,"1,12",L,SC
27-Feb-2026,MTLA,METROPOLITAN LAND Tbk,NANDA WIDYA,81.065.344,"1,06",L,ID
27-Feb-2026,MTLA,METROPOLITAN LAND Tbk,REKSA DANA NET DANA BERIMBANG,80.196.000,"1,05",L,MF
27-Feb-2026,MTLA,METROPOLITAN LAND Tbk,"INDOPERKASA SUKSESJAYA REASURANSI, PT",79.843.600,"1,04",L,IS
27-Feb-2026,MTMH,MURNI SADAR Tbk,SUMATERA TEKNINDO,673.458.910,"32,56",L,OT
27-Feb-2026,MTMH,MURNI SADAR Tbk,JACQUELINE SITORUS,437.500.000,"21,15",L,ID
27-Feb-2026,MTMH,MURNI SADAR Tbk,ANDY INDIGO,425.000.000,"20,55",L,ID
27-Feb-2026,MTMH,MURNI SADAR Tbk,THIO IDA,93.689.470,"4,53",L,ID
27-Feb-2026,MTMH,MURNI SADAR Tbk,ZICO TRUST (S) LTD,82.449.300,"3,99",A,OT
27-Feb-2026,MTMH,MURNI SADAR Tbk,CHINA PARADISE H.K. LIMITED,80.884.400,"3,91",A,CP
27-Feb-2026,MTMH,MURNI SADAR Tbk,"SURYA TENGGARA BUANA, PT",74.220.400,"3,59",L,CP
27-Feb-2026,MTMH,MURNI SADAR Tbk,TJHIN TEN CHUN,62.440.000,"3,02",L,ID
27-Feb-2026,MTMH,MURNI SADAR Tbk,BERTHA,31.249.470,"1,51",L,ID
27-Feb-2026,MTPS,META EPSI Tbk,CENTRAL ENERGI PRATAMA,744.329.000,"35,70",L,CP
27-Feb-2026,MTPS,META EPSI Tbk,PT. ANUGERAH PERKASA SEMESTA,713.476.000,"34,22",L,CP
27-Feb-2026,MTPS,META EPSI Tbk,PERUSAHAAN PERSEROAN (PERSERO) PT. ASABRI,104.794.200,"5,03",L,IS
27-Feb-2026,MTPS,META EPSI Tbk,REKSA DANA EMCO MANTAP,40.904.900,"1,96",L,MF
27-Feb-2026,MTPS,META EPSI Tbk,REKSA DANA MINNA PADI PRINGGONDANI SAHAM,36.790.732,"1,76",L,MF
27-Feb-2026,MTPS,META EPSI Tbk,REKSA DANA MINNA PADI PASOPATI SAHAM,23.728.079,"1,14",L,MF
27-Feb-2026,MTRA,MITRA PEMUDA Tbk,"MITRA DITOSAM INDONESIA, PT",594.000.000,"77,14",,
27-Feb-2026,MTRA,MITRA PEMUDA Tbk,BUDIJANTO SIMIN,35.865.000,"4,66",L,ID
27-Feb-2026,MTRA,MITRA PEMUDA Tbk,LILI TANNIS,32.797.300,"4,26",L,ID
27-Feb-2026,MTRA,MITRA PEMUDA Tbk,DEWI KURNIAWATI,28.697.500,"3,73",L,ID
27-Feb-2026,MTRA,MITRA PEMUDA Tbk,"MITRA PERMATA ECON,PT",27.066.900,"3,52",L,CP
27-Feb-2026,MTRA,MITRA PEMUDA Tbk,DBS VICKERS SECS SINGAPORE (PTE) LTD A/C CLIENTS,17.874.100,"2,32",A,SC
27-Feb-2026,MTSM,"METRO REALTY Tbk, PT",YAKIN WISKON,80.396.044,"34,53",L,CP
27-Feb-2026,MTSM,"METRO REALTY Tbk, PT",BARA PTE LTD,48.131.932,"20,67",A,CP
27-Feb-2026,MTSM,"METRO REALTY Tbk, PT",PT PERKASA MAKMUR AMARA,44.674.876,"19,19",L,CP
27-Feb-2026,MTSM,"METRO REALTY Tbk, PT","SURYASAKTI BUDIMARKARTI, PT",15.271.872,"6,56",L,CP
27-Feb-2026,MTSM,"METRO REALTY Tbk, PT",KADIT DEVELOPMENT LIMITED,7.472.800,"3,21",,
27-Feb-2026,MTSM,"METRO REALTY Tbk, PT","PAN MALAYAN SECURITIES PTE, LTD",5.174.400,"2,22",,
27-Feb-2026,MTSM,"METRO REALTY Tbk, PT",PT GROGOL INDAH,4.804.476,"2,06",L,CP
27-Feb-2026,MTSM,"METRO REALTY Tbk, PT",WINDY WILLIAM,4.450.056,"1,91",L,ID
27-Feb-2026,MTSM,"METRO REALTY Tbk, PT",VALENCIA VENLY,4.068.096,"1,75",L,ID
27-Feb-2026,MTSM,"METRO REALTY Tbk, PT","GHO TIE TENG, MR",3.303.600,"1,42",,
27-Feb-2026,MTSM,"METRO REALTY Tbk, PT",GOH YEOK BENG,3.057.200,"1,31",,
27-Feb-2026,MTWI,MALACCA TRUST WUWUNGAN INSURANCE Tbk,"PT. BATAVIA PROSPERINDO INTERNASIONAL, TBK",2.512.097.613,"85,90",L,CP
27-Feb-2026,MTWI,MALACCA TRUST WUWUNGAN INSURANCE Tbk,VIENTJE HARIJANTO,146.082.496,"5,00",L,ID
27-Feb-2026,MTWI,MALACCA TRUST WUWUNGAN INSURANCE Tbk,PT ILTHABI REKATAMA,50.477.502,"1,73",L,CP
27-Feb-2026,MTWI,MALACCA TRUST WUWUNGAN INSURANCE Tbk,YULIANTO HENGKY SAPUTRA,43.867.300,"1,50",L,ID
27-Feb-2026,MTWI,MALACCA TRUST WUWUNGAN INSURANCE Tbk,UOB KAY HIAN PRIVATE LIMITED,43.574.800,"1,49",A,SC
27-Feb-2026,MTWI,MALACCA TRUST WUWUNGAN INSURANCE Tbk,HARJANTO,37.034.758,"1,27",L,ID
27-Feb-2026,MUTU,MUTUAGUNG LESTARI Tbk,SENTRA MUTU HANDAL,990.000.000,"31,50",L,CP
27-Feb-2026,MUTU,MUTUAGUNG LESTARI Tbk,BARUNA BINA UTAMA,880.000.000,"28,00",L,CP
27-Feb-2026,MUTU,MUTUAGUNG LESTARI Tbk,AFDA EKSELENSI LINTAS DUNIA PT,230.000.000,"7,32",L,CP
27-Feb-2026,MUTU,MUTUAGUNG LESTARI Tbk,MARINA LOGISTIK SEJAHTERA PT,129.629.600,"4,12",L,CP
27-Feb-2026,MUTU,MUTUAGUNG LESTARI Tbk,CINDY LAWRENCIA,107.000.000,"3,40",L,ID
27-Feb-2026,MUTU,MUTUAGUNG LESTARI Tbk,SUDIRMAN SIMANGUNSONG,93.013.000,"2,96",L,ID
27-Feb-2026,MUTU,MUTUAGUNG LESTARI Tbk,BARUNA HARMONI INVESTAMA PT,47.537.100,"1,51",L,CP
27-Feb-2026,MYOH,SAMINDO RESOURCES Tbk,ST INTERNATIONAL CORPORATION,1.302.479.275,"59,03",A,OT
27-Feb-2026,MYOH,SAMINDO RESOURCES Tbk,LOW TUCK KWONG,312.776.250,"14,18",L,ID
27-Feb-2026,MYOH,SAMINDO RESOURCES Tbk,PT. STI INDONESIA,100.000.000,"4,53",L,CP
27-Feb-2026,MYOH,SAMINDO RESOURCES Tbk,REKSA DANA SUCORINVEST EQUITY PRIMA FUND,79.529.800,"3,60",L,MF
27-Feb-2026,MYOH,SAMINDO RESOURCES Tbk,ENER-MINE GLOBAL CO.LTD,71.579.750,"3,24",A,CP
27-Feb-2026,MYOH,SAMINDO RESOURCES Tbk,REKSA DANA SUCORINVEST SHARIA EQUITY FUND,50.463.500,"2,29",L,MF
27-Feb-2026,MYOH,SAMINDO RESOURCES Tbk,ENGKI WIBOWO,42.222.500,"1,91",L,ID
27-Feb-2026,MYOH,SAMINDO RESOURCES Tbk,REKSA DANA SUCORINVEST EQUITY FUND,42.245.800,"1,91",L,MF
27-Feb-2026,MYOH,SAMINDO RESOURCES Tbk,JENNY QUANTERO,34.796.250,"1,58",L,ID
27-Feb-2026,MYOH,SAMINDO RESOURCES Tbk,REKSA DANA SUCORINVEST DANA SEHAT BERIMBANG,22.201.400,"1,01",L,MF
27-Feb-2026,MYOR,MAYORA INDAH Tbk,UNITA BRANINDO,7.363.121.900,"32,93",,
27-Feb-2026,MYOR,MAYORA INDAH Tbk,MAYORA DHANA UTAMA,5.844.349.525,"26,14",,
27-Feb-2026,MYOR,MAYORA INDAH Tbk,JOGI HENDRA ATMADJA,5.638.834.400,"25,22",,
27-Feb-2026,MYOR,MAYORA INDAH Tbk,GOVERNMENT OF NORWAY,348.466.675,"1,56",A,OT
27-Feb-2026,MYOR,MAYORA INDAH Tbk,PT PRUDENTIAL LIFE ASSURANCE,274.736.925,"1,23",L,IS
27-Feb-2026,MYOR,MAYORA INDAH Tbk,FIDELITY FUNDS,276.085.800,"1,23",A,MF
27-Feb-2026,MYTX,ASIA PACIFIC INVESTAMA Tbk,INDAH JAYA INVESTAMA PT,5.662.429.162,"73,09",L,CP
27-Feb-2026,MYTX,ASIA PACIFIC INVESTAMA Tbk,PRIMA GRAHA HIBURAN PT,1.434.131.954,"18,51",L,CP
27-Feb-2026,MYTX,ASIA PACIFIC INVESTAMA Tbk,MOESAROPAH LIEM,151.945.640,"1,96",L,ID
27-Feb-2026,NAIK,ADIWARNA ANUGERAH ABADI Tbk,PT ADIWARNA ANUGERAH INVESTAMA,1.814.383.600,"54,53",L,CP
27-Feb-2026,NAIK,ADIWARNA ANUGERAH ABADI Tbk,ERNAWATI,342.808.200,"10,30",L,ID
27-Feb-2026,NAIK,ADIWARNA ANUGERAH ABADI Tbk,JOHANNES,322.808.200,"9,70",L,ID
27-Feb-2026,NANO,NANOTECH INDONESIA GLOBAL Tbk,"NANOTECH INVESTAMA SEDAYA, PT",2.035.727.987,"47,50",L,CP
27-Feb-2026,NANO,NANOTECH INDONESIA GLOBAL Tbk,PT SOFTBANK VENTURA INDONESIA,225.000.000,"5,25",L,CP
27-Feb-2026,NANO,NANOTECH INDONESIA GLOBAL Tbk,ADITYA ANANTA,178.660.013,"4,17",L,ID
27-Feb-2026,NANO,NANOTECH INDONESIA GLOBAL Tbk,LDA CAPITAL LIMITED,150.000.000,"3,50",A,CP
27-Feb-2026,NANO,NANOTECH INDONESIA GLOBAL Tbk,ASSYAFFA WAFIQAH,106.742.500,"2,49",L,ID
27-Feb-2026,NANO,NANOTECH INDONESIA GLOBAL Tbk,SIAUW YUNUS SUBANDI,71.634.600,"1,67",L,ID
27-Feb-2026,NANO,NANOTECH INDONESIA GLOBAL Tbk,PT ALIBABA INVESTAMA INDONESIA,67.585.800,"1,58",L,CP
27-Feb-2026,NANO,NANOTECH INDONESIA GLOBAL Tbk,RUMAISHA NAILA IZZATI,59.001.100,"1,38",L,ID
27-Feb-2026,NANO,NANOTECH INDONESIA GLOBAL Tbk,TEDDY KURNIAWAN,49.987.100,"1,17",L,ID
27-Feb-2026,NASA,ANDALAN PERKASA ABADI Tbk,PT Sinar Cemerlang Jayaraya,4.700.600.000,"42,71",L,CP
27-Feb-2026,NASA,ANDALAN PERKASA ABADI Tbk,"CAPITAL GLOBAL FINANCIAL, PT",547.410.000,"4,97",L,CP
27-Feb-2026,NASA,ANDALAN PERKASA ABADI Tbk,REKSA DANA GEMILANG DANA SAHAM INDONESIA,540.446.700,"4,91",L,MF
27-Feb-2026,NASA,ANDALAN PERKASA ABADI Tbk,DANNY NUGROHO,478.149.000,"4,34",L,ID
27-Feb-2026,NASA,ANDALAN PERKASA ABADI Tbk,PT ABADI USAHA JAYARAYA,431.775.000,"3,92",L,CP
27-Feb-2026,NASA,ANDALAN PERKASA ABADI Tbk,REKSA DANA FOSTER EQUITY FUND,403.310.000,"3,66",L,MF
27-Feb-2026,NASA,ANDALAN PERKASA ABADI Tbk,PT.Pacific Indocorpora Indonesia,331.028.600,"3,01",L,CP
27-Feb-2026,NASA,ANDALAN PERKASA ABADI Tbk,PT INIGO GLOBAL CAPITAL,327.000.000,"2,97",L,CP
27-Feb-2026,NASA,ANDALAN PERKASA ABADI Tbk,PT. Sejahtera Mahkota Persada,325.935.000,"2,96",L,CP
27-Feb-2026,NASA,ANDALAN PERKASA ABADI Tbk,Rudy Purnomo,304.500.000,"2,77",L,ID
27-Feb-2026,NASA,ANDALAN PERKASA ABADI Tbk,PERUSAHAAN PERSEROAN (PERSERO) PT. ASABRI,258.823.128,"2,35",L,IS
27-Feb-2026,NASA,ANDALAN PERKASA ABADI Tbk,PT TIRTA CITRA SOLUSI,215.000.000,"1,95",L,CP
27-Feb-2026,NASA,ANDALAN PERKASA ABADI Tbk,PT NILA BANYU PERMAI,204.400.000,"1,86",L,CP
27-Feb-2026,NASA,ANDALAN PERKASA ABADI Tbk,"ZED UTAMA PERSADA, PT",167.405.100,"1,52",L,CP
27-Feb-2026,NASA,ANDALAN PERKASA ABADI Tbk,PT PACIFIC CAPITAL INVESTMENT,115.935.000,"1,05",L,SC
27-Feb-2026,NASA,ANDALAN PERKASA ABADI Tbk,REKSA DANA EMCO MANTAP,113.529.200,"1,03",L,MF
27-Feb-2026,NASI,WAHANA INTI MAKMUR Tbk,PIERO MUSTAFA,341.016.000,"42,24",L,ID
27-Feb-2026,NASI,WAHANA INTI MAKMUR Tbk,PT. MODIS CIPTA KREASI,216.080.000,"26,76",L,CP
27-Feb-2026,NASI,WAHANA INTI MAKMUR Tbk,WAHANA KREASI INVESTAMA,18.288.000,"2,27",L,CP
27-Feb-2026,NASI,WAHANA INTI MAKMUR Tbk,HARTARTO CIPUTRA,14.000.000,"1,73",L,ID
27-Feb-2026,NASI,WAHANA INTI MAKMUR Tbk,JIE XU,12.181.200,"1,51",A,ID
27-Feb-2026,NASI,WAHANA INTI MAKMUR Tbk,SURYA NURPATRIA NUSA,10.292.100,"1,27",L,ID
27-Feb-2026,NASI,WAHANA INTI MAKMUR Tbk,JANG AGUNG HANDOKO,10.075.200,"1,25",L,ID
27-Feb-2026,NATO,SURYA PERMATA ANDALAN Tbk,PT MERCURY STRATEGIC INDONESIA,2.150.000.000,"26,87",L,CP
27-Feb-2026,NATO,SURYA PERMATA ANDALAN Tbk,PT SUKSES MAKMUR JAYAPRATAMA,853.663.399,"10,67",L,CP
27-Feb-2026,NATO,SURYA PERMATA ANDALAN Tbk,COLUMBIA GLOBAL PARTNERS PTE LTD,393.638.048,"4,92",A,CP
27-Feb-2026,NATO,SURYA PERMATA ANDALAN Tbk,PT CIPTA DINAMIKA ANDALAN,383.730.900,"4,80",L,CP
27-Feb-2026,NATO,SURYA PERMATA ANDALAN Tbk,QUANTUM SUMMIT LIMITED,382.000.000,"4,77",A,CP
27-Feb-2026,NATO,SURYA PERMATA ANDALAN Tbk,PT SIMAS PRIMA MAKSIMA,375.000.000,"4,69",L,CP
27-Feb-2026,NATO,SURYA PERMATA ANDALAN Tbk,BLUE NOVA HOLDINGS LIMITED,375.000.000,"4,69",A,CP
27-Feb-2026,NATO,SURYA PERMATA ANDALAN Tbk,PT BATAVIA DANA MAXIMA,374.650.000,"4,68",L,CP
27-Feb-2026,NATO,SURYA PERMATA ANDALAN Tbk,PT BNP PESONA PRIMA,373.560.000,"4,67",L,CP
27-Feb-2026,NATO,SURYA PERMATA ANDALAN Tbk,ASIAWIDE ( H.K.) LIMITED,372.857.300,"4,66",A,CP
27-Feb-2026,NATO,SURYA PERMATA ANDALAN Tbk,PT SETIABUDI DANA PROTEKSI,372.294.000,"4,65",L,CP
27-Feb-2026,NATO,SURYA PERMATA ANDALAN Tbk,AEGON INVESTMENT PTE LTD,370.960.000,"4,64",A,CP
27-Feb-2026,NATO,SURYA PERMATA ANDALAN Tbk,WELLINGTON INVESTMENTS PTE.LTD,365.602.664,"4,57",A,CP
27-Feb-2026,NATO,SURYA PERMATA ANDALAN Tbk,PT. ALANA CIPTA SELARAS,146.238.400,"1,83",L,CP
27-Feb-2026,NATO,SURYA PERMATA ANDALAN Tbk,DRAGON LINK ENTERPRISES CORPORATION,123.589.700,"1,54",A,CP
27-Feb-2026,NATO,SURYA PERMATA ANDALAN Tbk,PT ARIMA KARYA PERSADA,112.418.788,"1,41",L,CP
27-Feb-2026,NATO,SURYA PERMATA ANDALAN Tbk,ASURANSI SIMAS JIWA,100.054.550,"1,25",L,IS
27-Feb-2026,NATO,SURYA PERMATA ANDALAN Tbk,"ZED UTAMA PERSADA, PT",97.633.800,"1,22",L,CP
27-Feb-2026,NAYZ,HASSANA BOGA SEJAHTERA TBK,PT. Asia Intrainvesta,1.581.000.000,"62,00",L,CP
27-Feb-2026,NAYZ,HASSANA BOGA SEJAHTERA TBK,IRMAN,330.563.000,"12,96",L,ID
27-Feb-2026,NAYZ,HASSANA BOGA SEJAHTERA TBK,ADVANCE OPPORTUNITIES FUND,80.447.500,"3,15",A,MF
27-Feb-2026,NAYZ,HASSANA BOGA SEJAHTERA TBK,MUHAMMAD SARJONO,65.000.000,"2,55",L,ID
27-Feb-2026,NAYZ,HASSANA BOGA SEJAHTERA TBK,NABILA PUTRI SHARIVA SADAT,53.980.600,"2,12",L,ID
27-Feb-2026,NAYZ,HASSANA BOGA SEJAHTERA TBK,AHMAD RAFI ASHRAFUSADAT,47.319.706,"1,86",L,ID
27-Feb-2026,NAYZ,HASSANA BOGA SEJAHTERA TBK,ERIC HERMAWAN,31.315.700,"1,23",L,ID
27-Feb-2026,NCKL,TRIMEGAH BANGUN PERSADA Tbk,GLENCORE INTERNATIONAL INVESTMENTS LTD.,4.103.450.800,"6,50",A,OT
27-Feb-2026,NCKL,TRIMEGAH BANGUN PERSADA Tbk,HARITA JAYARAYA,1.996.500.000,"3,16",L,CP
27-Feb-2026,NCKL,TRIMEGAH BANGUN PERSADA Tbk,BANGKOK BANK PUBLIC COMPANY LIMITED,1.498.389.500,"2,37",A,IB
27-Feb-2026,NELY,PELAYARAN NELLY DWI PUTRI Tbk,"HASKOJAYA ABADI,PT",1.970.091.600,"83,83",L,CP
27-Feb-2026,NELY,PELAYARAN NELLY DWI PUTRI Tbk,NOAH SHIPPING PTE LTD,188.508.800,"8,02",A,CP
27-Feb-2026,NELY,PELAYARAN NELLY DWI PUTRI Tbk,WILLIAM GOMEZ,28.540.000,"1,21",L,ID
27-Feb-2026,NEST,ESTA INDONESIA Tbk,HOO ANTON SISWANTO,3.104.246.700,"75,48",L,ID
27-Feb-2026,NEST,ESTA INDONESIA Tbk,CITIBANK HONG KONG S/A PBG CLIENTS SG,206.000.000,"5,01",A,IB
27-Feb-2026,NEST,ESTA INDONESIA Tbk,XIAMEN YAN PALACE BIRD'S NEST INDUSTRY CO LTD,205.625.000,"5,00",A,CP
27-Feb-2026,NEST,ESTA INDONESIA Tbk,PT BUMI ABADI INDONESIA,150.125.000,"3,65",L,CP
27-Feb-2026,NEST,ESTA INDONESIA Tbk,PT. Tilsoft Solusindo Indonesia,82.525.000,"2,01",L,CP
27-Feb-2026,NEST,ESTA INDONESIA Tbk,CIELO SUKSES SEJAHTERA PT,70.845.700,"1,72",L,CP
27-Feb-2026,NEST,ESTA INDONESIA Tbk,CHEN WENBIAO,55.430.800,"1,35",A,ID
27-Feb-2026,NEST,ESTA INDONESIA Tbk,PT ARUNA JAYA INVESTAMA,50.000.000,"1,22",L,CP
27-Feb-2026,NETV,MDTV MEDIA TECHNOLOGIES Tbk,PT MD PICTURES TBK,33.109.887.166,"80,05",L,CP
27-Feb-2026,NETV,MDTV MEDIA TECHNOLOGIES Tbk,PT. KARYA MEDIA INVESTINDO,3.309.636.706,"8,00",L,CP
27-Feb-2026,NETV,MDTV MEDIA TECHNOLOGIES Tbk,PT TELADAN INVESTAMA,1.173.190.499,"2,84",L,CP
27-Feb-2026,NETV,MDTV MEDIA TECHNOLOGIES Tbk,SINERGI LINTAS MEDIA,1.084.087.994,"2,62",L,CP
27-Feb-2026,NETV,MDTV MEDIA TECHNOLOGIES Tbk,PT SEMANGAT BAMBU RUNCING,644.025.966,"1,56",L,CP
27-Feb-2026,NETV,MDTV MEDIA TECHNOLOGIES Tbk,PT PILAR JAYA INVESTAMA,417.595.791,"1,01",L,CP
27-Feb-2026,NFCX,NFC INDONESIA Tbk,PT. KRESNA ASSET MANAGEMENT S/A PT. M CASH INTEGRASI TBK,341.953.100,"51,29",L,CP
27-Feb-2026,NFCX,NFC INDONESIA Tbk,PT. 1 INTI DOT COM,78.978.300,"11,85",L,CP
27-Feb-2026,NFCX,NFC INDONESIA Tbk,BANK OF SINGAPORE LIMITED,40.290.920,"6,04",A,IB
27-Feb-2026,NFCX,NFC INDONESIA Tbk,SANNY NANANG,23.930.000,"3,59",L,ID
27-Feb-2026,NFCX,NFC INDONESIA Tbk,PT KARYA KARUNIA PERSADA,16.706.200,"2,51",L,CP
27-Feb-2026,NFCX,NFC INDONESIA Tbk,PT. MANDIRI TERANG HARAPAN,14.475.900,"2,17",L,CP
27-Feb-2026,NFCX,NFC INDONESIA Tbk,RUSTIYAN OEN,11.393.700,"1,71",L,ID
27-Feb-2026,NFCX,NFC INDONESIA Tbk,NINIK KUSUMOWATI TJAHJONO,10.347.600,"1,55",L,ID
27-Feb-2026,NFCX,NFC INDONESIA Tbk,PT KEJORA DIGITAL INVESTAMA,9.832.200,"1,47",L,CP
27-Feb-2026,NFCX,NFC INDONESIA Tbk,ISENTA HIOE,8.823.800,"1,32",L,ID
27-Feb-2026,NFCX,NFC INDONESIA Tbk,PT SOTERIA WICAKSANA INVESTAMA,8.279.700,"1,24",L,CP
27-Feb-2026,NFCX,NFC INDONESIA Tbk,PT GRIYA INSANI CAKRA SADAYA,6.830.000,"1,02",L,CP
27-Feb-2026,NICE,ADHI KARTIKO PRATAMA Tbk,"ENERGY BATTERY INDONESIA, PT",4.231.395.615,"69,57",L,CP
27-Feb-2026,NICE,ADHI KARTIKO PRATAMA Tbk,SUNGAI MAS MINERALS PT,634.220.385,"10,43",L,CP
27-Feb-2026,NICE,ADHI KARTIKO PRATAMA Tbk,PT INDO TAMBANGRAYA MEGAH TBK,585.000.000,"9,62",L,CP
27-Feb-2026,NICE,ADHI KARTIKO PRATAMA Tbk,PT CELEBES MINERAL SEJAHTERA,286.087.300,"4,70",L,CP
27-Feb-2026,NICE,ADHI KARTIKO PRATAMA Tbk,PT DELTA EMAS FORTUNA,98.011.500,"1,61",L,CP
27-Feb-2026,NICK,CHARNIC CAPITAL Tbk,PT. INDOVEST CENTRAL,375.088.800,"57,60",L,CP
27-Feb-2026,NICK,CHARNIC CAPITAL Tbk,PT. OKANSA INDONESIA,113.164.000,"17,38",L,CP
27-Feb-2026,NICK,CHARNIC CAPITAL Tbk,BOOM SECURITIES (H.K.) LIMITED,32.354.300,"4,97",A,SC
27-Feb-2026,NICK,CHARNIC CAPITAL Tbk,BANK JULIUS BAER AND CO. LTD. HONG KONG,31.500.000,"4,84",A,IB
27-Feb-2026,NICK,CHARNIC CAPITAL Tbk,Phillip Securities (Hong Kong) Limited,28.299.400,"4,35",A,SC
27-Feb-2026,NICK,CHARNIC CAPITAL Tbk,FREDDY SANTOSO,22.105.000,"3,39",L,ID
27-Feb-2026,NICK,CHARNIC CAPITAL Tbk,PT OKANSA FUJI SHOSHA,19.569.300,"3,01",L,CP
27-Feb-2026,NICK,CHARNIC CAPITAL Tbk,PT. PROSPERINDO UTAMA,10.738.400,"1,65",L,CP
27-Feb-2026,NICK,CHARNIC CAPITAL Tbk,ARIOSTA,8.504.500,"1,31",L,ID
27-Feb-2026,NICL,PAM MINERAL Tbk,"Pam Metalindo, PT",4.597.500.000,"43,23",L,CP
27-Feb-2026,NICL,PAM MINERAL Tbk,PT ARTHA PERDANA INVESTAMA,3.065.000.000,"28,82",,
27-Feb-2026,NICL,PAM MINERAL Tbk,VERONICA PUDJIATI LIAS,373.405.700,"3,51",L,ID
27-Feb-2026,NICL,PAM MINERAL Tbk,DIANITA,361.045.100,"3,39",L,ID
27-Feb-2026,NICL,PAM MINERAL Tbk,ROBBY WIDJAJA,317.861.100,"2,99",L,ID
27-Feb-2026,NICL,PAM MINERAL Tbk,SANSAN,181.532.200,"1,71",L,ID
27-Feb-2026,NICL,PAM MINERAL Tbk,DYAH CITRA IMI,171.313.100,"1,61",L,ID
27-Feb-2026,NICL,PAM MINERAL Tbk,LEONARDUS SUTARMAN,144.566.100,"1,36",L,ID
27-Feb-2026,NIKL,PELAT TIMAH NUSANTARA Tbk,NIPPON STEEL CORPORATION,883.172.500,"35,00",A,CP
27-Feb-2026,NIKL,PELAT TIMAH NUSANTARA Tbk,KRAKATAU STEEL (PERSERO) TBK PT.,507.476.250,"20,11",L,CP
27-Feb-2026,NIKL,PELAT TIMAH NUSANTARA Tbk,PERUSAHAAN PERSEROAN (PERSERO) PT. ASABRI,260.152.600,"10,31",L,IS
27-Feb-2026,NIKL,PELAT TIMAH NUSANTARA Tbk,"MITSUI + CO., LTD.",252.335.000,"10,00",A,CP
27-Feb-2026,NIKL,PELAT TIMAH NUSANTARA Tbk,NIPPON STEEL TRADING CORPORATION,126.167.500,"5,00",A,CP
27-Feb-2026,NIKL,PELAT TIMAH NUSANTARA Tbk,NOMURA SINGAPORE LIMITED S/A METAL ONE CORPORATION,126.167.500,"5,00",A,CP
27-Feb-2026,NIKL,PELAT TIMAH NUSANTARA Tbk,Reksa Dana Pan Arcadia Dana Saham Bertumbuh,35.988.800,"1,43",L,MF
27-Feb-2026,NIKL,PELAT TIMAH NUSANTARA Tbk,REKSA DANA POOL ADVISTA KAPITAL OPTIMAL,34.582.500,"1,37",L,MF
27-Feb-2026,NINE,TECHNO9 INDONESIA Tbk,POH HOLDINGS PTE LTD,773.352.631,"35,85",A,CP
27-Feb-2026,NINE,TECHNO9 INDONESIA Tbk,DJONI,110.000.000,"5,10",L,ID
27-Feb-2026,NINE,TECHNO9 INDONESIA Tbk,HEDDY KANDOU,60.002.063,"2,78",L,ID
27-Feb-2026,NINE,TECHNO9 INDONESIA Tbk,OEN KIAN SOE SIDIK OENTUNG,32.082.700,"1,49",L,ID
27-Feb-2026,NINE,TECHNO9 INDONESIA Tbk,EDDY SUSANTO,27.916.400,"1,29",L,ID
27-Feb-2026,NIRO,CITY RETAIL DEVELOPMENTS Tbk,PT MEGA INTI PERDANA UTAMA,16.703.543.680,"75,25",L,CP
27-Feb-2026,NIRO,CITY RETAIL DEVELOPMENTS Tbk,"CAPITAL LIFE INDONESIA, PT",1.081.400.000,"4,87",L,IS
27-Feb-2026,NIRO,CITY RETAIL DEVELOPMENTS Tbk,"BHINNEKA LIFE INDONESIA, PT",681.000.000,"3,07",L,IS
27-Feb-2026,NIRO,CITY RETAIL DEVELOPMENTS Tbk,REKSA DANA SUCORINVEST EQUITY PRIMA FUND,540.414.200,"2,43",L,MF
27-Feb-2026,NIRO,CITY RETAIL DEVELOPMENTS Tbk,REKSA DANA SUCORINVEST EQUITY FUND,393.886.400,"1,77",L,MF
27-Feb-2026,NIRO,CITY RETAIL DEVELOPMENTS Tbk,REKSA DANA CAPITAL EQUITY FUND,348.263.800,"1,57",L,MF
27-Feb-2026,NIRO,CITY RETAIL DEVELOPMENTS Tbk,REKSA DANA CAPITAL BALANCED FUND,250.500.000,"1,13",L,MF
27-Feb-2026,NISP,BANK OCBC NISP Tbk,OCBC OVERSEAS INVESTMENTS PTE. LTD,19.521.391.224,"85,08",A,CP
27-Feb-2026,NISP,BANK OCBC NISP Tbk,PT SURYASONO SENTOSA,394.398.298,"1,72",L,CP
27-Feb-2026,NISP,BANK OCBC NISP Tbk,PT UDAYAWIRA UTAMA,368.544.300,"1,61",L,CP
27-Feb-2026,NOBU,BANK NATIONALNOBU Tbk,"HANWHA LIFE INSURANCE CO., LTD.",2.991.377.559,"40,00",A,IS
27-Feb-2026,NOBU,BANK NATIONALNOBU Tbk,PT. PRIMA CAKRAWALA SENTOSA,1.560.467.012,"20,87",L,CP
27-Feb-2026,NOBU,BANK NATIONALNOBU Tbk,"MATAHARI DEPARTMENT STORE TBK, PT",728.000.000,"9,73",L,CP
27-Feb-2026,NOBU,BANK NATIONALNOBU Tbk,PT STAR PACIFIC TBK,621.621.621,"8,31",L,CP
27-Feb-2026,NOBU,BANK NATIONALNOBU Tbk,OCBC SECURITIES PRIVATE LIMITED,516.398.700,"6,91",A,SC
27-Feb-2026,NOBU,BANK NATIONALNOBU Tbk,"PUTERA MULIA INDONESIA, PT",336.745.124,"4,50",L,CP
27-Feb-2026,NOBU,BANK NATIONALNOBU Tbk,"GRAHAPUTRA MANDIRIKHARISMA, PT.",164.266.625,"2,20",L,CP
27-Feb-2026,NPGF,NUSA PALAPA GEMILANG Tbk,PT ATMAJA MAKMUR GEMILANG,1.814.722.048,"56,01",L,CP
27-Feb-2026,NPGF,NUSA PALAPA GEMILANG Tbk,PT NEBULA PERSADA GEMILANG,777.466.592,"23,99",L,CP
27-Feb-2026,NPGF,NUSA PALAPA GEMILANG Tbk,HERMAN HALIM,41.202.700,"1,27",L,ID
27-Feb-2026,NPGF,NUSA PALAPA GEMILANG Tbk,FARIAL EKO YUSWARA,38.800.000,"1,20",L,ID
27-Feb-2026,NRCA,NUSA RAYA CIPTA Tbk,PT SURYA SEMESTA INTERNUSA TBK,1.596.200.300,"63,94",L,CP
27-Feb-2026,NRCA,NUSA RAYA CIPTA Tbk,SARATOGA INVESTAMA SEDAYA TBK PT,149.362.700,"5,98",L,CP
27-Feb-2026,NRCA,NUSA RAYA CIPTA Tbk,IR.HADIWINARTO CHRISTANTO,61.352.500,"2,46",L,ID
27-Feb-2026,NRCA,NUSA RAYA CIPTA Tbk,"EDDY PURWANA WIKANTA, IR",59.152.500,"2,37",L,ID
27-Feb-2026,NRCA,NUSA RAYA CIPTA Tbk,DAVID SURYADHI,46.000.000,"1,84",L,ID
27-Feb-2026,NRCA,NUSA RAYA CIPTA Tbk,"NUSIRA PUTERA, PT",40.000.000,"1,60",L,CP
27-Feb-2026,NRCA,NUSA RAYA CIPTA Tbk,"DENNY HARTONO, SH",35.000.000,"1,40",L,ID
27-Feb-2026,NRCA,NUSA RAYA CIPTA Tbk,VONNY WIDJAJANTI SUTIOSO,32.529.600,"1,30",L,ID
27-Feb-2026,NSSS,NUSANTARA SAWIT SEJAHTERA Tbk,PT SAMUEL TUMBUH BERSAMA,9.300.538.500,"39,08",L,CP
27-Feb-2026,NSSS,NUSANTARA SAWIT SEJAHTERA Tbk,IR. TEGUH PATRIAWAN,2.784.929.500,"11,70",L,ID
27-Feb-2026,NSSS,NUSANTARA SAWIT SEJAHTERA Tbk,PT NUSANTARA MAKMUR LESTARI,2.265.858.600,"9,52",L,CP
27-Feb-2026,NSSS,NUSANTARA SAWIT SEJAHTERA Tbk,SAMUEL INTERNATIONAL,2.020.188.500,"8,49",L,CP
27-Feb-2026,NSSS,NUSANTARA SAWIT SEJAHTERA Tbk,PT MITRA AGRO DHARMA UNGGUL,1.050.460.000,"4,41",L,CP
27-Feb-2026,NSSS,NUSANTARA SAWIT SEJAHTERA Tbk,SINODE GEREJA JKI,777.393.400,"3,27",L,OT
27-Feb-2026,NSSS,NUSANTARA SAWIT SEJAHTERA Tbk,RICARDO HANDOKO,684.843.850,"2,88",L,ID
27-Feb-2026,NSSS,NUSANTARA SAWIT SEJAHTERA Tbk,INDO ALAM RESOURCES PTE. LTD,531.924.411,"2,23",A,OT
27-Feb-2026,NSSS,NUSANTARA SAWIT SEJAHTERA Tbk,"TIMBUL THOMAS LUBIS, SH",457.505.800,"1,92",L,ID
27-Feb-2026,NSSS,NUSANTARA SAWIT SEJAHTERA Tbk,PARADISO RESOURCES LTD,293.166.400,"1,23",A,CP
27-Feb-2026,NSSS,NUSANTARA SAWIT SEJAHTERA Tbk,R.ARIFIAN SURYAWIJAYA,281.682.400,"1,18",L,ID
27-Feb-2026,NTBK,NUSATAMA BERKAH Tbk,PT. REBORN CAPITAL,1.400.000.000,"51,85",L,CP
27-Feb-2026,NTBK,NUSATAMA BERKAH Tbk,FITRADITYO HARJUNO,132.922.100,"4,92",L,ID
27-Feb-2026,NTBK,NUSATAMA BERKAH Tbk,IR BAMBANG SUSILO,102.029.000,"3,78",L,ID
27-Feb-2026,NTBK,NUSATAMA BERKAH Tbk,"LIA MARLIANA, SE",88.707.200,"3,29",L,ID
27-Feb-2026,NTBK,NUSATAMA BERKAH Tbk,RAFITYA RAHISA,60.140.000,"2,23",L,ID
27-Feb-2026,NTBK,NUSATAMA BERKAH Tbk,M T SURIANDARINI,60.000.000,"2,22",L,ID
27-Feb-2026,NTBK,NUSATAMA BERKAH Tbk,WULAN LUKITA DEWI,45.000.000,"1,67",L,ID
27-Feb-2026,NTBK,NUSATAMA BERKAH Tbk,INDAH MENTARI,27.127.700,"1,00",L,ID
27-Feb-2026,NUSA,SINERGI MEGAH INTERNUSA Tbk,JAKSA AGUNG MUDA BIDANG TINDAK PIDANA KHUSUS KEJAKSAAN REPUBLIK INDONESIA KEJAKSAAN REPUBLIK INDONESIA,2.927.061.900,"38,01",L,OT
27-Feb-2026,NUSA,SINERGI MEGAH INTERNUSA Tbk,INGGRID HENTIANA,359.380.000,"4,67",L,ID
27-Feb-2026,NUSA,SINERGI MEGAH INTERNUSA Tbk,ZICO TRUST (S) LTD AS TRUSTEE OF PROMETHEA STRATEGIC FUND,352.100.000,"4,57",,
27-Feb-2026,NUSA,SINERGI MEGAH INTERNUSA Tbk,PERUSAHAAN PERSEROAN (PERSERO) PT. ASABRI,328.104.990,"4,26",L,IS
27-Feb-2026,NUSA,SINERGI MEGAH INTERNUSA Tbk,REKSA DANA EMCO MANTAP,307.268.800,"3,99",L,MF
27-Feb-2026,NUSA,SINERGI MEGAH INTERNUSA Tbk,PT PESONA ALAM MUTIARA,260.000.000,"3,38",L,CP
27-Feb-2026,NUSA,SINERGI MEGAH INTERNUSA Tbk,"BANK DANAMON INDONESIA Tbk, PT - REGISTRAR",206.408.095,"2,68",L,IB
27-Feb-2026,NUSA,SINERGI MEGAH INTERNUSA Tbk,REKSA DANA SAHAM EMCO PESONA,202.008.800,"2,62",L,MF
27-Feb-2026,NUSA,SINERGI MEGAH INTERNUSA Tbk,PT Wanteg Sekuritas,194.150.500,"2,52",L,SC
27-Feb-2026,NUSA,SINERGI MEGAH INTERNUSA Tbk,RUSNI KOK,166.500.000,"2,16",L,ID
27-Feb-2026,NUSA,SINERGI MEGAH INTERNUSA Tbk,PT Shinhan Sekuritas Indonesia,142.129.800,"1,85",L,SC
27-Feb-2026,NUSA,SINERGI MEGAH INTERNUSA Tbk,REKSA DANA VICTORIA EQUITY MAXIMA,142.000.000,"1,84",L,MF
27-Feb-2026,NUSA,SINERGI MEGAH INTERNUSA Tbk,Jonathan Subroto,129.194.700,"1,68",L,ID
27-Feb-2026,NUSA,SINERGI MEGAH INTERNUSA Tbk,PT. VICTORIA MANAJEMEN INVESTASI,112.278.466,"1,46",L,SC
27-Feb-2026,NUSA,SINERGI MEGAH INTERNUSA Tbk,JOCELYN JOSEPHINE,102.370.000,"1,33",L,ID
27-Feb-2026,NUSA,SINERGI MEGAH INTERNUSA Tbk,PT Yuanta Sekuritas Indonesia,99.911.300,"1,30",L,SC
27-Feb-2026,NUSA,SINERGI MEGAH INTERNUSA Tbk,ROGER MORRISON - IDD261285351363,80.000.000,"1,04",L,ID
27-Feb-2026,NZIA,NUSANTARA ALMAZIA Tbk,RICHARD RACHMADI WIRIAHARDJA,977.980.000,"44,50",,
27-Feb-2026,NZIA,NUSANTARA ALMAZIA Tbk,"RISTIA BINTANG MAHKOTA SEJATI TBK, PT",758.000.000,"34,49",,
27-Feb-2026,NZIA,NUSANTARA ALMAZIA Tbk,PT ARTHA ERA PRIMAYASA,106.497.800,"4,85",L,CP
27-Feb-2026,NZIA,NUSANTARA ALMAZIA Tbk,PT HARAPAN MAJU GLOBAL,90.000.000,"4,10",L,CP
27-Feb-2026,NZIA,NUSANTARA ALMAZIA Tbk,PT SINAR PRIMA KOLABORASI,72.855.300,"3,32",L,CP
27-Feb-2026,NZIA,NUSANTARA ALMAZIA Tbk,ARDHIANTO YUDHATAMA SETIANTO,41.000.000,"1,87",L,ID
27-Feb-2026,NZIA,NUSANTARA ALMAZIA Tbk,Ernawati Muchtar,26.500.000,"1,21",L,ID
27-Feb-2026,OASA,MAHARAKSA BIRU ENERGI Tbk,"GAFUR SULISTYO UMAR,IR,MBA",2.237.506.593,"35,25",L,ID
27-Feb-2026,OASA,MAHARAKSA BIRU ENERGI Tbk,AND INDONESIA KAPITAL PT.,332.567.000,"5,24",L,CP
27-Feb-2026,OASA,MAHARAKSA BIRU ENERGI Tbk,"Maharaksa Biru Indonesia, PT",317.361.000,"5,00",L,CP
27-Feb-2026,OASA,MAHARAKSA BIRU ENERGI Tbk,"KALILA MUTIARA NUSANTARA, PT",300.000.000,"4,73",L,CP
27-Feb-2026,OASA,MAHARAKSA BIRU ENERGI Tbk,OCBC SECURITIES PRIVATE LIMITED,285.994.180,"4,51",A,SC
27-Feb-2026,OASA,MAHARAKSA BIRU ENERGI Tbk,PT. GRAHA ADIKA NIAGA,203.537.500,"3,21",L,CP
27-Feb-2026,OASA,MAHARAKSA BIRU ENERGI Tbk,"Maharaksa Biru Nusantara, PT",126.944.400,"2,00",L,CP
27-Feb-2026,OASA,MAHARAKSA BIRU ENERGI Tbk,JOS PARENGKUAN,81.800.000,"1,29",L,ID
27-Feb-2026,OASA,MAHARAKSA BIRU ENERGI Tbk,INDRA RAHMAT ADHYANTO,73.048.270,"1,15",L,ID
27-Feb-2026,OASA,MAHARAKSA BIRU ENERGI Tbk,DODIANTO PITOJO,71.411.573,"1,13",L,ID
27-Feb-2026,OASA,MAHARAKSA BIRU ENERGI Tbk,UBS AG SINGAPORE BRANCH,68.506.397,"1,08",A,IB
27-Feb-2026,OASA,MAHARAKSA BIRU ENERGI Tbk,Resources Fortune LTD,67.250.000,"1,06",A,OT
27-Feb-2026,OASA,MAHARAKSA BIRU ENERGI Tbk,PT. KB VALBURY SEKURITAS,65.000.000,"1,02",L,SC
27-Feb-2026,OASA,MAHARAKSA BIRU ENERGI Tbk,PRIMO CIPTO PUDJIANTO,63.590.155,"1,00",L,ID
27-Feb-2026,OBAT,BRIGIT BIOFARMAKA TEKNOLOGI Tbk,MACHMUD LUTFI HUZAIN,215.000.000,"31,60",L,ID
27-Feb-2026,OBAT,BRIGIT BIOFARMAKA TEKNOLOGI Tbk,AMEI LISA DITA KARINA,193.500.000,"28,44",L,ID
27-Feb-2026,OBAT,BRIGIT BIOFARMAKA TEKNOLOGI Tbk,DRS SURONO SUBEKTI,85.361.900,"12,55",L,ID
27-Feb-2026,OBAT,BRIGIT BIOFARMAKA TEKNOLOGI Tbk,NARNO RAHARJO,21.500.000,"3,16",L,ID
27-Feb-2026,OBAT,BRIGIT BIOFARMAKA TEKNOLOGI Tbk,PT ADELLE AND SHAWN,10.928.200,"1,61",L,CP
27-Feb-2026,OBAT,BRIGIT BIOFARMAKA TEKNOLOGI Tbk,JASON KAMADI,9.581.700,"1,41",L,ID
27-Feb-2026,OBAT,BRIGIT BIOFARMAKA TEKNOLOGI Tbk,PT PRAKARSA TANI SEJATI,8.500.900,"1,25",L,CP
27-Feb-2026,OBAT,BRIGIT BIOFARMAKA TEKNOLOGI Tbk,JUNINGSIH SUTJIONO,7.000.000,"1,03",L,ID
27-Feb-2026,OBMD,OBM DRILCHEM Tbk,PT INDOTEK DRILING SOLUSI,411.600.000,"51,07",L,CP
27-Feb-2026,OBMD,OBM DRILCHEM Tbk,MOHAMAD ASAD,91.422.200,"11,34",L,ID
27-Feb-2026,OBMD,OBM DRILCHEM Tbk,HENDRA,70.315.000,"8,72",L,ID
27-Feb-2026,OBMD,OBM DRILCHEM Tbk,IR.RYANTO HUSODO,34.200.500,"4,24",L,ID
27-Feb-2026,OBMD,OBM DRILCHEM Tbk,PT. SURYAPRANA NUTRISINDO,15.368.900,"1,91",L,CP
27-Feb-2026,OBMD,OBM DRILCHEM Tbk,IVAN REZKA WINATA,11.499.500,"1,43",L,ID
27-Feb-2026,OCAP,ONIX CAPITAL Tbk,UOB KAY HIAN (HONG KONG) LTD,122.948.000,"45,00",A,SC
27-Feb-2026,OCAP,ONIX CAPITAL Tbk,DJAJUSMAN SURYOWIJONO,95.625.000,"35,00",L,ID
27-Feb-2026,OCAP,ONIX CAPITAL Tbk,HARDJANTO A.,21.843.000,"8,00",L,ID
27-Feb-2026,OCAP,ONIX CAPITAL Tbk,"ONIX CAPITAL TBK, PT",15.940.100,"5,83",L,CP
27-Feb-2026,OCAP,ONIX CAPITAL Tbk,KARNA BRATA LESMANA,11.615.000,"4,25",L,ID
27-Feb-2026,OILS,INDO OIL PERKASA Tbk,MANDALINDO PUTRA PERKASA,217.255.500,"47,85",L,CP
27-Feb-2026,OILS,INDO OIL PERKASA Tbk,SULASTRI,32.184.100,"7,09",L,ID
27-Feb-2026,OILS,INDO OIL PERKASA Tbk,YONATHAN WIDAKDO SUTANTO,17.348.900,"3,82",L,ID
27-Feb-2026,OILS,INDO OIL PERKASA Tbk,JOHAN WIDAKDO LIEM,17.348.900,"3,82",L,ID
27-Feb-2026,OILS,INDO OIL PERKASA Tbk,PT MAGMUS TEKNOLOGI NUSANTARA,6.000.000,"1,32",L,CP
27-Feb-2026,OILS,INDO OIL PERKASA Tbk,WILLY WIDJAJA,5.400.000,"1,19",L,ID
27-Feb-2026,OILS,INDO OIL PERKASA Tbk,SEUNG YONG LEE,5.301.600,"1,17",L,ID
27-Feb-2026,OKAS,ANCORA INDONESIA RESOURCES Tbk,PT. MULTI BERKAT ENERGI,918.304.978,"38,69",L,CP
27-Feb-2026,OKAS,ANCORA INDONESIA RESOURCES Tbk,ISLAND SPICE INVESTMENTS LIMITED,607.521.388,"25,60",,
27-Feb-2026,OKAS,ANCORA INDONESIA RESOURCES Tbk,BANQUE PICTET AND CIE SA BURGUNDY ASSETS CORP,194.996.613,"8,22",A,CP
27-Feb-2026,OKAS,ANCORA INDONESIA RESOURCES Tbk,PT DUA USAHA KARYA NEGERI,85.756.500,"3,61",L,CP
27-Feb-2026,OKAS,ANCORA INDONESIA RESOURCES Tbk,ALPHONSUS A DHARMAWAN,47.845.200,"2,02",L,ID
27-Feb-2026,OKAS,ANCORA INDONESIA RESOURCES Tbk,BANQUE PICTET AND CIE SA,39.315.627,"1,66",A,IB
27-Feb-2026,OKAS,ANCORA INDONESIA RESOURCES Tbk,DEUTSCHE BK AG (PRIVATE BANKING) SPORE WM CLIENT,30.872.761,"1,30",A,IB
27-Feb-2026,OLIV,OSCAR MITRA SUKSES SEJAHTERA Tbk,PT OLIVE POWER INVEST,1.290.157.112,"67,90",L,CP
27-Feb-2026,OLIV,OSCAR MITRA SUKSES SEJAHTERA Tbk,PT PACIFIC PRIMA PERMATA,81.012.800,"4,26",L,CP
27-Feb-2026,OMED,JAYAMAS MEDICA INDUSTRI Tbk,INTISUMBER HASILSEMPURNA,22.540.000.000,"83,30",L,CP
27-Feb-2026,OMED,JAYAMAS MEDICA INDUSTRI Tbk,"EFG BANK AG, SINGAPORE BRANCH A/C CLIENTS",1.350.000.000,"4,99",A,IB
27-Feb-2026,OMED,JAYAMAS MEDICA INDUSTRI Tbk,ASIAN DEVELOPMENT BANK (ADB),928.258.000,"3,43",A,OT
27-Feb-2026,OMED,JAYAMAS MEDICA INDUSTRI Tbk,"VENTURA INOVASI PERTAMA, PT",452.941.100,"1,67",L,CP
27-Feb-2026,OMED,JAYAMAS MEDICA INDUSTRI Tbk,PT PUNCAK SEGAR ABADI,383.613.300,"1,42",L,CP
27-Feb-2026,OMRE,INDONESIA PRIMA PROPERTY Tbk,FIRST PACIFIC CAPITAL GROUP LIMITED,1.295.522.972,"43,99",A,CP
27-Feb-2026,OMRE,INDONESIA PRIMA PROPERTY Tbk,"MANNING DEVELOPMENT, PT.",1.014.040.019,"34,43",L,CP
27-Feb-2026,OMRE,INDONESIA PRIMA PROPERTY Tbk,PT. KMI WIRE AND CABLE TBK,121.360.000,"4,12",L,CP
27-Feb-2026,OMRE,INDONESIA PRIMA PROPERTY Tbk,PT. POLYCHEM INDONESIA TBK,98.348.400,"3,34",L,CP
27-Feb-2026,OMRE,INDONESIA PRIMA PROPERTY Tbk,"MITRA ADIPERKASA, TBK, PT",80.757.200,"2,74",L,CP
27-Feb-2026,OMRE,INDONESIA PRIMA PROPERTY Tbk,PT SATYA MULIA GEMA GEMILANG,78.297.203,"2,66",L,CP
27-Feb-2026,OMRE,INDONESIA PRIMA PROPERTY Tbk,"AGUNG OMETRACO MUDA, PT",73.661.071,"2,50",L,CP
27-Feb-2026,OMRE,INDONESIA PRIMA PROPERTY Tbk,PT BINA MAKMUR,68.358.000,"2,32",L,CP
27-Feb-2026,OPMS,OPTIMA PRIMA METAL SINERGI Tbk,"ASIAN PERKASA INDOSTEEL, PT",597.900.000,"59,79",L,CP
27-Feb-2026,OPMS,OPTIMA PRIMA METAL SINERGI Tbk,OPTIMA PRIMA METAL SINERGI,184.038.900,"18,40",L,CP
27-Feb-2026,PACK,ABADI NUSANTARA HIJAU INVESTAMA Tbk,PT ECO ENERGI PERKASA,7.158.728.927,"46,37",L,CP
27-Feb-2026,PACK,ABADI NUSANTARA HIJAU INVESTAMA Tbk,PROVIDENTIA WEALTH MANAGEMENT LTD,1.530.459.000,"9,91",A,IB
27-Feb-2026,PACK,ABADI NUSANTARA HIJAU INVESTAMA Tbk,PO SUSANTO,376.000.000,"2,44",L,ID
27-Feb-2026,PACK,ABADI NUSANTARA HIJAU INVESTAMA Tbk,HARISTO,371.658.527,"2,41",L,ID
27-Feb-2026,PACK,ABADI NUSANTARA HIJAU INVESTAMA Tbk,RIYAN SYAHFIKRI,194.482.800,"1,26",L,ID
27-Feb-2026,PACK,ABADI NUSANTARA HIJAU INVESTAMA Tbk,ROBY PURNOMO,154.704.458,"1,00",L,ID
27-Feb-2026,PADA,PERSONEL ALIH DAYA Tbk,PT SINERGI INTI ANDALAN PRIMA TBK,1.687.455.000,"53,57",L,CP
27-Feb-2026,PADA,PERSONEL ALIH DAYA Tbk,SIGIT KUNTJAHJO AK,364.547.200,"11,57",L,ID
27-Feb-2026,PADA,PERSONEL ALIH DAYA Tbk,KOPERASI PEGAWAI PT INDOSAT TBK (KOPINDOSAT),197.997.800,"6,29",L,OT
27-Feb-2026,PADA,PERSONEL ALIH DAYA Tbk,SUKARDI,45.847.300,"1,46",L,ID
27-Feb-2026,PADI,MINNA PADI INVESTAMA SEKURITAS Tbk,PT SENTOSA BERSAMA MITRA,650.000.000,"5,75",L,CP
27-Feb-2026,PADI,MINNA PADI INVESTAMA SEKURITAS Tbk,JULIANINGSIH TAN,353.384.900,"3,13",L,ID
27-Feb-2026,PADI,MINNA PADI INVESTAMA SEKURITAS Tbk,FIRMANSYAH THEJA,330.464.100,"2,92",L,ID
27-Feb-2026,PADI,MINNA PADI INVESTAMA SEKURITAS Tbk,YENNY EKAWATI,245.165.760,"2,17",L,ID
27-Feb-2026,PADI,MINNA PADI INVESTAMA SEKURITAS Tbk,PAULUS ANDRIE HERMAWAN,190.500.025,"1,68",L,ID
27-Feb-2026,PADI,MINNA PADI INVESTAMA SEKURITAS Tbk,IRENE RIA MOERDANI,130.066.500,"1,15",L,ID
27-Feb-2026,PADI,MINNA PADI INVESTAMA SEKURITAS Tbk,EVELINE LISTIJOSUPUTRO,125.339.991,"1,11",L,ID
27-Feb-2026,PALM,PROVIDENT INVESTASI BERSAMA Tbk,PT PROVIDENT CAPITAL INDONESIA,9.127.783.531,"58,02",L,CP
27-Feb-2026,PALM,PROVIDENT INVESTASI BERSAMA Tbk,GARIBALDI THOHIR,3.130.434.288,"19,90",L,ID
27-Feb-2026,PALM,PROVIDENT INVESTASI BERSAMA Tbk,WINATO KARTONO,1.225.080.353,"7,79",L,ID
27-Feb-2026,PALM,PROVIDENT INVESTASI BERSAMA Tbk,HARDI WIJAYA LIONG,837.580.961,"5,32",L,ID
27-Feb-2026,PALM,PROVIDENT INVESTASI BERSAMA Tbk,CAUDLE GAVIN ARNOLD,729.275.220,"4,64",A,ID
27-Feb-2026,PALM,PROVIDENT INVESTASI BERSAMA Tbk,PT TEKNOLOGI RISET GLOBAL INVESTAMA,289.349.300,"1,84",L,CP
27-Feb-2026,PAMG,BIMA SAKTI PERTIWI Tbk,CHRISTOPHER SUMASTO TJIA,2.132.397.200,"68,24",L,ID
27-Feb-2026,PAMG,BIMA SAKTI PERTIWI Tbk,NI KADEK DEWI SUSANTI,118.455.900,"3,79",L,ID
27-Feb-2026,PAMG,BIMA SAKTI PERTIWI Tbk,I PUTU EKA SURYAWAN,107.501.700,"3,44",L,ID
27-Feb-2026,PAMG,BIMA SAKTI PERTIWI Tbk,NATALIA SUMASTO TJIA,100.000.000,"3,20",L,ID
27-Feb-2026,PAMG,BIMA SAKTI PERTIWI Tbk,DEWA PUTU RIPA WAHYUDI,86.278.800,"2,76",L,ID
27-Feb-2026,PAMG,BIMA SAKTI PERTIWI Tbk,NI MADE PUTRI UMBARAWATI SE,72.365.300,"2,32",L,ID
27-Feb-2026,PAMG,BIMA SAKTI PERTIWI Tbk,PT VARASH SADDAN NUSANTARA,48.519.800,"1,55",L,CP
27-Feb-2026,PAMG,BIMA SAKTI PERTIWI Tbk,I GUSTI AYU PUTU INTAN PURNAMASARI,46.384.400,"1,48",L,ID
27-Feb-2026,PAMG,BIMA SAKTI PERTIWI Tbk,NI LUH PUTU PREMAYANI,35.337.900,"1,13",L,ID
27-Feb-2026,PANI,PANTAI INDAH KAPUK DUA Tbk,MULTI ARTHA PRATAMA PT,15.234.037.094,"84,09",L,CP
27-Feb-2026,PANI,PANTAI INDAH KAPUK DUA Tbk,RCEP GROWTH INVESTMENT SPC,507.585.400,"2,80",A,CP
27-Feb-2026,PANI,PANTAI INDAH KAPUK DUA Tbk,TREASURE VENTURE INVESTMENT,458.330.600,"2,53",A,CP
27-Feb-2026,PANI,PANTAI INDAH KAPUK DUA Tbk,LAT YA ROAD LIMITED,379.353.104,"2,09",A,OT
27-Feb-2026,PANI,PANTAI INDAH KAPUK DUA Tbk,ALPHA INVESTMENT SPC,259.447.054,"1,43",A,IB
27-Feb-2026,PANR,PANORAMA SENTRAWISATA Tbk,PT PANORAMA TIRTA ANUGERAH,622.927.623,"44,90",L,CP
27-Feb-2026,PANR,PANORAMA SENTRAWISATA Tbk,SATRIJANTO TIRTAWISATA,120.116.300,"8,66",L,ID
27-Feb-2026,PANR,PANORAMA SENTRAWISATA Tbk,BUDIJANTO TIRTAWISATA,96.718.700,"6,97",L,ID
27-Feb-2026,PANR,PANORAMA SENTRAWISATA Tbk,RAMAJANTO TIRTAWISATA,94.800.953,"6,83",L,ID
27-Feb-2026,PANR,PANORAMA SENTRAWISATA Tbk,DHARMAYANTO TIRTAWISATA,89.247.800,"6,43",L,ID
27-Feb-2026,PANR,PANORAMA SENTRAWISATA Tbk,PT. SENTRA ANUGRAH NUSANTARA,67.483.550,"4,86",L,CP
27-Feb-2026,PANR,PANORAMA SENTRAWISATA Tbk,PT.GOLDEN SPICE,67.393.975,"4,86",L,CP
27-Feb-2026,PANR,PANORAMA SENTRAWISATA Tbk,"AMAN DHITYA INVESTAMA, PT",62.424.050,"4,50",L,CP
27-Feb-2026,PANR,PANORAMA SENTRAWISATA Tbk,"INFINITI CIPTA TEKNOLOGI, PT",55.196.225,"3,98",L,CP
27-Feb-2026,PANR,PANORAMA SENTRAWISATA Tbk,"WEHA INVESTAMA,PT",28.100.300,"2,03",L,CP
27-Feb-2026,PANR,PANORAMA SENTRAWISATA Tbk,"PANORAMA INVESTAMA,PT",23.707.309,"1,71",L,CP
27-Feb-2026,PANS,PANIN SEKURITAS Tbk,PT. PATRIA NUSA ADAMAS,216.000.000,"30,00",L,CP
27-Feb-2026,PANS,PANIN SEKURITAS Tbk,"BANK PAN INDONESIA TBK, PT",208.800.000,"29,00",L,IB
27-Feb-2026,PANS,PANIN SEKURITAS Tbk,LI KWONG WING,24.350.000,"3,38",L,ID
27-Feb-2026,PANS,PANIN SEKURITAS Tbk,PT. PATRIA INVESTAMA,17.408.600,"2,42",L,CP
27-Feb-2026,PANS,PANIN SEKURITAS Tbk,HENDRAWAN DANUSAPUTRA,16.000.000,"2,22",L,ID
27-Feb-2026,PANS,PANIN SEKURITAS Tbk,IR. KRISTINA MINTO,15.214.700,"2,11",L,ID
27-Feb-2026,PANS,PANIN SEKURITAS Tbk,ESTHER ANGELINE SALIHIN,15.012.500,"2,09",L,ID
27-Feb-2026,PANS,PANIN SEKURITAS Tbk,KOESMAN HERMAWAN,14.511.950,"2,02",L,ID
27-Feb-2026,PANS,PANIN SEKURITAS Tbk,REKSA DANA PANIN DANA MAKSIMA,14.415.260,"2,00",L,MF
27-Feb-2026,PANS,PANIN SEKURITAS Tbk,WIDAYANTI DARMAWAN,11.319.500,"1,57",L,ID
27-Feb-2026,PANS,PANIN SEKURITAS Tbk,FOURTON KOMODO INDONESIA EQUITY INVESTMENT FUND,9.991.600,"1,39",A,MF
27-Feb-2026,PANS,PANIN SEKURITAS Tbk,JULIUS DHARMA LIMAN,9.660.300,"1,34",L,ID
27-Feb-2026,PANS,PANIN SEKURITAS Tbk,SYLVIA INDRASARI NUGROHO,8.764.800,"1,22",L,ID
27-Feb-2026,PANS,PANIN SEKURITAS Tbk,NITA WULANSARI NUGROHO,8.700.000,"1,21",L,ID
27-Feb-2026,PANS,PANIN SEKURITAS Tbk,"PANIN SEKURITAS Tbk, PT",8.571.200,"1,19",L,SC
27-Feb-2026,PANS,PANIN SEKURITAS Tbk,JEMIMA WILISJATI SATYONO,7.680.000,"1,07",L,ID
27-Feb-2026,PART,CIPTA PERDANA LANCAR Tbk,"CIPTA INVESTAMA LANCAR, PT",1.496.000.000,"53,22",L,CP
27-Feb-2026,PART,CIPTA PERDANA LANCAR Tbk,HAMIM,272.000.000,"9,68",L,ID
27-Feb-2026,PART,CIPTA PERDANA LANCAR Tbk,NENDEN WIDIASTUTI,217.600.000,"7,74",L,ID
27-Feb-2026,PART,CIPTA PERDANA LANCAR Tbk,"PRESISI MITRA LANCAR, PT",98.826.900,"3,52",L,CP
27-Feb-2026,PART,CIPTA PERDANA LANCAR Tbk,"ANUGERAH STEEL MANDIRI, PT",58.221.800,"2,07",L,CP
27-Feb-2026,PART,CIPTA PERDANA LANCAR Tbk,SYAMSIAH,54.400.000,"1,94",L,ID
27-Feb-2026,PART,CIPTA PERDANA LANCAR Tbk,"TETSU TEKNOLOGI INDONESIA, PT",41.125.700,"1,46",L,CP
27-Feb-2026,PART,CIPTA PERDANA LANCAR Tbk,RITA OKTAVIA,33.532.300,"1,19",L,ID
27-Feb-2026,PART,CIPTA PERDANA LANCAR Tbk,SAHRI AENUL AUTHOR JAMALI,32.026.500,"1,14",L,ID
27-Feb-2026,PART,CIPTA PERDANA LANCAR Tbk,HELEN ARYA RUSNAYATI B.,31.425.100,"1,12",L,ID
27-Feb-2026,PART,CIPTA PERDANA LANCAR Tbk,ABDUL GOPAR,31.229.400,"1,11",L,ID
27-Feb-2026,PBID,PANCA BUDI IDAMAN Tbk,PT ALPHEN INTERNASIONAL CORPORINDO,5.600.000.000,"74,67",L,CP
27-Feb-2026,PBID,PANCA BUDI IDAMAN Tbk,DJONNY TASLIM,627.037.600,"8,36",L,ID
27-Feb-2026,PBID,PANCA BUDI IDAMAN Tbk,VONNY TJANDRA,126.600.000,"1,69",L,ID
27-Feb-2026,PBID,PANCA BUDI IDAMAN Tbk,VICKY TASLIM,116.468.800,"1,55",L,ID
27-Feb-2026,PBID,PANCA BUDI IDAMAN Tbk,ROBBY TASLIM,116.468.800,"1,55",L,ID
27-Feb-2026,PBRX,PAN BROTHERS Tbk,"TRISETIJO MANUNGGAL UTAMA, PT",6.674.891.359,"31,07",L,CP
27-Feb-2026,PBRX,PAN BROTHERS Tbk,BURLINGHAM INTERNATIONAL LTD.,3.866.456.000,"18,00",A,CP
27-Feb-2026,PBRX,PAN BROTHERS Tbk,PT GANDA SAWIT UTAMA,1.063.962.475,"4,95",L,CP
27-Feb-2026,PBRX,PAN BROTHERS Tbk,UBS AG SINGAPORE BRANCH,758.310.555,"3,53",A,IB
27-Feb-2026,PBRX,PAN BROTHERS Tbk,GLOBALONE ASSET MANAGEMENT CO LTD,512.542.801,"2,39",A,IB
27-Feb-2026,PBRX,PAN BROTHERS Tbk,DARWIN INDIGO,420.958.666,"1,96",A,ID
27-Feb-2026,PBRX,PAN BROTHERS Tbk,LILY SWANDAYANI,285.190.200,"1,33",L,ID
27-Feb-2026,PBRX,PAN BROTHERS Tbk,TJOMO TJENGUNDORO.TJENG,284.271.200,"1,32",L,ID
27-Feb-2026,PBRX,PAN BROTHERS Tbk,DARWIZIN,263.623.600,"1,23",L,ID
27-Feb-2026,PBRX,PAN BROTHERS Tbk,ADRIAN WINARDI,250.392.800,"1,17",L,ID
27-Feb-2026,PBSA,PARAMITA BANGUN SARANA Tbk,PT ASCEND BANGUN PERSADA,1.384.709.700,"46,16",L,CP
27-Feb-2026,PBSA,PARAMITA BANGUN SARANA Tbk,"SIGMA MUTIARA, PT",1.126.900.900,"37,56",L,CP
27-Feb-2026,PBSA,PARAMITA BANGUN SARANA Tbk,BANK OF SINGAPORE LIMITED,119.529.500,"3,98",A,IB
27-Feb-2026,PBSA,PARAMITA BANGUN SARANA Tbk,UOB KAY HIAN PRIVATE LIMITED,50.098.500,"1,67",A,SC
27-Feb-2026,PBSA,PARAMITA BANGUN SARANA Tbk,PT PARAMITA ADHI PERKASA,36.651.200,"1,22",L,CP
27-Feb-2026,PCAR,PRIMA CAKRAWALA ABADI Tbk,PERUSAHAAN PERSEROAN (PERSERO) PT. ASABRI,305.535.018,"26,19",L,IS
27-Feb-2026,PCAR,PRIMA CAKRAWALA ABADI Tbk,PT KEMILAU BINTANG INVESTAMA,58.333.000,"5,00",L,CP
27-Feb-2026,PCAR,PRIMA CAKRAWALA ABADI Tbk,PT BAHARI ISTANA ALKAUSAR,58.360.000,"5,00",L,CP
27-Feb-2026,PCAR,PRIMA CAKRAWALA ABADI Tbk,Reksa Dana Pan Arcadia Dana Saham Bertumbuh,37.191.500,"3,19",L,MF
27-Feb-2026,PCAR,PRIMA CAKRAWALA ABADI Tbk,REKSA DANA SYARIAH AURORA SHARIA EQUITY,31.495.000,"2,70",L,MF
27-Feb-2026,PCAR,PRIMA CAKRAWALA ABADI Tbk,BUDIANTO M KURNIAWAN,29.065.400,"2,49",L,ID
27-Feb-2026,PCAR,PRIMA CAKRAWALA ABADI Tbk,REKSA DANA POOL ADVISTA KAPITAL OPTIMAL,27.203.300,"2,33",L,MF
27-Feb-2026,PCAR,PRIMA CAKRAWALA ABADI Tbk,Sylvia,26.000.000,"2,23",L,ID
27-Feb-2026,PCAR,PRIMA CAKRAWALA ABADI Tbk,REKSA DANA SYARIAH PAN ARCADIA EKUITAS SYARIAH PROGRESIF,25.456.582,"2,18",L,MF
27-Feb-2026,PCAR,PRIMA CAKRAWALA ABADI Tbk,PT POOL ADVISTA INDONESIA TBK,24.472.300,"2,10",L,CP
27-Feb-2026,PCAR,PRIMA CAKRAWALA ABADI Tbk,REKSA DANA TF SUPER MAXXI,23.825.300,"2,04",L,MF
27-Feb-2026,PCAR,PRIMA CAKRAWALA ABADI Tbk,REKSA DANA SYARIAH TREASURE SAHAM BERKAH SYARIAH,21.700.000,"1,86",L,MF
27-Feb-2026,PCAR,PRIMA CAKRAWALA ABADI Tbk,REKSA DANA TREASURE SAHAM MANTAP,20.175.600,"1,73",L,MF
27-Feb-2026,PCAR,PRIMA CAKRAWALA ABADI Tbk,REKSA DANA SYARIAH POOL ADVISTA KAPITAL SYARIAH,18.237.400,"1,56",L,MF
27-Feb-2026,PCAR,PRIMA CAKRAWALA ABADI Tbk,REKSA DANA SYARIAH POOL ADVISTA EKUITAS OPTIMA SYARIAH,17.961.200,"1,54",L,MF
27-Feb-2026,PCAR,PRIMA CAKRAWALA ABADI Tbk,REKSADANA SYARIAH DMI DANA SAHAM SYARIAH,15.049.800,"1,29",L,MF
27-Feb-2026,PCAR,PRIMA CAKRAWALA ABADI Tbk,PT PESONA ALAM MUTIARA,14.355.700,"1,23",L,CP
27-Feb-2026,PCAR,PRIMA CAKRAWALA ABADI Tbk,INDRAJAYA BUSIRI,13.000.000,"1,11",L,ID
27-Feb-2026,PCAR,PRIMA CAKRAWALA ABADI Tbk,SURYA CAHAYA PRIMA,12.057.000,"1,03",L,ID
27-Feb-2026,PDES,DESTINASI TIRTA NUSANTARA Tbk,PT PANORAMA SENTRAWISATA TBK,472.998.700,"66,15",L,CP
27-Feb-2026,PDES,DESTINASI TIRTA NUSANTARA Tbk,"AMAN DHITYA INVESTAMA, PT",47.501.000,"6,64",L,CP
27-Feb-2026,PDES,DESTINASI TIRTA NUSANTARA Tbk,PT.GOLDEN SPICE,47.500.900,"6,64",L,CP
27-Feb-2026,PDES,DESTINASI TIRTA NUSANTARA Tbk,PT. SENTRA ANUGRAH NUSANTARA,27.434.500,"3,84",L,CP
27-Feb-2026,PDES,DESTINASI TIRTA NUSANTARA Tbk,SATRIJANTO TIRTAWISATA,24.905.000,"3,48",L,ID
27-Feb-2026,PDES,DESTINASI TIRTA NUSANTARA Tbk,PT. CARTERA INVESTAMA INDONESIA,22.675.800,"3,17",L,CP
27-Feb-2026,PDES,DESTINASI TIRTA NUSANTARA Tbk,"INFINITI CIPTA TEKNOLOGI, PT",13.129.600,"1,84",L,CP
27-Feb-2026,PDES,DESTINASI TIRTA NUSANTARA Tbk,MIRAWATI ISKANDAR,12.500.000,"1,75",L,ID
27-Feb-2026,PDES,DESTINASI TIRTA NUSANTARA Tbk,RAMAJANTO TIRTAWISATA,12.000.000,"1,68",L,ID
27-Feb-2026,PDES,DESTINASI TIRTA NUSANTARA Tbk,"WEHA INVESTAMA,PT",11.413.500,"1,60",L,CP
27-Feb-2026,PDES,DESTINASI TIRTA NUSANTARA Tbk,SUNYOTO,7.870.200,"1,10",L,ID
27-Feb-2026,PDPP,PRIMADAYA PLASTISINDO Tbk,TIRTO ANGESTY,1.224.536.826,"40,00",L,ID
27-Feb-2026,PDPP,PRIMADAYA PLASTISINDO Tbk,LIM KIM GUAN,336.747.730,"11,00",L,ID
27-Feb-2026,PDPP,PRIMADAYA PLASTISINDO Tbk,YU LIN CHAN,244.907.365,"8,00",L,ID
27-Feb-2026,PDPP,PRIMADAYA PLASTISINDO Tbk,SU MEI TSAI LIU,244.907.300,"8,00",L,ID
27-Feb-2026,PDPP,PRIMADAYA PLASTISINDO Tbk,MENG CHUN TSAI,244.907.430,"8,00",A,ID
27-Feb-2026,PDPP,PRIMADAYA PLASTISINDO Tbk,SUGIANTO KUSUMA,153.067.129,"5,00",L,ID
27-Feb-2026,PDPP,PRIMADAYA PLASTISINDO Tbk,LEE BEE TENG,153.067.120,"5,00",L,ID
27-Feb-2026,PDPP,PRIMADAYA PLASTISINDO Tbk,WILSON CAHYADI LIAUW,143.253.077,"4,68",L,ID
27-Feb-2026,PDPP,PRIMADAYA PLASTISINDO Tbk,CHIU TIN SZE,76.533.500,"2,50",L,ID
27-Feb-2026,PDPP,PRIMADAYA PLASTISINDO Tbk,CHANG AI HSIANG,76.533.500,"2,50",L,ID
27-Feb-2026,PDPP,PRIMADAYA PLASTISINDO Tbk,PT VERITAS INTI AMERTA,75.304.644,"2,46",L,CP
27-Feb-2026,PEGE,PANCA GLOBAL KAPITAL Tbk,RR CAPITAL GROUP PTE. LTD,1.198.224.900,"42,29",A,CP
27-Feb-2026,PEGE,PANCA GLOBAL KAPITAL Tbk,TRISNO LIMANTO,536.725.020,"18,94",L,ID
27-Feb-2026,PEGE,PANCA GLOBAL KAPITAL Tbk,PT. MANDIRI TERANG HARAPAN,256.833.500,"9,06",L,CP
27-Feb-2026,PEGE,PANCA GLOBAL KAPITAL Tbk,RUDY RAMLAN S,125.000.000,"4,41",L,ID
27-Feb-2026,PEGE,PANCA GLOBAL KAPITAL Tbk,PT. ANUGERAH INTI KARISMA,69.367.900,"2,45",L,CP
27-Feb-2026,PEGE,PANCA GLOBAL KAPITAL Tbk,CHITRA ARDIAWATI,48.824.200,"1,72",L,ID
27-Feb-2026,PEGE,PANCA GLOBAL KAPITAL Tbk,DANIEL OWEN LIE,30.476.500,"1,08",L,ID
27-Feb-2026,PEGE,PANCA GLOBAL KAPITAL Tbk,HELENA LIE,29.902.800,"1,06",L,ID
27-Feb-2026,PEGE,PANCA GLOBAL KAPITAL Tbk,NINIK KUSUMOWATI TJAHJONO,30.041.400,"1,06",L,ID
27-Feb-2026,PEHA,PHAPROS Tbk,PT KIMIA FARMA (PERSERO) TBK,238.450.930,"28,39",L,CP
27-Feb-2026,PEHA,PHAPROS Tbk,PT. KIMIA FARMA,238.450.930,"28,39",L,CP
27-Feb-2026,PEHA,PHAPROS Tbk,DRS.MASRIZAL.A.S.,87.833.250,"10,46",L,ID
27-Feb-2026,PEHA,PHAPROS Tbk,DRA SRI WAHYUNINGSIH APTH,21.904.100,"2,61",L,ID
27-Feb-2026,PEVE,PENTA VALENT Tbk,TANCORP MEGA BUANA PT,1.412.500.000,"80,00",L,CP
27-Feb-2026,PEVE,PENTA VALENT Tbk,PT. MULIA PRIMA TUNGGAL,87.000.000,"4,93",L,CP
27-Feb-2026,PEVE,PENTA VALENT Tbk,FRANXISCUS AFAT ADINATA NURSALIM,28.250.000,"1,60",L,ID
27-Feb-2026,PEVE,PENTA VALENT Tbk,REKSA DANA SAM INDONESIA EQUITY FUND,27.284.100,"1,55",L,MF
27-Feb-2026,PGAS,PERUSAHAAN GAS NEGARA (PERSERO) Tbk,PT PERTAMINA (PERSERO),13.809.038.755,"56,96",L,CP
27-Feb-2026,PGAS,PERUSAHAAN GAS NEGARA (PERSERO) Tbk,DJS KETENAGAKERJAAN PROGRAM JAMINAN HARI TUA,606.218.800,"2,50",L,IS
27-Feb-2026,PGAS,PERUSAHAAN GAS NEGARA (PERSERO) Tbk,"PANIN SEKURITAS Tbk, PT",435.677.881,"1,80",L,SC
27-Feb-2026,PGAS,PERUSAHAAN GAS NEGARA (PERSERO) Tbk,DJS KETENAGAKERJAAN PROGRAM JAMINAN PENSIUN,329.247.700,"1,36",L,IS
27-Feb-2026,PGAS,PERUSAHAAN GAS NEGARA (PERSERO) Tbk,PETROLIAM NASIONAL BERHAD (PETRONAS),307.260.500,"1,27",A,CP
27-Feb-2026,PGEO,PERTAMINA GEOTHERMAL ENERGY Tbk,PERTAMINA POWER INDONESIA,28.568.460.000,"68,32",L,CP
27-Feb-2026,PGEO,PERTAMINA GEOTHERMAL ENERGY Tbk,MASDAR INDONESIA SOLAR HOLDINGS RSC LIMITED,6.209.421.300,"14,85",A,CP
27-Feb-2026,PGEO,PERTAMINA GEOTHERMAL ENERGY Tbk,PT. PERTAMINA DANA VENTURA,2.477.682.000,"5,93",L,CP
27-Feb-2026,PGEO,PERTAMINA GEOTHERMAL ENERGY Tbk,TANAM INVESTASI INDONESIA,2.069.807.000,"4,95",L,CP
27-Feb-2026,PGJO,BAHTERA BUMI RAYA Tbk,PT BATU INVESTASI INDONESIA,654.987.850,"82,30",L,CP
27-Feb-2026,PGJO,BAHTERA BUMI RAYA Tbk,YAHUI MO,33.185.300,"4,17",L,ID
27-Feb-2026,PGJO,BAHTERA BUMI RAYA Tbk,AYINUER AIHAIMAITI,18.402.200,"2,31",L,ID
27-Feb-2026,PGLI,PEMBANGUNAN GRAHA LESTARI INDAH Tbk,PT ALAMI LESTARI INVESTINDO,228.500.000,"46,82",L,CP
27-Feb-2026,PGLI,PEMBANGUNAN GRAHA LESTARI INDAH Tbk,JAEGOPAL HUTAPEA,124.400.000,"25,49",L,ID
27-Feb-2026,PGLI,PEMBANGUNAN GRAHA LESTARI INDAH Tbk,JULIANA GRACE MAMORA,21.910.000,"4,49",L,ID
27-Feb-2026,PGLI,PEMBANGUNAN GRAHA LESTARI INDAH Tbk,ANIMAN HUTAPEA,18.000.000,"3,69",L,ID
27-Feb-2026,PGLI,PEMBANGUNAN GRAHA LESTARI INDAH Tbk,CV. SOLUSI CUAN MAJU,12.300.000,"2,52",L,CP
27-Feb-2026,PGLI,PEMBANGUNAN GRAHA LESTARI INDAH Tbk,THENDRA CRISNANDA,8.367.600,"1,71",L,ID
27-Feb-2026,PGLI,PEMBANGUNAN GRAHA LESTARI INDAH Tbk,HENDRA SUSANTO,8.300.000,"1,70",L,ID
27-Feb-2026,PGLI,PEMBANGUNAN GRAHA LESTARI INDAH Tbk,BRYAN JAYA RAFLI SJAHPUTRA,8.000.000,"1,64",L,ID
27-Feb-2026,PGLI,PEMBANGUNAN GRAHA LESTARI INDAH Tbk,PT NICTYFRANK HUTAMA ARTA,7.835.213,"1,61",L,CP
27-Feb-2026,PGUN,PRADIKSI GUNATAMA Tbk,PT ARAYA AGRO LESTARI,2.205.667.896,"38,44",L,CP
27-Feb-2026,PGUN,PRADIKSI GUNATAMA Tbk,PT CITRA AGRO RAYA,2.194.718.786,"38,25",L,CP
27-Feb-2026,PGUN,PRADIKSI GUNATAMA Tbk,PT BARAMEGA CITRA MULIA PERSADA,900.000.250,"15,69",L,CP
27-Feb-2026,PGUN,PRADIKSI GUNATAMA Tbk,PT KUASA ALAM GEMILANG,207.887.700,"3,62",L,CP
27-Feb-2026,PGUN,PRADIKSI GUNATAMA Tbk,PT CAKRA BUMI LESTARI,157.463.800,"2,74",L,CP
27-Feb-2026,PGUN,PRADIKSI GUNATAMA Tbk,HARIONO,68.237.250,"1,19",L,ID
27-Feb-2026,PICO,PELANGI INDAH CANINDO Tbk,PT SARANAMULIA MAHARDHIKA,182.093.745,"32,04",L,CP
27-Feb-2026,PICO,PELANGI INDAH CANINDO Tbk,PT. CITRAJAYA PERKASAMULIA,180.189.112,"31,70",L,CP
27-Feb-2026,PICO,PELANGI INDAH CANINDO Tbk,"CITRAJAYA PERKASAMULIA, PT",28.125.928,"4,95",L,CP
27-Feb-2026,PICO,PELANGI INDAH CANINDO Tbk,LIE LIAN TIE,17.750.322,"3,12",L,ID
27-Feb-2026,PICO,PELANGI INDAH CANINDO Tbk,TIO WIDIYANTO,8.579.700,"1,51",L,ID
27-Feb-2026,PIPA,MULTI MAKMUR LEMINDO Tbk,PT MORRIS CAPITAL INDONESIA,1.710.331.400,"49,92",L,CP
27-Feb-2026,PIPA,MULTI MAKMUR LEMINDO Tbk,WILLIAM SUTIOSO,106.940.100,"3,12",L,ID
27-Feb-2026,PIPA,MULTI MAKMUR LEMINDO Tbk,PITORIS SIMBOLON,81.825.000,"2,39",L,ID
27-Feb-2026,PIPA,MULTI MAKMUR LEMINDO Tbk,HANIFAH LATIFAH,65.350.000,"1,91",L,ID
27-Feb-2026,PIPA,MULTI MAKMUR LEMINDO Tbk,SUSYANALIEF,59.039.800,"1,72",L,ID
27-Feb-2026,PIPA,MULTI MAKMUR LEMINDO Tbk,ERLIN SUTIOSO,37.048.100,"1,08",L,ID
27-Feb-2026,PJAA,PEMBANGUNAN JAYA ANCOL Tbk,PEMERINTA1H DAERAH DKI JAKARTA,1.151.999.999,"72,00",,
27-Feb-2026,PJAA,PEMBANGUNAN JAYA ANCOL Tbk,PT PEMBANGUNAN JAYA,287.999.999,"18,00",L,CP
27-Feb-2026,PJAA,PEMBANGUNAN JAYA ANCOL Tbk,TRISNA MULIADI,27.366.500,"1,71",L,ID
27-Feb-2026,PJHB,PELAYARAN JAYA HIDUP BARU Tbk,HERO GOZALI,720.000.000,"37,50",L,ID
27-Feb-2026,PJHB,PELAYARAN JAYA HIDUP BARU Tbk,ADELIA ARYNI SETYAWAN [MEY MAN,244.800.000,"12,75",L,ID
27-Feb-2026,PJHB,PELAYARAN JAYA HIDUP BARU Tbk,NIXEN SAMUEL GOZALI,144.000.000,"7,50",L,ID
27-Feb-2026,PJHB,PELAYARAN JAYA HIDUP BARU Tbk,NISIEN IMANUELLA GOZALI,144.000.000,"7,50",L,ID
27-Feb-2026,PJHB,PELAYARAN JAYA HIDUP BARU Tbk,GO SIOE BIE,144.000.000,"7,50",L,ID
27-Feb-2026,PKPK,PARAGON KARYA PERKASA Tbk,PT. DELI PUTRA BANGSA,900.000.000,"75,00",L,CP
27-Feb-2026,PKPK,PARAGON KARYA PERKASA Tbk,SALIM LIMANTO,13.719.000,"1,14",L,ID
27-Feb-2026,PLAN,PLANET PROPERINDO JAYA Tbk,WAHANA TATA BANGUN,599.462.500,"66,85",L,OT
27-Feb-2026,PLAN,PLANET PROPERINDO JAYA Tbk,ROY OCTAVIAN,30.046.100,"3,35",L,ID
27-Feb-2026,PLAN,PLANET PROPERINDO JAYA Tbk,ANTONYO HARTONO TANUJAYA,25.537.500,"2,85",L,ID
27-Feb-2026,PLAN,PLANET PROPERINDO JAYA Tbk,HAIKAL BAHARSHA,18.406.500,"2,05",L,ID
27-Feb-2026,PLAN,PLANET PROPERINDO JAYA Tbk,Euw Hendry Ernanto,9.449.300,"1,05",L,ID
27-Feb-2026,PLAS,POLARIS INVESTAMA TBK,"UBS AG, LONDON",100.500.000,"8,49",A,IB
27-Feb-2026,PLAS,POLARIS INVESTAMA TBK,PT MALAKA JAYA MULIA,99.259.500,"8,38",L,CP
27-Feb-2026,PLAS,POLARIS INVESTAMA TBK,PT. Kencana Langit Biru,58.457.700,"4,94",L,CP
27-Feb-2026,PLAS,POLARIS INVESTAMA TBK,PT RAGAM KARYA BUMI NUSA,58.274.500,"4,92",L,CP
27-Feb-2026,PLAS,POLARIS INVESTAMA TBK,PT Tunas Persada Cemerlangl,58.178.000,"4,91",L,CP
27-Feb-2026,PLAS,POLARIS INVESTAMA TBK,PT GASA PERDANA CIPTADAYA,57.960.000,"4,89",L,CP
27-Feb-2026,PLAS,POLARIS INVESTAMA TBK,PT. GRAHA NUSA ADIPRANA,57.220.000,"4,83",L,CP
27-Feb-2026,PLAS,POLARIS INVESTAMA TBK,MAYBANK SECURITIES PTE. LTD.,54.100.000,"4,57",A,SC
27-Feb-2026,PLAS,POLARIS INVESTAMA TBK,"BUANA CIPTA PERMAI, PT",53.435.500,"4,51",L,CP
27-Feb-2026,PLAS,POLARIS INVESTAMA TBK,NOMURA PB NOMINEES LTD.,50.000.000,"4,22",A,IB
27-Feb-2026,PLAS,POLARIS INVESTAMA TBK,REKSA DANA MILLENIUM EQUITY GROWTH FUND,41.002.365,"3,46",L,MF
27-Feb-2026,PLAS,POLARIS INVESTAMA TBK,PT. ASURANSI JIWA IFG,39.503.874,"3,34",L,IS
27-Feb-2026,PLAS,POLARIS INVESTAMA TBK,JAKSA AGUNG MUDA BIDANG TINDAK PIDANA KHUSUS KEJAKSAAN REPUBLIK INDONESIA KEJAKSAAN REPUBLIK INDONESIA,35.062.335,"2,96",L,OT
27-Feb-2026,PLAS,POLARIS INVESTAMA TBK,REKSA DANA AURORA SMC EQUITY,29.083.200,"2,46",L,MF
27-Feb-2026,PLAS,POLARIS INVESTAMA TBK,"MILLENIUM PENATA FUTURES, PT",18.500.000,"1,56",L,CP
27-Feb-2026,PLAS,POLARIS INVESTAMA TBK,PT PT.ANDALAN ARTHA ADVISINDO SEKURITAS,15.735.000,"1,33",L,SC
27-Feb-2026,PLAS,POLARIS INVESTAMA TBK,REKSA DANA OSO FLORES EQUITY FUND,15.318.000,"1,29",L,MF
27-Feb-2026,PLAS,POLARIS INVESTAMA TBK,KHOLINA,15.000.000,"1,27",L,ID
27-Feb-2026,PLAS,POLARIS INVESTAMA TBK,Reksa Dana Millenium Dynamic Equity Fund,15.060.794,"1,27",L,MF
27-Feb-2026,PLAS,POLARIS INVESTAMA TBK,"BANK CIMB NIAGA TBK, PT",13.923.300,"1,18",L,IB
27-Feb-2026,PLAS,POLARIS INVESTAMA TBK,PT. CAPITAL ASSET MANAGEMENT,12.845.000,"1,08",L,SC
27-Feb-2026,PLIN,PLAZA INDONESIA REALTY Tbk,PT PLAZA INDONESIA INVESTAMA,3.429.674.130,"96,61",L,CP
27-Feb-2026,PMJS,PUTRA MANDIRI JEMBAR Tbk,PT. PAHALAMAS SEJAHTERA,6.910.982.000,"50,24",,
27-Feb-2026,PMJS,PUTRA MANDIRI JEMBAR Tbk,MITSUBISHI CORPORATION,4.676.904.000,"34,00",A,CP
27-Feb-2026,PMJS,PUTRA MANDIRI JEMBAR Tbk,SUHANTI PONIMAN,936.000.000,"6,80",,
27-Feb-2026,PMJS,PUTRA MANDIRI JEMBAR Tbk,PT. GRAHA PRIMA WISESA,357.000.000,"2,60",L,CP
27-Feb-2026,PMJS,PUTRA MANDIRI JEMBAR Tbk,PT ASURANSI TOKIO MARINE INDONESIA,286.114.000,"2,08",L,IS
27-Feb-2026,PMJS,PUTRA MANDIRI JEMBAR Tbk,"OZINDO INAN ABADI, PT",232.750.000,"1,69",L,CP
27-Feb-2026,PMJS,PUTRA MANDIRI JEMBAR Tbk,SUHARDI PONIMAN,200.000.000,"1,45",L,ID
27-Feb-2026,PMMP,PANCA MITRA MULTIPERDANA Tbk,PT TIGA MAKIN JAYA,898.236.200,"34,70",L,CP
27-Feb-2026,PMMP,PANCA MITRA MULTIPERDANA Tbk,SOESILO SOEBARDJO SH,580.000.000,"22,41",L,ID
27-Feb-2026,PMMP,PANCA MITRA MULTIPERDANA Tbk,PT. HARAPAN BANGSA KITA,188.240.000,"7,27",L,CP
27-Feb-2026,PMMP,PANCA MITRA MULTIPERDANA Tbk,MARTINUS SOESILO,118.702.500,"4,59",L,ID
27-Feb-2026,PMMP,PANCA MITRA MULTIPERDANA Tbk,JIMMI,26.243.300,"1,01",L,ID
27-Feb-2026,PMUI,PRIMA MULTI USAHA INDONESIA Tbk,RUDY SUSANTO WIJAYA KASWAN,3.248.000.000,"56,00",L,ID
27-Feb-2026,PMUI,PRIMA MULTI USAHA INDONESIA Tbk,AGUS SUSANTO,1.392.000.000,"24,00",L,ID
27-Feb-2026,PMUI,PRIMA MULTI USAHA INDONESIA Tbk,ONGGO WIJAYA,243.065.200,"4,19",L,ID
27-Feb-2026,PMUI,PRIMA MULTI USAHA INDONESIA Tbk,SUSANA,163.035.500,"2,81",L,ID
27-Feb-2026,PMUI,PRIMA MULTI USAHA INDONESIA Tbk,PT PRIMA INVESTASI NUSANTARA,148.314.200,"2,56",L,CP
27-Feb-2026,PMUI,PRIMA MULTI USAHA INDONESIA Tbk,ENDONO SUSANTO WIJAYA,93.848.100,"1,62",L,ID
27-Feb-2026,PMUI,PRIMA MULTI USAHA INDONESIA Tbk,VINSENSIUS,77.425.600,"1,33",L,ID
27-Feb-2026,PMUI,PRIMA MULTI USAHA INDONESIA Tbk,PT Waterfront Sekuritas Indonesia,61.614.500,"1,06",L,SC
27-Feb-2026,PNBN,BANK PAN INDONESIA Tbk,PT. PANIN FINANCIAL Tbk,10.701.977.879,"44,43",L,CP
27-Feb-2026,PNBN,BANK PAN INDONESIA Tbk,VOTRAINT NO.1103 PTY LTD,9.349.793.152,"38,82",A,CP
27-Feb-2026,PNBN,BANK PAN INDONESIA Tbk,PANIN FINANCIAL Tbk.,387.093.406,"1,61",L,CP
27-Feb-2026,PNBN,BANK PAN INDONESIA Tbk,"USASLI, PT",308.746.000,"1,28",L,CP
27-Feb-2026,PNBN,BANK PAN INDONESIA Tbk,"PANINVEST TBK, PT",292.804.520,"1,22",L,CP
27-Feb-2026,PNBN,BANK PAN INDONESIA Tbk,IR CHANDRA ADISUSANTO,252.031.300,"1,05",L,ID
27-Feb-2026,PNBS,BANK PANIN DUBAI SYARIAH Tbk,"BANK PAN INDONESIA TBK, PT",26.121.527.033,"67,30",L,IB
27-Feb-2026,PNBS,BANK PANIN DUBAI SYARIAH Tbk,DUBAI ISLAMIC BANK PJSC,9.742.223.971,"25,10",A,IB
27-Feb-2026,PNGO,PINAGO UTAMA Tbk,WILSON SUTANTIO,177.799.800,"22,76",L,ID
27-Feb-2026,PNGO,PINAGO UTAMA Tbk,HASAN TANTRI,152.172.200,"19,48",L,ID
27-Feb-2026,PNGO,PINAGO UTAMA Tbk,CHARLES SUTANTIO,137.596.700,"17,61",L,ID
27-Feb-2026,PNGO,PINAGO UTAMA Tbk,PETER UNGGUL SUTANTIO,119.286.800,"15,27",L,ID
27-Feb-2026,PNGO,PINAGO UTAMA Tbk,KEK KEK ANGELA,28.758.500,"3,68",L,ID
27-Feb-2026,PNGO,PINAGO UTAMA Tbk,FELIX SUTANTIO,21.332.800,"2,73",L,ID
27-Feb-2026,PNGO,PINAGO UTAMA Tbk,EDWIN LISTYO,18.630.700,"2,38",L,ID
27-Feb-2026,PNGO,PINAGO UTAMA Tbk,ARISTYO RAHADIYAN,17.833.300,"2,28",L,ID
27-Feb-2026,PNGO,PINAGO UTAMA Tbk,ELLYNA TANTRI,17.508.900,"2,24",L,ID
27-Feb-2026,PNGO,PINAGO UTAMA Tbk,ELLYTA TANTRI,14.970.100,"1,92",L,ID
27-Feb-2026,PNGO,PINAGO UTAMA Tbk,MELI TANTRI,14.638.000,"1,87",L,ID
27-Feb-2026,PNGO,PINAGO UTAMA Tbk,ALVIN TANTRI,12.178.000,"1,56",L,ID
27-Feb-2026,PNGO,PINAGO UTAMA Tbk,VIRGINIA LISTYANI SUTANTIO,11.708.200,"1,50",L,ID
27-Feb-2026,PNGO,PINAGO UTAMA Tbk,ADELINA TANTRI,11.717.300,"1,50",L,ID
27-Feb-2026,PNGO,PINAGO UTAMA Tbk,ALYSSA TANTRI,11.600.900,"1,48",L,ID
27-Feb-2026,PNIN,PANINVEST Tbk,"PANINKORP, PT",1.208.583.000,"29,71",,
27-Feb-2026,PNIN,PANINVEST Tbk,"FAMLEE INVESCO, PT",743.490.500,"18,28",,
27-Feb-2026,PNIN,PANINVEST Tbk,DANA PENSIUN KARYAWAN PANIN BANK,245.077.142,"6,02",L,PF
27-Feb-2026,PNIN,PANINVEST Tbk,HAIYANTO,182.771.500,"4,49",L,ID
27-Feb-2026,PNIN,PANINVEST Tbk,CRYSTAL CHAIN HOLDINGS LTD,393.852.688,"9,68",A,OT
27-Feb-2026,PNIN,PANINVEST Tbk,OMNICOURT GROUP LIMITED,249.462.970,"6,13",A,OT
27-Feb-2026,PNIN,PANINVEST Tbk,MU MIN ALI GUNAWAN,83.163.188,"2,04",L,ID
27-Feb-2026,PNIN,PANINVEST Tbk,"USASLI, PT",67.720.500,"1,66",L,CP
27-Feb-2026,PNIN,PANINVEST Tbk,JOSEPH HARJA TARUNA,52.745.000,"1,30",L,ID
27-Feb-2026,PNIN,PANINVEST Tbk,LO KHENG HONG. DRS,50.195.750,"1,23",L,ID
27-Feb-2026,PNIN,PANINVEST Tbk,HONKY HARJO,49.446.600,"1,22",L,ID
27-Feb-2026,PNLF,PANIN FINANCIAL Tbk,PT PANINVEST Tbk,16.802.639.732,"52,47",L,CP
27-Feb-2026,PNLF,PANIN FINANCIAL Tbk,"PANINVEST TBK, PT",4.865.241.728,"15,19",L,CP
27-Feb-2026,PNLF,PANIN FINANCIAL Tbk,"PANIN SEKURITAS Tbk, PT",558.248.700,"1,74",L,SC
27-Feb-2026,PNLF,PANIN FINANCIAL Tbk,GOVERNMENT OF NORWAY,474.839.200,"1,48",A,OT
27-Feb-2026,PNLF,PANIN FINANCIAL Tbk,ROBERT SUSILO,383.537.200,"1,20",L,ID
27-Feb-2026,PNLF,PANIN FINANCIAL Tbk,IR CHANDRA ADISUSANTO,341.050.000,"1,07",L,ID
27-Feb-2026,PNSE,PUDJIADI AND SONS Tbk,PT. ISTANA KUTA RATU PRESTIGE,444.396.400,"55,70",L,CP
27-Feb-2026,PNSE,PUDJIADI AND SONS Tbk,"Jayakarta Investindo, PT",199.707.551,"25,03",L,CP
27-Feb-2026,PNSE,PUDJIADI AND SONS Tbk,LENAWATI SETIADI P,52.733.475,"6,61",L,ID
27-Feb-2026,PNSE,PUDJIADI AND SONS Tbk,DAMIAN PUDJIADI,12.489.138,"1,57",L,ID
27-Feb-2026,PNSE,PUDJIADI AND SONS Tbk,MARIANTI PUDJIADI,10.634.539,"1,33",L,ID
27-Feb-2026,PNSE,PUDJIADI AND SONS Tbk,LUKMAN PUDJIADI,10.539.138,"1,32",L,ID
27-Feb-2026,PNSE,PUDJIADI AND SONS Tbk,KRISTIAN PUDJIADI,10.464.061,"1,31",L,ID
27-Feb-2026,PNSE,PUDJIADI AND SONS Tbk,KOSMIAN PUDJIADI,10.464.061,"1,31",L,ID
27-Feb-2026,PNSE,PUDJIADI AND SONS Tbk,OCTAVIANUS HALIM,9.200.400,"1,15",L,ID
27-Feb-2026,POLA,POOL ADVISTA FINANCE Tbk,PT POOL ADVISTA INDONESIA TBK,2.558.239.599,"76,34",L,CP
27-Feb-2026,POLA,POOL ADVISTA FINANCE Tbk,PERUSAHAAN PERSEROAN (PERSERO) PT. ASABRI,257.113.382,"7,67",L,IS
27-Feb-2026,POLA,POOL ADVISTA FINANCE Tbk,REKSA DANA POOL ADVISTA KAPITAL OPTIMAL,70.725.800,"2,11",L,MF
27-Feb-2026,POLA,POOL ADVISTA FINANCE Tbk,PT KMI CIOUD INDONESIA,57.612.900,"1,72",L,CP
27-Feb-2026,POLA,POOL ADVISTA FINANCE Tbk,PATRICIA PANGAT,35.095.700,"1,05",L,ID
27-Feb-2026,POLI,POLLUX HOTELS GROUP Tbk,PO SUN KOK,1.145.000.000,"56,95",L,ID
27-Feb-2026,POLI,POLLUX HOTELS GROUP Tbk,PT POLLUX PROPERTI INDONESIA TBK,462.421.100,"23,00",L,CP
27-Feb-2026,POLI,POLLUX HOTELS GROUP Tbk,PT GOLDEN FLOWER GLOBAL RESOURCES,88.199.100,"4,39",L,CP
27-Feb-2026,POLI,POLLUX HOTELS GROUP Tbk,PT SURYA MASINDO,79.800.000,"3,97",L,CP
27-Feb-2026,POLI,POLLUX HOTELS GROUP Tbk,BANK JULIUS BAER & CO. LTD,78.699.100,"3,91",A,IB
27-Feb-2026,POLI,POLLUX HOTELS GROUP Tbk,PT KARIMUN JAWA PRATAMA,76.500.000,"3,80",L,CP
27-Feb-2026,POLI,POLLUX HOTELS GROUP Tbk,PT GRAHA METTA ARYA,74.353.600,"3,70",L,CP
27-Feb-2026,POLL,POLLUX PROPERTIES INDONESIA Tbk,PT BORNEO MELAWAI PERKASA,6.500.000.000,"78,14",L,CP
27-Feb-2026,POLL,POLLUX PROPERTIES INDONESIA Tbk,CITIBANK HONG KONG S/A PBG CLIENTS SG,500.000.000,"6,01",A,IB
27-Feb-2026,POLL,POLLUX PROPERTIES INDONESIA Tbk,PT GOLDEN FLOWER GLOBAL RESOURCES,400.000.500,"4,81",L,CP
27-Feb-2026,POLL,POLLUX PROPERTIES INDONESIA Tbk,BANK JULIUS BAER & CO. LTD,365.854.000,"4,40",A,IB
27-Feb-2026,POLL,POLLUX PROPERTIES INDONESIA Tbk,PT GRAHA METTA ARYA,314.605.100,"3,78",L,CP
27-Feb-2026,POLL,POLLUX PROPERTIES INDONESIA Tbk,PT SURYA MASINDO,99.895.000,"1,20",L,CP
27-Feb-2026,POLU,GOLDEN FLOWER Tbk,PT PROFASHION APPAREL,599.960.000,"79,99",L,CP
27-Feb-2026,POLU,GOLDEN FLOWER Tbk,PT GOLDEN FLOWER GLOBAL RESOURCES,64.099.600,"8,55",L,CP
27-Feb-2026,POLU,GOLDEN FLOWER Tbk,PT GRAHA METTA ARYA,29.000.000,"3,87",L,CP
27-Feb-2026,POLU,GOLDEN FLOWER Tbk,PT KARIMUN JAWA PRATAMA,28.000.000,"3,73",L,CP
27-Feb-2026,POLU,GOLDEN FLOWER Tbk,PT SURYA MASINDO,27.500.000,"3,67",L,CP
27-Feb-2026,POLY,ASIA PACIFIC FIBERS Tbk,DAMIANO INVESTMENTS B.V.,1.443.805.382,"62,42",A,CP
27-Feb-2026,POLY,ASIA PACIFIC FIBERS Tbk,CHENGWY KARLAM,82.699.200,"3,58",L,ID
27-Feb-2026,POLY,ASIA PACIFIC FIBERS Tbk,PT MULTIKARSA INVESTAMA,70.064.999,"3,03",L,CP
27-Feb-2026,POLY,ASIA PACIFIC FIBERS Tbk,"MULTIKARSA INVESTAMA, PT",61.329.720,"2,65",,
27-Feb-2026,POLY,ASIA PACIFIC FIBERS Tbk,MORGAN STANLEY AND CO INTERNATIONAL PLC,53.878.384,"2,33",A,CP
27-Feb-2026,POLY,ASIA PACIFIC FIBERS Tbk,IGNATIUS ROBBY SANI,32.927.700,"1,42",L,ID
27-Feb-2026,POOL,POOL ADVISTA INDONESIA Tbk,JAKSA AGUNG MUDA BIDANG TINDAK PIDANA KHUSUS KEJAKSAAN REPUBLIK INDONESIA KEJAKSAAN REPUBLIK INDONESIA,625.918.824,"26,73",L,OT
27-Feb-2026,POOL,POOL ADVISTA INDONESIA Tbk,PERUSAHAAN PERSEROAN (PERSERO) PT. ASABRI,175.227.234,"7,48",L,IS
27-Feb-2026,POOL,POOL ADVISTA INDONESIA Tbk,PT. ASURANSI JIWA IFG,114.199.709,"4,88",L,IS
27-Feb-2026,POOL,POOL ADVISTA INDONESIA Tbk,"ADVISTA MULTI ARTHA, PT",76.913.964,"3,29",L,CP
27-Feb-2026,POOL,POOL ADVISTA INDONESIA Tbk,ADE MARIANI LEMEWU,56.454.800,"2,41",L,ID
27-Feb-2026,POOL,POOL ADVISTA INDONESIA Tbk,ARIS MUNANDAR,47.692.000,"2,04",L,ID
27-Feb-2026,POOL,POOL ADVISTA INDONESIA Tbk,REKSA DANA POOL ADVISTA KAPITAL OPTIMAL,39.418.400,"1,68",L,MF
27-Feb-2026,POOL,POOL ADVISTA INDONESIA Tbk,Reksa Dana Pan Arcadia Dana Saham Bertumbuh,36.392.200,"1,55",L,MF
27-Feb-2026,POOL,POOL ADVISTA INDONESIA Tbk,PT Artha Sekuritas Indonesia,35.616.800,"1,52",L,SC
27-Feb-2026,POOL,POOL ADVISTA INDONESIA Tbk,GUWANTO,33.080.003,"1,41",L,ID
27-Feb-2026,POOL,POOL ADVISTA INDONESIA Tbk,PT INDO HARVEST SEKURITAS,23.500.000,"1,00",L,SC
27-Feb-2026,PORT,NUSANTARA PELABUHAN HANDAL Tbk,CHINA MERCHANTS INTERNATIONAL PORT-INTEGRATED DEVELOPMENT (HONG KONG) COMPANY LIMITED,1.435.110.412,"51,00",A,CP
27-Feb-2026,PORT,NUSANTARA PELABUHAN HANDAL Tbk,"EPISENTA UTAMA INVESTASI, PT",679.587.615,"24,15",L,CP
27-Feb-2026,PORT,NUSANTARA PELABUHAN HANDAL Tbk,"PRIMA PERMATA CAKRAWALA, PT",153.008.758,"5,44",L,CP
27-Feb-2026,PORT,NUSANTARA PELABUHAN HANDAL Tbk,WATERBAY INVESTMENT LIMITED,140.415.700,"4,99",A,CP
27-Feb-2026,PORT,NUSANTARA PELABUHAN HANDAL Tbk,BONHAM NOMINEES PTE LTD,140.134.300,"4,98",A,CP
27-Feb-2026,PORT,NUSANTARA PELABUHAN HANDAL Tbk,UOB KAY HIAN PRIVATE LIMITED,140.275.000,"4,98",A,SC
27-Feb-2026,PORT,NUSANTARA PELABUHAN HANDAL Tbk,HEDLAND HOLDINGS LIMITED,113.824.000,"4,05",A,CP
27-Feb-2026,POSA,BLISS PROPERTI INDONESIA Tbk,"BINTANG BAJA HITAM, PT",5.683.860.000,"67,75",L,CP
27-Feb-2026,POSA,BLISS PROPERTI INDONESIA Tbk,PT Shinhan Sekuritas Indonesia,997.616.000,"11,89",L,SC
27-Feb-2026,POSA,BLISS PROPERTI INDONESIA Tbk,REKSA DANA EMCO GROWTH FUND,209.552.500,"2,50",L,MF
27-Feb-2026,POSA,BLISS PROPERTI INDONESIA Tbk,"BANK DANAMON INDONESIA Tbk, PT - REGISTRAR",169.747.940,"2,02",L,IB
27-Feb-2026,POSA,BLISS PROPERTI INDONESIA Tbk,REKSA DANA EMCO MANTAP,144.875.200,"1,73",L,MF
27-Feb-2026,POSA,BLISS PROPERTI INDONESIA Tbk,REKSA DANA SAHAM EMCO PESONA,143.014.600,"1,70",L,MF
27-Feb-2026,POSA,BLISS PROPERTI INDONESIA Tbk,PERUSAHAAN PERSEROAN (PERSERO) PT. ASABRI,109.824.293,"1,31",L,IS
27-Feb-2026,POWR,CIKARANG LISTRINDO Tbk,PT. UDINDA WAHANATAMA,4.903.778.030,"30,48",L,CP
27-Feb-2026,POWR,CIKARANG LISTRINDO Tbk,PT. PENTAKENCANA PAKARPERDANA,4.285.064.945,"26,64",L,CP
27-Feb-2026,POWR,CIKARANG LISTRINDO Tbk,"BRASALI INDUSTRI PRATAMA, PT",4.285.134.845,"26,64",L,CP
27-Feb-2026,POWR,CIKARANG LISTRINDO Tbk,PT TEKNIKO INDONESIA,376.801.000,"2,34",L,CP
27-Feb-2026,POWR,CIKARANG LISTRINDO Tbk,FIDELITY FUNDS,366.738.200,"2,28",A,MF
27-Feb-2026,POWR,CIKARANG LISTRINDO Tbk,PT CIKARANG LISTRINDO TBK,235.656.900,"1,46",L,CP
27-Feb-2026,POWR,CIKARANG LISTRINDO Tbk,PNG EWE CHAI,174.386.780,"1,08",L,ID
27-Feb-2026,PPGL,PRIMA GLOBALINDO LOGISTIK Tbk,DARMAWAN SURYADI SM,409.637.667,"53,12",L,ID
27-Feb-2026,PPGL,PRIMA GLOBALINDO LOGISTIK Tbk,JAP ASTRID PATRICIA,175.818.833,"22,80",L,ID
27-Feb-2026,PPGL,PRIMA GLOBALINDO LOGISTIK Tbk,SURYAWARNI SURLI,27.270.800,"3,54",L,ID
27-Feb-2026,PPGL,PRIMA GLOBALINDO LOGISTIK Tbk,WILLIAM FEBRIAN ADIANTO,16.988.100,"2,20",L,ID
27-Feb-2026,PPGL,PRIMA GLOBALINDO LOGISTIK Tbk,SINYO KALANGI,10.320.000,"1,34",L,ID
27-Feb-2026,PPGL,PRIMA GLOBALINDO LOGISTIK Tbk,SURYA JAYA,10.000.000,"1,30",L,ID
27-Feb-2026,PPRE,PP PRESISI Tbk,PT.PEMBANGUNAN PERUMAHAN(PERSERO) TBK,7.871.480.000,"76,99",L,CP
27-Feb-2026,PPRE,PP PRESISI Tbk,KARYAWAN PEMEGANG SAHAM PT.PEMBANGUNAN (KKPSPP),448.582.685,"4,39",L,OT
27-Feb-2026,PPRE,PP PRESISI Tbk,TERRA NOVA HIDDEN GEMS FUND LP,222.578.600,"2,18",A,MF
27-Feb-2026,PPRE,PP PRESISI Tbk,PT TASPEN (PERSERO),217.755.500,"2,13",L,IS
27-Feb-2026,PPRE,PP PRESISI Tbk,YAYASAN KESEJAHTERAAN KARYAWAN PEMBANGUNAN PERUMAHAN,156.259.832,"1,53",L,FD
27-Feb-2026,PPRE,PP PRESISI Tbk,RUDOLFUS PRIBADI AGUNG S,106.163.100,"1,04",L,ID
27-Feb-2026,PPRI,PAPEROCKS INDONESIA Tbk,PHILIP SUMALI,280.000.000,"26,05",L,ID
27-Feb-2026,PPRI,PAPEROCKS INDONESIA Tbk,DILLON SUTANDAR,215.000.000,"20,00",L,ID
27-Feb-2026,PPRI,PAPEROCKS INDONESIA Tbk,IRSYAD HANIF,174.806.200,"16,26",L,ID
27-Feb-2026,PPRI,PAPEROCKS INDONESIA Tbk,BUDI ADITYA ERNA MULYANTO,147.171.500,"13,69",L,ID
27-Feb-2026,PPRI,PAPEROCKS INDONESIA Tbk,SANDI SANTOSO,12.648.000,"1,18",L,ID
27-Feb-2026,PPRO,PP Properti Tbk,PT PP PERSERO TBK,40.063.119.098,"64,96",,
27-Feb-2026,PPRO,PP Properti Tbk,PT. ASURANSI JIWA IFG,5.474.883.907,"8,88",L,IS
27-Feb-2026,PPRO,PP Properti Tbk,PERUSAHAAN PERSEROAN (PERSERO) PT. ASABRI,3.346.819.399,"5,43",L,IS
27-Feb-2026,PPRO,PP Properti Tbk,JUNI SETIAWATI WONOWIDJOJO,966.835.700,"1,57",L,ID
27-Feb-2026,PPRO,PP Properti Tbk,PT YULIE SEKURITAS INDONESIA TBK,668.641.300,"1,08",L,SC
27-Feb-2026,PRAY,FAMON AWAL BROS SEDAYA Tbk,PT. FAMON OBOR MAJU,6.487.215.267,"46,47",L,CP
27-Feb-2026,PRAY,FAMON AWAL BROS SEDAYA Tbk,ARCHIPELAGO INVESTMENT PTE LTD,3.789.358.400,"27,15",A,CP
27-Feb-2026,PRAY,FAMON AWAL BROS SEDAYA Tbk,PT AWAL BROS CITRA BATAM,2.420.632.176,"17,34",L,CP
27-Feb-2026,PRAY,FAMON AWAL BROS SEDAYA Tbk,PROVIDENTIA WEALTH ADVISORY LTD,658.884.733,"4,72",A,IB
27-Feb-2026,PRAY,FAMON AWAL BROS SEDAYA Tbk,BLAIR ROAD CAPITAL PTE LTD,390.863.824,"2,80",A,CP
27-Feb-2026,PRDA,PRODIA WIDYAHUSADA Tbk,PT. PRODIA UTAMA,534.375.000,"57,00",L,CP
27-Feb-2026,PRDA,PRODIA WIDYAHUSADA Tbk,BIO MAJESTY PTE. LTD.,140.625.000,"15,00",A,OT
27-Feb-2026,PRDA,PRODIA WIDYAHUSADA Tbk,PRODIA WIDYAHUSADA TBK.,47.724.500,"5,09",L,CP
27-Feb-2026,PRDA,PRODIA WIDYAHUSADA Tbk,REKSA DANA SYARIAH HENAN EKUITAS SYARIAH BERKAH,40.963.800,"4,37",L,MF
27-Feb-2026,PRDA,PRODIA WIDYAHUSADA Tbk,JPMCB NA RE - SWEDBANK ROBUR SMALL CAP EMERGING MARKETS,19.000.000,"2,03",A,MF
27-Feb-2026,PRDA,PRODIA WIDYAHUSADA Tbk,REKSA DANA HPAM SYARIAH EKUITAS,12.006.500,"1,28",L,MF
27-Feb-2026,PRDA,PRODIA WIDYAHUSADA Tbk,"CACEIS BANK, LUXEMBOURG BRANCH/ NEF",9.670.000,"1,03",A,MF
27-Feb-2026,PRIM,ROYAL PRIMA Tbk,I NYOMAN EHRICH LISTER DR,2.433.921.800,"71,72",L,ID
27-Feb-2026,PRIM,ROYAL PRIMA Tbk,ROBIN,212.188.500,"6,25",L,ID
27-Feb-2026,PRIM,ROYAL PRIMA Tbk,MARWOTO,92.257.700,"2,72",L,ID
27-Feb-2026,PSAB,J RESOURCES ASIA PASIFIK Tbk,JIMMY BUDIARTO,23.814.000.000,"90,00",L,ID
27-Feb-2026,PSAB,J RESOURCES ASIA PASIFIK Tbk,NOMURA SINGAPORE LIMITED,661.500.000,"2,50",A,IB
27-Feb-2026,PSAB,J RESOURCES ASIA PASIFIK Tbk,SUWANTARA GOTAMA,441.987.294,"1,67",A,ID
27-Feb-2026,PSAT,PANCARAN SAMUDERA TRANSPORT Tbk,PROFITAMA HASIL INDAH,894.600.000,"60,35",L,CP
27-Feb-2026,PSAT,PANCARAN SAMUDERA TRANSPORT Tbk,SURYA MITRA PANCARAN,365.400.000,"24,65",L,CP
27-Feb-2026,PSAT,PANCARAN SAMUDERA TRANSPORT Tbk,DENYMON,34.121.900,"2,30",L,ID
27-Feb-2026,PSAT,PANCARAN SAMUDERA TRANSPORT Tbk,PT SEGARA ARTHA UTAMA,26.142.800,"1,76",L,CP
27-Feb-2026,PSAT,PANCARAN SAMUDERA TRANSPORT Tbk,PT. BENTUK KARYA NUSANTARA,17.404.200,"1,17",L,CP
27-Feb-2026,PSAT,PANCARAN SAMUDERA TRANSPORT Tbk,PT WARNA CIPTA KARYA,15.095.300,"1,02",L,CP
27-Feb-2026,PSDN,PRASIDHA ANEKA NIAGA Tbk,PT PRASIDHA,676.830.145,"47,00",L,CP
27-Feb-2026,PSDN,PRASIDHA ANEKA NIAGA Tbk,IGIANTO JOE,272.378.790,"18,92",L,ID
27-Feb-2026,PSDN,PRASIDHA ANEKA NIAGA Tbk,ANEKA BUMI PRASIDHA,136.500.000,"9,48",L,CP
27-Feb-2026,PSDN,PRASIDHA ANEKA NIAGA Tbk,ANEKA AGROPRASIDHA,114.000.000,"7,92",L,CP
27-Feb-2026,PSDN,PRASIDHA ANEKA NIAGA Tbk,AGUS SOEGIARTO,65.984.333,"4,58",L,ID
27-Feb-2026,PSDN,PRASIDHA ANEKA NIAGA Tbk,"Aneka Sumber Kumala, PT",27.028.500,"1,88",L,CP
27-Feb-2026,PSDN,PRASIDHA ANEKA NIAGA Tbk,PT ABA JAYAABADI,24.315.500,"1,69",L,CP
27-Feb-2026,PSGO,PALMA SERASIH Tbk,PT JALINANKASIH SESAMA,8.180.589.800,"43,40",L,CP
27-Feb-2026,PSGO,PALMA SERASIH Tbk,SERASIH HOLDICO,6.600.000.000,"35,01",L,CP
27-Feb-2026,PSGO,PALMA SERASIH Tbk,BUDIONO TANBUN,1.600.000.000,"8,49",L,ID
27-Feb-2026,PSGO,PALMA SERASIH Tbk,BANK OF SINGAPORE LIMITED,847.500.000,"4,50",A,IB
27-Feb-2026,PSGO,PALMA SERASIH Tbk,KELVIN HALIM,601.400.000,"3,19",L,ID
27-Feb-2026,PSGO,PALMA SERASIH Tbk,"CHE WAI CHAN,",500.000.000,"2,65",A,ID
27-Feb-2026,PSGO,PALMA SERASIH Tbk,DBS BANK LTD.,299.000.000,"1,59",A,IB
27-Feb-2026,PSKT,RED PLANET INDONESIA Tbk,PT BASIS UTAMA PRIMA,4.219.825.598,"40,77",L,CP
27-Feb-2026,PSKT,RED PLANET INDONESIA Tbk,MOH.A.R.P.MANGKUNINGRAT,2.325.081.078,"22,46",L,ID
27-Feb-2026,PSKT,RED PLANET INDONESIA Tbk,PT CRIO INDONESIA,994.207.500,"9,60",L,CP
27-Feb-2026,PSKT,RED PLANET INDONESIA Tbk,PT. TRAJECTIVE MITRA INDONESIA,756.000.000,"7,30",L,CP
27-Feb-2026,PSKT,RED PLANET INDONESIA Tbk,ALBERT KURNIAWAN BUDI S,305.561.900,"2,95",L,ID
27-Feb-2026,PSKT,RED PLANET INDONESIA Tbk,PT BERLIAN TAMBANG INDONESIA,111.038.800,"1,07",L,CP
27-Feb-2026,PSKT,RED PLANET INDONESIA Tbk,PT. CIPTA KOMUNIKA KHATULISTIWA,107.103.300,"1,03",L,CP
27-Feb-2026,PSSI,IMC PELITA LOGISTIK Tbk,PT INDOPRIMA MARINE,2.374.400.000,"43,83",L,CP
27-Feb-2026,PSSI,IMC PELITA LOGISTIK Tbk,KENDILO PTE. LTD,1.523.190.946,"28,12",A,CP
27-Feb-2026,PSSI,IMC PELITA LOGISTIK Tbk,PT BIO PERMAI,332.606.100,"6,14",L,CP
27-Feb-2026,PSSI,IMC PELITA LOGISTIK Tbk,PT IMC PELITA LOGISTIK TB,295.874.000,"5,46",L,CP
27-Feb-2026,PSSI,IMC PELITA LOGISTIK Tbk,CONVIVIAL NAVIGATION CO. PTE.LTD,267.863.153,"4,94",A,CP
27-Feb-2026,PSSI,IMC PELITA LOGISTIK Tbk,TSAO PAO CHEE INVESTMENT MANAGEMENT PTE.LTD,240.000.000,"4,43",A,CP
27-Feb-2026,PSSI,IMC PELITA LOGISTIK Tbk,IMC DYNAMIC INVESTMENTS PTE LTD,240.000.000,"4,43",A,CP
27-Feb-2026,PTBA,BUKIT ASAM Tbk,PERUSAHAAN PERSEROAN (PERSERO) PT MINERAL INDUSTRI INDONESIA,7.595.650.695,"65,93",L,CP
27-Feb-2026,PTBA,BUKIT ASAM Tbk,DJS KETENAGAKERJAAN PROGRAM JAMINAN HARI TUA,177.167.100,"1,54",L,IS
27-Feb-2026,PTDU,DJASA UBERSAKTI Tbk,PT TEKNINDO GEOSISTEM UNGGUL,625.000.000,"41,67",L,CP
27-Feb-2026,PTDU,DJASA UBERSAKTI Tbk,"RSK INVESTASI UNGGUL, PT",475.000.000,"31,67",L,CP
27-Feb-2026,PTDU,DJASA UBERSAKTI Tbk,VICA VALENTINA,19.000.000,"1,27",L,ID
27-Feb-2026,PTDU,DJASA UBERSAKTI Tbk,SUMIRAH TOHIR T,17.044.800,"1,14",L,ID
27-Feb-2026,PTDU,DJASA UBERSAKTI Tbk,BUDIANTO M KURNIAWAN,15.430.800,"1,03",L,ID
27-Feb-2026,PTIS,INDO STRAITS Tbk,STRAITS CORPORATION PTE LTD,450.165.300,"81,82",,
27-Feb-2026,PTIS,INDO STRAITS Tbk,PHILLIP SECURITIES PTE LTD,18.832.600,"3,42",A,SC
27-Feb-2026,PTIS,INDO STRAITS Tbk,ASURANSI SIMAS JIWA,12.675.100,"2,30",L,IS
27-Feb-2026,PTIS,INDO STRAITS Tbk,PT INDO STRAITS Tbk,6.429.000,"1,17",L,CP
27-Feb-2026,PTMP,MITRA PACK Tbk,KENCANA USAHA SENTOSA,2.298.124.000,"72,51",L,CP
27-Feb-2026,PTMP,MITRA PACK Tbk,PT. DIGITAL KODING SOLUSINDO,89.096.800,"2,81",L,CP
27-Feb-2026,PTMP,MITRA PACK Tbk,ARDI KUSUMA,55.555.200,"1,75",L,ID
27-Feb-2026,PTMP,MITRA PACK Tbk,PT. MITRA TRI INVESTAMA,42.548.300,"1,34",L,CP
27-Feb-2026,PTMR,MASTER PRINT Tbk,MITRA PACK TBK,1.457.280.000,"76,42",L,CP
27-Feb-2026,PTMR,MASTER PRINT Tbk,PT. MITRA TRI INVESTAMA,88.272.300,"4,63",L,CP
27-Feb-2026,PTMR,MASTER PRINT Tbk,PT MULTI MITRA SEMESTA,60.732.700,"3,18",L,CP
27-Feb-2026,PTMR,MASTER PRINT Tbk,PT. KURNIA SEMESTA PERSADA,45.187.300,"2,37",L,CP
27-Feb-2026,PTMR,MASTER PRINT Tbk,ROBERT HASAN,38.909.100,"2,04",L,ID
27-Feb-2026,PTMR,MASTER PRINT Tbk,ELIT KARYA INVESTINDO PT,35.540.700,"1,86",L,CP
27-Feb-2026,PTMR,MASTER PRINT Tbk,EKO HERU WIBOWO,34.187.800,"1,79",L,ID
27-Feb-2026,PTMR,MASTER PRINT Tbk,DONNY SANTOSA,23.412.100,"1,23",L,ID
27-Feb-2026,PTPP,PP (PERSERO) Tbk,PERUSAHAAN PERSEROAN (PERSERO) PT DANANTARA ASSET MANAGEMENT,3.161.947.835,"51,00",L,CP
27-Feb-2026,PTPP,PP (PERSERO) Tbk,DJS KETENAGAKERJAAN PROGRAM JAMINAN HARI TUA,210.427.800,"3,39",L,IS
27-Feb-2026,PTPP,PP (PERSERO) Tbk,"PANIN SEKURITAS Tbk, PT",153.808.847,"2,48",L,SC
27-Feb-2026,PTPP,PP (PERSERO) Tbk,PT Phintraco Sekuritas,100.151.000,"1,62",L,SC
27-Feb-2026,PTPP,PP (PERSERO) Tbk,PT. MITRACOMM EKASARANA,94.333.200,"1,52",L,CP
27-Feb-2026,PTPP,PP (PERSERO) Tbk,PT TASPEN (PERSERO),82.298.700,"1,33",L,IS
27-Feb-2026,PTPP,PP (PERSERO) Tbk,DJS KETENAGAKERJAAN PROGRAM JAMINAN PENSIUN,63.163.900,"1,02",L,IS
27-Feb-2026,PTPS,PULAU SUBUR Tbk,PT. SEKAWAN KONTRINDO,1.702.400.000,"78,54",L,CP
27-Feb-2026,PTPW,PRATAMA WIDYA Tbk,ANDREAS WIDHATAMA KURNIAWAN,317.925.000,"36,20",L,ID
27-Feb-2026,PTPW,PRATAMA WIDYA Tbk,CYRILUS WINATAMA K,220.125.000,"25,07",L,ID
27-Feb-2026,PTPW,PRATAMA WIDYA Tbk,PT PRATAMA INVESTAMA KURNIA,91.481.900,"10,42",L,CP
27-Feb-2026,PTPW,PRATAMA WIDYA Tbk,BONAVENTURA WIMATAMA KURNIAWAN,85.375.000,"9,72",L,ID
27-Feb-2026,PTPW,PRATAMA WIDYA Tbk,PT. ROYAL STRATEGIS KAPITAL,41.168.900,"4,69",L,CP
27-Feb-2026,PTPW,PRATAMA WIDYA Tbk,PT. INVESTASI BERSAMA MANDIRI,32.132.500,"3,66",L,CP
27-Feb-2026,PTRO,PETROSEA Tbk,PT. KREASI JASA PERSADA,4.571.811.700,"45,33",L,CP
27-Feb-2026,PTRO,PETROSEA Tbk,PT CARAKA REKSA OPTIMA,2.465.974.670,"24,45",L,CP
27-Feb-2026,PTRO,PETROSEA Tbk,OCBC SECURITIES PRIVATE LIMITED,306.847.000,"3,04",A,SC
27-Feb-2026,PTRO,PETROSEA Tbk,MORGAN STANLEY AND CO INTERNATIONAL PLC,284.590.830,"2,82",A,CP
27-Feb-2026,PTRO,PETROSEA Tbk,PT SENTOSA BERSAMA MITRA,256.892.300,"2,55",L,CP
27-Feb-2026,PTRO,PETROSEA Tbk,PT PETRINDO JAYA KREASI TBK,138.926.800,"1,38",L,CP
27-Feb-2026,PTSN,SAT NUSAPERSADA Tbk,ABIDIN FAN,3.532.500.000,"66,47",L,ID
27-Feb-2026,PTSN,SAT NUSAPERSADA Tbk,INDITECK TECHNOLOGY HONG KONG LIMITED,531.434.400,"10,00",A,CP
27-Feb-2026,PTSN,SAT NUSAPERSADA Tbk,"ASUS INVESTMENT CO., LTD",531.434.100,"10,00",A,CP
27-Feb-2026,PTSN,SAT NUSAPERSADA Tbk,PT ASUS INTERNATIONAL LIMITED,260.977.800,"4,91",A,CP
27-Feb-2026,PTSN,SAT NUSAPERSADA Tbk,BIDIN YUSUF,187.680.000,"3,53",L,ID
27-Feb-2026,PTSN,SAT NUSAPERSADA Tbk,HARTO,62.004.000,"1,17",L,ID
27-Feb-2026,PTSP,PIONEERINDO GOURMET INTERNATIONAL Tbk,PT. GRAHA SENTOSA PERSADA,61.000.666,"27,63",L,CP
27-Feb-2026,PTSP,PIONEERINDO GOURMET INTERNATIONAL Tbk,VP BANK LTD SINGAPORE BRANCH,31.214.900,"14,14",A,IB
27-Feb-2026,PTSP,PIONEERINDO GOURMET INTERNATIONAL Tbk,"UNION BANCAIRE PRIVEE, UBP SA SINGAPORE BRANCH",30.674.434,"13,89",A,IB
27-Feb-2026,PTSP,PIONEERINDO GOURMET INTERNATIONAL Tbk,PT. Bayu Buana Tbk,19.652.000,"8,90",L,CP
27-Feb-2026,PTSP,PIONEERINDO GOURMET INTERNATIONAL Tbk,BANK OF SINGAPORE LIMITED,17.723.620,"8,03",A,IB
27-Feb-2026,PTSP,PIONEERINDO GOURMET INTERNATIONAL Tbk,STANDARD CHARTERED BANK SG S/A VP BANK A/C SAPPHIRE LINK LTD (ID005464400008),11.020.000,"4,99",A,CP
27-Feb-2026,PTSP,PIONEERINDO GOURMET INTERNATIONAL Tbk,STANDARD CHARTERED BANK SG S/A VP BANK A/C DIAMOND MILLENIUM LTD (ID005464400003),11.000.000,"4,98",A,CP
27-Feb-2026,PTSP,PIONEERINDO GOURMET INTERNATIONAL Tbk,LGT BANK AG,9.095.800,"4,12",A,IB
27-Feb-2026,PTSP,PIONEERINDO GOURMET INTERNATIONAL Tbk,CA INDOSUEZ (SWITZERLAND) SA,8.925.080,"4,04",A,IB
27-Feb-2026,PTSP,PIONEERINDO GOURMET INTERNATIONAL Tbk,BANK JULIUS BAER & CO. LTD,8.206.000,"3,72",A,IB
27-Feb-2026,PTSP,PIONEERINDO GOURMET INTERNATIONAL Tbk,BP2S SG/BNP PARIBAS SINGAPORE BRANCH WEALTH MANAGEMENT,3.929.000,"1,78",A,OT
27-Feb-2026,PUDP,PUDJIADI PRESTIGE Tbk,PT. ISTANA KUTA RATU PRESTIGE,293.545.682,"44,54",L,CP
27-Feb-2026,PUDP,PUDJIADI PRESTIGE Tbk,LENAWATI SETIADI P,150.093.228,"22,77",L,ID
27-Feb-2026,PUDP,PUDJIADI PRESTIGE Tbk,KOSMIAN PUDJIADI,27.076.454,"4,11",L,ID
27-Feb-2026,PUDP,PUDJIADI PRESTIGE Tbk,MARIANTI PUDJIADI,27.076.454,"4,11",L,ID
27-Feb-2026,PUDP,PUDJIADI PRESTIGE Tbk,KRISTIAN PUDJIADI,27.025.256,"4,10",L,ID
27-Feb-2026,PUDP,PUDJIADI PRESTIGE Tbk,LUKMAN PUDJIADI,20.984.300,"3,18",L,ID
27-Feb-2026,PUDP,PUDJIADI PRESTIGE Tbk,DAMIAN PUDJIADI,18.642.778,"2,83",L,ID
27-Feb-2026,PUDP,PUDJIADI PRESTIGE Tbk,CHENGWY KARLAM,11.907.320,"1,81",L,ID
27-Feb-2026,PUDP,PUDJIADI PRESTIGE Tbk,ARIYO TEJO,8.800.806,"1,34",L,ID
27-Feb-2026,PUDP,PUDJIADI PRESTIGE Tbk,PT GRAHA PUJI BAHANA,8.360.854,"1,27",L,CP
27-Feb-2026,PUDP,PUDJIADI PRESTIGE Tbk,NATALIA DEVI PUDJIADI,8.166.676,"1,24",L,ID
27-Feb-2026,PURA,PUTRA RAJAWALI KENCANA Tbk,PT RAJAWALI INTI,962.621.880,"15,28",L,CP
27-Feb-2026,PURA,PUTRA RAJAWALI KENCANA Tbk,PT RAJAWALI DWIPUTRA INDONESIA,769.639.000,"12,21",L,CP
27-Feb-2026,PURA,PUTRA RAJAWALI KENCANA Tbk,PT IGELCORP ASIA KAPITAL,465.006.000,"7,38",L,CP
27-Feb-2026,PURA,PUTRA RAJAWALI KENCANA Tbk,PT IGELCORP NUSANTARA KAPITAL,353.069.900,"5,60",L,CP
27-Feb-2026,PURA,PUTRA RAJAWALI KENCANA Tbk,CGS INTERNATIONAL SECURITIES SINGAPORE PTE LTD,297.801.400,"4,73",A,IB
27-Feb-2026,PURA,PUTRA RAJAWALI KENCANA Tbk,NI MADE PUTRI UMBARAWATI SE,150.888.800,"2,39",L,ID
27-Feb-2026,PURA,PUTRA RAJAWALI KENCANA Tbk,PT VARASH SADDAN NUSANTARA,130.507.300,"2,07",L,CP
27-Feb-2026,PURA,PUTRA RAJAWALI KENCANA Tbk,HENDRA PRAYITNO,124.490.900,"1,98",L,ID
27-Feb-2026,PURA,PUTRA RAJAWALI KENCANA Tbk,ERWIN PRASETYA TJANDRA,120.000.000,"1,90",L,ID
27-Feb-2026,PURA,PUTRA RAJAWALI KENCANA Tbk,I PUTU EKA SURYAWAN,113.401.100,"1,80",L,ID
27-Feb-2026,PURA,PUTRA RAJAWALI KENCANA Tbk,TONNY HERMAWAN ADIKARJO IR,96.163.000,"1,53",L,ID
27-Feb-2026,PURA,PUTRA RAJAWALI KENCANA Tbk,DHEERAJ,81.590.284,"1,29",L,ID
27-Feb-2026,PURA,PUTRA RAJAWALI KENCANA Tbk,FACHRUL ATMADJA,79.145.900,"1,26",L,ID
27-Feb-2026,PURA,PUTRA RAJAWALI KENCANA Tbk,"SALIM, LIM",72.101.100,"1,14",L,ID
27-Feb-2026,PURA,PUTRA RAJAWALI KENCANA Tbk,TAN JANE,70.967.900,"1,13",L,ID
27-Feb-2026,PURE,TRINITAN METALS AND MINERALS Tbk,PT TRINITAN RESOURCETAMA INDONESIA,363.726.830,"26,45",L,CP
27-Feb-2026,PURE,TRINITAN METALS AND MINERALS Tbk,PT MIRAE ASSET SEKURITAS INDONESIA,149.102.527,"10,84",L,SC
27-Feb-2026,PURE,TRINITAN METALS AND MINERALS Tbk,MELANIAWATI HADIKARTONO,50.100.033,"3,64",L,ID
27-Feb-2026,PURE,TRINITAN METALS AND MINERALS Tbk,PUI SIAT HA,39.122.900,"2,84",L,ID
27-Feb-2026,PURE,TRINITAN METALS AND MINERALS Tbk,WEMPY,18.684.800,"1,36",L,ID
27-Feb-2026,PURE,TRINITAN METALS AND MINERALS Tbk,REZANANTA F PIETRUSCHKA,16.600.000,"1,21",L,ID
27-Feb-2026,PURE,TRINITAN METALS AND MINERALS Tbk,ASHISH KUMAR D KESWANI,15.536.100,"1,13",L,ID
27-Feb-2026,PURI,PURI GLOBAL SUKSES Tbk,PT. BUMI KREASI BARU,768.000.000,"76,80",L,CP
27-Feb-2026,PURI,PURI GLOBAL SUKSES Tbk,ONG YICK SING,51.470.500,"5,15",A,ID
27-Feb-2026,PWON,PAKUWON JATI Tbk,PT PAKUWON ARTHANIAGA,33.077.598.400,"68,68",L,CP
27-Feb-2026,PWON,PAKUWON JATI Tbk,EMPLOYEES PROVIDENT FUND BOARD,1.102.803.500,"2,29",A,PF
27-Feb-2026,PWON,PAKUWON JATI Tbk,FIDELITY FUNDS,897.165.800,"1,86",A,MF
27-Feb-2026,PWON,PAKUWON JATI Tbk,PLATINUM ASIA FUND,724.784.985,"1,50",A,MF
27-Feb-2026,PYFA,PYRIDAM FARMA Tbk,REJUVE GLOBAL INVESTMENT PTE LTD,7.194.080.948,"64,02",A,CP
27-Feb-2026,PYFA,PYRIDAM FARMA Tbk,PT ASURANSI JIWA STARINVESTAMA,572.628.400,"5,10",L,IS
27-Feb-2026,PYFA,PYRIDAM FARMA Tbk,DBS BANK LTD.,358.078.971,"3,19",A,IB
27-Feb-2026,PYFA,PYRIDAM FARMA Tbk,PT. ALDIRACITA SEKURITAS INDONESIA,337.007.880,"3,00",L,SC
27-Feb-2026,PYFA,PYRIDAM FARMA Tbk,DIAN CIPTAMAS AGUNG PT,118.508.400,"1,05",L,CP
27-Feb-2026,PZZA,SARIMELATI KENCANA Tbk,"Sriboga Raturaya, PT",1.957.933.250,"64,79",L,CP
27-Feb-2026,PZZA,SARIMELATI KENCANA Tbk,DBS BANK LTD S/A PEMBERTON ASIAN OPPORTUNITIES FUND,290.000.000,"9,60",A,IB
27-Feb-2026,PZZA,SARIMELATI KENCANA Tbk,JPMCB NA AIF CLT RE-THE SCOTTISH ORIENTAL SMALLER COMPANIES TRUST PLC,211.533.000,"7,00",A,CP
27-Feb-2026,PZZA,SARIMELATI KENCANA Tbk,CLSA LTD,126.353.850,"4,18",A,SC
27-Feb-2026,PZZA,SARIMELATI KENCANA Tbk,TJIOK ARISTO SUNGKONO.S,47.580.000,"1,57",L,ID
27-Feb-2026,RAAM,TRIPAR MULTIVSION PLUS Tbk,RAM JETHMAL PUNJABI,4.599.467.382,"67,50",L,ID
27-Feb-2026,RAAM,TRIPAR MULTIVSION PLUS Tbk,PT. MNC DIGITAL ENTERTAINMENT TBK,619.420.000,"9,09",L,CP
27-Feb-2026,RAAM,TRIPAR MULTIVSION PLUS Tbk,SCOTTS CAPITAL INVESTMENT CORPORATION,300.000.000,"4,40",A,CP
27-Feb-2026,RAAM,TRIPAR MULTIVSION PLUS Tbk,LGT BANK AG,167.271.400,"2,45",A,IB
27-Feb-2026,RAAM,TRIPAR MULTIVSION PLUS Tbk,UOB KAY HIAN PRIVATE LIMITED,150.425.500,"2,21",A,SC
27-Feb-2026,RAAM,TRIPAR MULTIVSION PLUS Tbk,CGS INTERNATIONAL SECURITIES SINGAPORE PTE LTD,118.694.200,"1,74",A,IB
27-Feb-2026,RAAM,TRIPAR MULTIVSION PLUS Tbk,REGENCY HIGH ENTERPRISE LTD,102.623.000,"1,51",A,CP
27-Feb-2026,RAAM,TRIPAR MULTIVSION PLUS Tbk,SAFARI ASIA LIMITED,89.500.000,"1,31",A,IB
27-Feb-2026,RAFI,SARI KREASI BOGA Tbk,GLOBALASIA CAPITAL INVESTAMA,1.200.000.000,"38,36",L,OT
27-Feb-2026,RAFI,SARI KREASI BOGA Tbk,AGUSTIN WIDYAWATI,154.014.600,"4,92",L,ID
27-Feb-2026,RAFI,SARI KREASI BOGA Tbk,gideon suryatika,135.041.657,"4,32",L,ID
27-Feb-2026,RAFI,SARI KREASI BOGA Tbk,CHANDRA GUNAWAN,118.871.600,"3,80",L,ID
27-Feb-2026,RAFI,SARI KREASI BOGA Tbk,SUSANNA HENDRO,110.384.400,"3,53",L,ID
27-Feb-2026,RAFI,SARI KREASI BOGA Tbk,BATARA BAYU SOEDARWANTO,70.732.200,"2,26",L,ID
27-Feb-2026,RAFI,SARI KREASI BOGA Tbk,YOHANES HALIM,69.601.600,"2,23",L,ID
27-Feb-2026,RAFI,SARI KREASI BOGA Tbk,JOE S,55.050.000,"1,76",L,ID
27-Feb-2026,RAFI,SARI KREASI BOGA Tbk,HO SIE FONG JOHN,40.532.400,"1,30",L,ID
27-Feb-2026,RAFI,SARI KREASI BOGA Tbk,BASUNANDA BINTANG,36.000.000,"1,15",L,ID
27-Feb-2026,RAFI,SARI KREASI BOGA Tbk,SUMITRO,32.220.800,"1,03",L,ID
27-Feb-2026,RAJA,RUKUN RAHARJA Tbk,PT SENTOSA BERSAMA MITRA,1.490.222.504,"35,25",L,CP
27-Feb-2026,RAJA,RUKUN RAHARJA Tbk,HAPSORO,1.163.236.100,"27,52",L,ID
27-Feb-2026,RAJA,RUKUN RAHARJA Tbk,PT BASIS UTAMA PRIMA,523.174.000,"12,38",L,CP
27-Feb-2026,RAJA,RUKUN RAHARJA Tbk,PT ZEZE AJUWEL TAMBANG,59.040.400,"1,40",L,CP
27-Feb-2026,RALS,RAMAYANA LESTARI SENTOSA Tbk,PT. RAMAYANA LESTARI SENTOSA,3.965.000.000,"55,88",L,CP
27-Feb-2026,RALS,RAMAYANA LESTARI SENTOSA Tbk,PT RAMAYANA LESTARI SENTOSA,1.164.736.500,"16,41",L,CP
27-Feb-2026,RALS,RAMAYANA LESTARI SENTOSA Tbk,PAULUS TUMEWU,260.000.000,"3,66",L,ID
27-Feb-2026,RALS,RAMAYANA LESTARI SENTOSA Tbk,JAKARTA INTILAND PT,156.159.200,"2,20",L,CP
27-Feb-2026,RALS,RAMAYANA LESTARI SENTOSA Tbk,LO KHENG HONG. DRS,153.251.700,"2,16",L,ID
27-Feb-2026,RALS,RAMAYANA LESTARI SENTOSA Tbk,NT TST CO S/A EDGBASTON ASIAN EQUITY (JERSEY) TRUST,78.890.100,"1,11",A,OT
27-Feb-2026,RANC,SUPRA BOGA LESTARI Tbk,PT GLOBAL DIGITAL NIAGA TBK,1.103.853.228,"70,56",L,CP
27-Feb-2026,RANC,SUPRA BOGA LESTARI Tbk,PT WIJAYA SUMBER SEJAHTERA,185.113.597,"11,83",L,CP
27-Feb-2026,RANC,SUPRA BOGA LESTARI Tbk,PT PRIMA RASA INTI,90.051.343,"5,76",L,CP
27-Feb-2026,RANC,SUPRA BOGA LESTARI Tbk,PT GUNAPRIMA KARYAPERKASA,72.730.690,"4,65",L,CP
27-Feb-2026,RANC,SUPRA BOGA LESTARI Tbk,PT. EKAPUTRI MANDIRI,36.368.112,"2,32",L,CP
27-Feb-2026,RANC,SUPRA BOGA LESTARI Tbk,KENTJANA WIDJAJA,19.901.400,"1,27",L,ID
27-Feb-2026,RATU,RAHARJA ENERGI CEPU Tbk,RUKUN RAHARJA TBK,1.867.121.000,"68,77",L,CP
27-Feb-2026,RATU,RAHARJA ENERGI CEPU Tbk,CHANDRA DAYA INVESTASI,135.481.100,"4,99",L,CP
27-Feb-2026,RATU,RAHARJA ENERGI CEPU Tbk,MORGAN STANLEY AND CO INTERNATIONAL PLC,66.519.600,"2,45",A,CP
27-Feb-2026,RATU,RAHARJA ENERGI CEPU Tbk,PT PETRINDO JAYA KREASI TBK,43.311.200,"1,60",L,CP
27-Feb-2026,RATU,RAHARJA ENERGI CEPU Tbk,PETROSEA,34.723.300,"1,28",L,CP
27-Feb-2026,RBMS,RISTIA BINTANG MAHKOTASEJATI Tbk,RICHARD R WIRIAHARDJA,1.378.060.918,"51,88",L,ID
27-Feb-2026,RBMS,RISTIA BINTANG MAHKOTASEJATI Tbk,PT. RISTIA BMS CAPITAL,130.089.963,"4,90",L,CP
27-Feb-2026,RBMS,RISTIA BINTANG MAHKOTASEJATI Tbk,REKSA DANA MINNA PADI INDRAPRASTHA SHM SYARIAH,127.977.200,"4,82",L,MF
27-Feb-2026,RBMS,RISTIA BINTANG MAHKOTASEJATI Tbk,PERUSAHAAN PERSEROAN (PERSERO) PT. ASABRI,123.896.700,"4,66",L,IS
27-Feb-2026,RBMS,RISTIA BINTANG MAHKOTASEJATI Tbk,SIAUW YUNUS SUBANDI,44.172.825,"1,66",L,ID
27-Feb-2026,RBMS,RISTIA BINTANG MAHKOTASEJATI Tbk,AGUS PRAYITNO,29.444.700,"1,11",L,ID
27-Feb-2026,RBMS,RISTIA BINTANG MAHKOTASEJATI Tbk,PT ARTHA ERA PRIMAYASA,29.224.086,"1,10",L,CP
27-Feb-2026,RCCC,UTAMA RADAR CAHAYA Tbk,PT. GELORA RIMBA JAYA,613.620.000,"77,92",L,CP
27-Feb-2026,RCCC,UTAMA RADAR CAHAYA Tbk,DEDI JUSUF,20.349.425,"2,58",L,ID
27-Feb-2026,RCCC,UTAMA RADAR CAHAYA Tbk,DAVID CHRISTIAN WAHYUDI SILAS,20.190.520,"2,56",L,ID
27-Feb-2026,RCCC,UTAMA RADAR CAHAYA Tbk,HENRY ARDIAN SUTANTO,17.898.375,"2,27",L,ID
27-Feb-2026,RCCC,UTAMA RADAR CAHAYA Tbk,ADHITYA CHANDRA WIJAYA,16.380.000,"2,08",L,ID
27-Feb-2026,RCCC,UTAMA RADAR CAHAYA Tbk,DANIEL ADI PRATIKTO,16.258.825,"2,06",L,ID
27-Feb-2026,RCCC,UTAMA RADAR CAHAYA Tbk,YUKKY HARRY WIBOWO,12.219.005,"1,55",L,ID
27-Feb-2026,RCCC,UTAMA RADAR CAHAYA Tbk,DIAN PRIYADI,11.354.120,"1,44",L,ID
27-Feb-2026,RCCC,UTAMA RADAR CAHAYA Tbk,RUDY HARTONO,10.415.095,"1,32",L,ID
27-Feb-2026,RDTX,RODA VIVATEX Tbk,SUTIADI WIDJAJA,114.259.300,"42,51",L,ID
27-Feb-2026,RDTX,RODA VIVATEX Tbk,TURNIADY WIDJAJA,50.441.200,"18,77",L,ID
27-Feb-2026,RDTX,RODA VIVATEX Tbk,WIRIADY WIDJAJA,22.659.900,"8,43",L,ID
27-Feb-2026,RDTX,RODA VIVATEX Tbk,KARTA WIDJAJA,17.182.200,"6,39",L,ID
27-Feb-2026,RDTX,RODA VIVATEX Tbk,TENG GOAT NIO,13.399.000,"4,98",L,ID
27-Feb-2026,RDTX,RODA VIVATEX Tbk,YUNIASARI,12.945.800,"4,82",L,ID
27-Feb-2026,RDTX,RODA VIVATEX Tbk,HERRIJANTO WIDJAJA,7.509.500,"2,79",L,ID
27-Feb-2026,RDTX,RODA VIVATEX Tbk,HENDRY JONATHAN WIDJAJA,6.190.800,"2,30",L,ID
27-Feb-2026,RDTX,RODA VIVATEX Tbk,GUNAWAN WIDJAYA,6.015.600,"2,24",L,ID
27-Feb-2026,RDTX,RODA VIVATEX Tbk,ANTHONNY WIDJAJA,5.911.800,"2,20",L,ID
27-Feb-2026,RDTX,RODA VIVATEX Tbk,LANIWATI WIDJAJA,3.624.300,"1,35",L,ID
27-Feb-2026,RDTX,RODA VIVATEX Tbk,LINDAWATI WIDJAJA,3.426.600,"1,27",L,ID
27-Feb-2026,REAL,REPOWER ASIA INDONESIA Tbk,ENAM BERLIAN SINERGI,3.099.480.000,"46,72",L,CP
27-Feb-2026,REAL,REPOWER ASIA INDONESIA Tbk,PT HARMONI HARUM PROPERTINDO,1.033.160.000,"15,57",L,CP
27-Feb-2026,RELF,GRAHA MITRA ASIA Tbk,PT. RELIFE PROPERTY,1.113.600.000,"19,44",L,CP
27-Feb-2026,RELF,GRAHA MITRA ASIA Tbk,PT. Asia Intrainvesta,990.600.000,"17,29",L,CP
27-Feb-2026,RELF,GRAHA MITRA ASIA Tbk,GHOFAR ROZAQ NAZILA,617.120.000,"10,77",L,ID
27-Feb-2026,RELF,GRAHA MITRA ASIA Tbk,PT NUSA PERKASA INTERNATIONAL,603.360.000,"10,53",L,CP
27-Feb-2026,RELF,GRAHA MITRA ASIA Tbk,PT. RELIFE REALTY INDONESIA,540.000.000,"9,43",L,CP
27-Feb-2026,RELF,GRAHA MITRA ASIA Tbk,PT PATRALAND MULIA JAYA,540.000.000,"9,43",L,CP
27-Feb-2026,RELF,GRAHA MITRA ASIA Tbk,PT Andromeda Bima Berjaya,193.274.400,"3,37",L,CP
27-Feb-2026,RELI,RELIANCE SEKURITAS INDONESIA Tbk,"RELIANCE CAPITAL MANAGEMENT, PT",1.541.616.135,"85,65",L,CP
27-Feb-2026,RELI,RELIANCE SEKURITAS INDONESIA Tbk,"PT RELIANCE SEKURITAS INDONESIA, TBK",70.432.600,"3,91",L,SC
27-Feb-2026,RELI,RELIANCE SEKURITAS INDONESIA Tbk,ANDI GUNAWAN ONG,59.065.300,"3,28",L,ID
27-Feb-2026,RELI,RELIANCE SEKURITAS INDONESIA Tbk,ASIA KAPITAL PROPERTI PT,35.766.210,"1,99",L,CP
27-Feb-2026,RELI,RELIANCE SEKURITAS INDONESIA Tbk,PRIMA INTI MEDIKA. PT,30.000.000,"1,67",L,CP
27-Feb-2026,RELI,RELIANCE SEKURITAS INDONESIA Tbk,"BCORP INVESTAMA INDONESIA, PT",22.277.800,"1,24",L,CP
27-Feb-2026,RGAS,KIAN SANTANG MULIATAMA Tbk,AGUS SALIM,253.125.000,"17,35",L,ID
27-Feb-2026,RGAS,KIAN SANTANG MULIATAMA Tbk,EDY NURHAMID AMIN,210.937.500,"14,46",L,ID
27-Feb-2026,RGAS,KIAN SANTANG MULIATAMA Tbk,TAUFIK DWICAHYONO,210.937.500,"14,46",L,ID
27-Feb-2026,RGAS,KIAN SANTANG MULIATAMA Tbk,FADJAR TRI ANANDA,168.750.000,"11,56",L,ID
27-Feb-2026,RGAS,KIAN SANTANG MULIATAMA Tbk,PLATINUM BERKAH ABADI,140.625.000,"9,64",L,CP
27-Feb-2026,RGAS,KIAN SANTANG MULIATAMA Tbk,PT KIAN MEGAH INVESTAMA,140.625.000,"9,64",L,CP
27-Feb-2026,RGAS,KIAN SANTANG MULIATAMA Tbk,PT. LIMA PALING UTAMA,16.775.400,"1,15",L,CP
27-Feb-2026,RGAS,KIAN SANTANG MULIATAMA Tbk,Euw Hendry Ernanto,15.891.000,"1,09",L,ID
27-Feb-2026,RICY,RICKY PUTRA GLOBALINDO Tbk,SPANOLA HOLDINGS LTD.,125.000.000,"19,48",,
27-Feb-2026,RICY,RICKY PUTRA GLOBALINDO Tbk,RICKY UTAMA RAYA,99.192.100,"15,46",,
27-Feb-2026,RICY,RICKY PUTRA GLOBALINDO Tbk,DENZIN INTERNATIONAL LIMITED,84.095.500,"13,10",,
27-Feb-2026,RICY,RICKY PUTRA GLOBALINDO Tbk,HERLINA TJHANG,31.046.000,"4,84",L,ID
27-Feb-2026,RICY,RICKY PUTRA GLOBALINDO Tbk,GOH POH HENG,30.114.500,"4,69",A,ID
27-Feb-2026,RICY,RICKY PUTRA GLOBALINDO Tbk,Hoenijati Tarjono,30.000.000,"4,67",L,ID
27-Feb-2026,RICY,RICKY PUTRA GLOBALINDO Tbk,UBS AG SINGAPORE BRANCH,19.622.000,"3,06",A,IB
27-Feb-2026,RICY,RICKY PUTRA GLOBALINDO Tbk,EFFENDI GOZALI,19.250.000,"3,00",,
27-Feb-2026,RICY,RICKY PUTRA GLOBALINDO Tbk,ANDY TANUJAYA,19.168.100,"2,99",L,ID
27-Feb-2026,RICY,RICKY PUTRA GLOBALINDO Tbk,RICHARD SAJINO,12.500.000,"1,95",L,ID
27-Feb-2026,RICY,RICKY PUTRA GLOBALINDO Tbk,WINSTON KARIM,10.890.900,"1,70",L,ID
27-Feb-2026,RICY,RICKY PUTRA GLOBALINDO Tbk,ARDELLINE LOVERITT E,8.337.400,"1,30",L,ID
27-Feb-2026,RICY,RICKY PUTRA GLOBALINDO Tbk,IR.PHILIPUS AGUS JUWONO,6.798.500,"1,06",L,ID
27-Feb-2026,RIGS,RIG TENDERS INDONESIA Tbk,PT. SURYA INDAH MUARA PANTAI,490.597.030,"80,54",L,CP
27-Feb-2026,RIGS,RIG TENDERS INDONESIA Tbk,OCBC SECURITIES PRIVATE LIMITED,11.413.000,"1,87",A,SC
27-Feb-2026,RIGS,RIG TENDERS INDONESIA Tbk,DBS VICKERS SECS SINGAPORE (PTE) LTD A/C CLIENTS,9.105.300,"1,49",A,SC
27-Feb-2026,RIGS,RIG TENDERS INDONESIA Tbk,GLAS TRUST (SINGAPORE) LTD.,8.904.600,"1,46",A,IB
27-Feb-2026,RIGS,RIG TENDERS INDONESIA Tbk,KARTIKA HADI,8.458.500,"1,39",L,ID
27-Feb-2026,RIGS,RIG TENDERS INDONESIA Tbk,LIM IK NEN,8.469.000,"1,39",L,ID
27-Feb-2026,RIGS,RIG TENDERS INDONESIA Tbk,RUDY SUSANTO,6.959.100,"1,14",L,ID
27-Feb-2026,RIMO,RIMO INTERNATIONAL LESTARI Tbk,JAKSA AGUNG MUDA BIDANG TINDAK PIDANA KHUSUS KEJAKSAAN REPUBLIK INDONESIA KEJAKSAAN REPUBLIK INDONESIA,8.194.842.171,"18,18",L,OT
27-Feb-2026,RIMO,RIMO INTERNATIONAL LESTARI Tbk,UBS SWITZERLAND AG,4.769.888.939,"10,58",A,IB
27-Feb-2026,RIMO,RIMO INTERNATIONAL LESTARI Tbk,PERUSAHAAN PERSEROAN (PERSERO) PT. ASABRI,3.784.665.833,"8,40",L,IS
27-Feb-2026,RIMO,RIMO INTERNATIONAL LESTARI Tbk,RETAIL DEVELOPMENT GROUP LIMITED,2.251.480.000,"4,99",A,CP
27-Feb-2026,RIMO,RIMO INTERNATIONAL LESTARI Tbk,PT SINAR MAS MULTIARTHA Tbk,2.200.000.000,"4,88",L,CP
27-Feb-2026,RIMO,RIMO INTERNATIONAL LESTARI Tbk,"CAPITAL LIFE SYARIAH, PT",1.560.635.600,"3,46",L,IS
27-Feb-2026,RIMO,RIMO INTERNATIONAL LESTARI Tbk,PT GASA PERDANA CIPTADAYA,1.395.860.700,"3,10",L,CP
27-Feb-2026,RIMO,RIMO INTERNATIONAL LESTARI Tbk,REKSA DANA EMCO MANTAP,1.189.826.500,"2,64",L,MF
27-Feb-2026,RIMO,RIMO INTERNATIONAL LESTARI Tbk,REKSA DANA CAPITAL EQUITY FUND,869.050.600,"1,93",L,MF
27-Feb-2026,RIMO,RIMO INTERNATIONAL LESTARI Tbk,PT WAHANA BERSAMA NUSANTARA,864.221.800,"1,92",L,CP
27-Feb-2026,RIMO,RIMO INTERNATIONAL LESTARI Tbk,REKSA DANA POOL ADVISTA KAPITAL OPTIMAL,772.010.000,"1,71",L,MF
27-Feb-2026,RIMO,RIMO INTERNATIONAL LESTARI Tbk,PT Yuanta Sekuritas Indonesia,745.914.350,"1,65",L,SC
27-Feb-2026,RIMO,RIMO INTERNATIONAL LESTARI Tbk,REKSA DANA PACIFIC EQUITY FUND,619.061.200,"1,37",L,MF
27-Feb-2026,RIMO,RIMO INTERNATIONAL LESTARI Tbk,Reksa Dana Pan Arcadia Dana Saham Bertumbuh,610.982.000,"1,36",L,MF
27-Feb-2026,RIMO,RIMO INTERNATIONAL LESTARI Tbk,REKSA DANA EMCO GROWTH FUND,613.157.800,"1,36",L,MF
27-Feb-2026,RIMO,RIMO INTERNATIONAL LESTARI Tbk,YUDI DAUNAWATI,613.861.386,"1,36",,
27-Feb-2026,RIMO,RIMO INTERNATIONAL LESTARI Tbk,PT. Victoria Investama Tbk,519.355.226,"1,15",L,CP
27-Feb-2026,RIMO,RIMO INTERNATIONAL LESTARI Tbk,ARIEF EFFENDI,495.851.900,"1,10",A,ID
27-Feb-2026,RIMO,RIMO INTERNATIONAL LESTARI Tbk,REKSA DANA SYARIAH EMCO SAHAM SYARIAH BAROKAH,462.347.200,"1,03",L,MF
27-Feb-2026,RISE,JAYA SUKSES MAKMUR SENTOSA Tbk,PT TANCORP GLOBAL SENTOSA,13.006.669.200,"80,30",L,CP
27-Feb-2026,RISE,JAYA SUKSES MAKMUR SENTOSA Tbk,"TIARA DAMAI SAMUDRA, PT",657.860.000,"4,06",L,CP
27-Feb-2026,RISE,JAYA SUKSES MAKMUR SENTOSA Tbk,PT RODECO ANUGRAH BUANA,484.470.600,"2,99",L,CP
27-Feb-2026,RISE,JAYA SUKSES MAKMUR SENTOSA Tbk,"BERKAT NIRWANA SENTOSA, PT",387.094.000,"2,39",L,CP
27-Feb-2026,RISE,JAYA SUKSES MAKMUR SENTOSA Tbk,UOB KAY HIAN PRIVATE LIMITED,382.650.000,"2,36",A,SC
27-Feb-2026,RISE,JAYA SUKSES MAKMUR SENTOSA Tbk,PT NOVA INVESTAMA MANDIRI,340.885.200,"2,10",L,CP
27-Feb-2026,RISE,JAYA SUKSES MAKMUR SENTOSA Tbk,PT PRIMA SARANA ABADI,215.000.000,"1,33",L,CP
27-Feb-2026,RLCO,ABADI LESTARI INDONESIA Tbk,REALCO OMEGA INVESTAMA PT,2.425.000.000,"77,60",L,CP
27-Feb-2026,RLCO,ABADI LESTARI INDONESIA Tbk,PT SAMUEL SEKURITAS INDONESIA,87.910.100,"2,81",L,SC
27-Feb-2026,RLCO,ABADI LESTARI INDONESIA Tbk,CAKRA WIJAYA KAPITAL PT,84.869.600,"2,72",L,CP
27-Feb-2026,RLCO,ABADI LESTARI INDONESIA Tbk,PT SAMUEL TUMBUH BERSAMA,74.764.000,"2,39",L,CP
27-Feb-2026,RLCO,ABADI LESTARI INDONESIA Tbk,EDWIN PRANATA,72.500.000,"2,32",L,ID
27-Feb-2026,RLCO,ABADI LESTARI INDONESIA Tbk,Resources Fortune LTD,67.346.700,"2,16",A,OT
27-Feb-2026,RLCO,ABADI LESTARI INDONESIA Tbk,EUNICE M SATYONO,63.330.000,"2,03",L,ID
27-Feb-2026,RLCO,ABADI LESTARI INDONESIA Tbk,DHANA PRATAMA INVESTAMA PT,62.474.600,"2,00",L,CP
27-Feb-2026,RLCO,ABADI LESTARI INDONESIA Tbk,INDO ALAM RESOURCES PTE. LTD,40.291.200,"1,29",A,OT
27-Feb-2026,RMKE,RMK ENERGY Tbk,PT RMK INVESTAMA,2.485.000.000,"56,80",L,CP
27-Feb-2026,RMKE,RMK ENERGY Tbk,PT ASA KAPITAL SEJAHTERA,204.647.600,"4,68",L,CP
27-Feb-2026,RMKE,RMK ENERGY Tbk,PT ARTHA DANA INDONESIA,196.044.100,"4,48",L,CP
27-Feb-2026,RMKE,RMK ENERGY Tbk,PT. ALPHA INVESTASI ASIA,192.748.800,"4,41",L,CP
27-Feb-2026,RMKE,RMK ENERGY Tbk,BINA BUANA KAPITAL PT,189.960.000,"4,34",L,CP
27-Feb-2026,RMKE,RMK ENERGY Tbk,PT MITRA INVESTASI GEMILANG,186.224.100,"4,26",L,CP
27-Feb-2026,RMKE,RMK ENERGY Tbk,PT CIPTA INVESTA INDONESIA,183.141.200,"4,19",L,CP
27-Feb-2026,RMKE,RMK ENERGY Tbk,PT GLOBAL MULTI INVESTASI,147.177.200,"3,36",L,CP
27-Feb-2026,RMKE,RMK ENERGY Tbk,TONY SAPUTRA,70.000.000,"1,60",L,ID
27-Feb-2026,RMKE,RMK ENERGY Tbk,PT MAGNA INVESTASI SEJAHTERA,68.803.900,"1,57",L,CP
27-Feb-2026,RMKE,RMK ENERGY Tbk,PT WAHANA INVESTASI INDONESIA,46.144.800,"1,05",L,CP
27-Feb-2026,RMKO,ROYALTAMA MULIA KONTRAKTORINDO Tbk,PT RMK INVESTAMA,192.500.000,"15,40",L,CP
27-Feb-2026,RMKO,ROYALTAMA MULIA KONTRAKTORINDO Tbk,ANDRY HAKIM,30.000.000,"2,40",L,ID
27-Feb-2026,ROCK,ROCKFIELDS PROPERTI INDONESIA Tbk,LUCIANA,387.500.000,"27,00",L,ID
27-Feb-2026,ROCK,ROCKFIELDS PROPERTI INDONESIA Tbk,PO SUN KOK,387.499.998,"27,00",L,ID
27-Feb-2026,ROCK,ROCKFIELDS PROPERTI INDONESIA Tbk,PT POLLUX HOTELS GROUP TBK,373.148.100,"26,00",L,CP
27-Feb-2026,ROCK,ROCKFIELDS PROPERTI INDONESIA Tbk,PT GOLDEN FLOWER GLOBAL RESOURCES,62.417.000,"4,35",L,CP
27-Feb-2026,ROCK,ROCKFIELDS PROPERTI INDONESIA Tbk,BANK JULIUS BAER & CO. LTD,60.277.000,"4,20",A,IB
27-Feb-2026,ROCK,ROCKFIELDS PROPERTI INDONESIA Tbk,PT GRAHA METTA ARYA,55.254.000,"3,85",L,CP
27-Feb-2026,ROCK,ROCKFIELDS PROPERTI INDONESIA Tbk,PT KARIMUN JAWA PRATAMA,53.819.000,"3,75",L,CP
27-Feb-2026,ROCK,ROCKFIELDS PROPERTI INDONESIA Tbk,PT SURYA MASINDO,52.384.000,"3,65",L,CP
27-Feb-2026,RODA,PIKKO LAND DEVELOPMENT Tbk,NIO YANTONY,3.603.968.900,"26,52",L,ID
27-Feb-2026,RODA,PIKKO LAND DEVELOPMENT Tbk,KWAN SIOE MOEI,3.595.930.500,"26,46",L,ID
27-Feb-2026,RODA,PIKKO LAND DEVELOPMENT Tbk,GINAWAN CHONDRO,1.438.993.800,"10,59",L,ID
27-Feb-2026,RODA,PIKKO LAND DEVELOPMENT Tbk,HSBC RBWM CAROLINE DEWI,884.242.500,"6,51",L,ID
27-Feb-2026,RODA,PIKKO LAND DEVELOPMENT Tbk,SICILIA ALEXANDER S,875.852.600,"6,44",L,ID
27-Feb-2026,RODA,PIKKO LAND DEVELOPMENT Tbk,WIRAWAN CHONDRO,753.034.900,"5,54",L,ID
27-Feb-2026,RODA,PIKKO LAND DEVELOPMENT Tbk,KINGSWOOD UNION CORPORATION,678.901.100,"4,99",A,OT
27-Feb-2026,RODA,PIKKO LAND DEVELOPMENT Tbk,"GAN, LEONITA",402.429.200,"2,96",L,ID
27-Feb-2026,RODA,PIKKO LAND DEVELOPMENT Tbk,LISNAWATI CHONDRO,223.168.900,"1,64",L,ID
27-Feb-2026,RODA,PIKKO LAND DEVELOPMENT Tbk,Stephanus Abrian Natan,160.973.700,"1,18",L,ID
27-Feb-2026,RONY,ARACORD NUSANTARA GROUP Tbk,HONOUR ACCORD LIMITED,1.000.001.600,"80,00",A,CP
27-Feb-2026,RONY,ARACORD NUSANTARA GROUP Tbk,LUTING QIU,60.625.000,"4,85",L,ID
27-Feb-2026,RONY,ARACORD NUSANTARA GROUP Tbk,WANTING HUANG,58.977.600,"4,72",L,ID
27-Feb-2026,RONY,ARACORD NUSANTARA GROUP Tbk,GUANG CHEN,55.625.000,"4,45",L,ID
27-Feb-2026,RONY,ARACORD NUSANTARA GROUP Tbk,SHUAI HU,40.625.000,"3,25",L,ID
27-Feb-2026,RONY,ARACORD NUSANTARA GROUP Tbk,PT QINFA INTERNASIONAL INVESTASI,19.922.900,"1,59",L,CP
27-Feb-2026,ROTI,NIPPON INDOSARI CORPINDO Tbk,PT. INDORITEL MAKMUR INTERNASIONAL TBK,1.594.467.000,"25,77",L,CP
27-Feb-2026,ROTI,NIPPON INDOSARI CORPINDO Tbk,DEMETER INDO INVESTMENT PTE LTD,1.370.798.546,"22,16",A,CP
27-Feb-2026,ROTI,NIPPON INDOSARI CORPINDO Tbk,BONLIGHT INVESTMENTS LIMITED,1.285.984.899,"20,79",A,CP
27-Feb-2026,ROTI,NIPPON INDOSARI CORPINDO Tbk,"NIPPON INDOSARI CORPINDO TBK, PT.",564.213.400,"9,12",L,CP
27-Feb-2026,ROTI,NIPPON INDOSARI CORPINDO Tbk,PASCO SHIKISHIMA CORPORATION,525.864.777,"8,50",A,CP
27-Feb-2026,ROTI,NIPPON INDOSARI CORPINDO Tbk,LIEF HOLDINGS PTE LTD,375.033.700,"6,06",A,CP
27-Feb-2026,ROTI,NIPPON INDOSARI CORPINDO Tbk,DBS BANK LTD S/A ALBIZIA ASEAN OPPORTUNITIES FUND,122.685.011,"1,98",A,IB
27-Feb-2026,ROTI,NIPPON INDOSARI CORPINDO Tbk,LANDWELL PROPERTIES INC.,112.225.966,"1,81",A,CP
27-Feb-2026,RSCH,CHARLIE HOSPITAL SEMARANG Tbk,PT. WAHYU AGUNG,2.105.000.000,"79,43",L,CP
27-Feb-2026,RSCH,CHARLIE HOSPITAL SEMARANG Tbk,PT INVESTASI HARMONI SEJAHTERA,127.180.400,"4,80",L,CP
27-Feb-2026,RSCH,CHARLIE HOSPITAL SEMARANG Tbk,PT KONSULTAMA SUKSES INDONESIA,126.401.900,"4,77",L,CP
27-Feb-2026,RSCH,CHARLIE HOSPITAL SEMARANG Tbk,THEO CHANDRA HUTOMO,34.435.100,"1,30",L,ID
27-Feb-2026,RSCH,CHARLIE HOSPITAL SEMARANG Tbk,NANCY,27.684.200,"1,04",L,ID
27-Feb-2026,RSCH,CHARLIE HOSPITAL SEMARANG Tbk,BENNY ANDREWIJAYA,27.000.000,"1,02",L,ID
27-Feb-2026,RSGK,KEDOYA ADYARAYA Tbk,PT SARANA MEDITAMA METROPOLITAN TBK,742.242.200,"79,84",L,CP
27-Feb-2026,RSGK,KEDOYA ADYARAYA Tbk,PT. BESTAMA MEDIKACENTER INVESTAMA,122.055.540,"13,13",L,CP
27-Feb-2026,RSGK,KEDOYA ADYARAYA Tbk,PT. INTIMANUNGGAL MULTI DEVELOPMENT,21.800.000,"2,34",L,CP
27-Feb-2026,RSGK,KEDOYA ADYARAYA Tbk,HUNGKANG SUTEDJA,14.187.960,"1,53",L,ID
27-Feb-2026,RUIS,RADIANT UTAMA INTERINSCO Tbk,HAIYANTO,184.598.700,"23,97",L,ID
27-Feb-2026,RUIS,RADIANT UTAMA INTERINSCO Tbk,"Radiant Nusa Investama, PT",174.354.500,"22,64",L,CP
27-Feb-2026,RUIS,RADIANT UTAMA INTERINSCO Tbk,OCBC SECURITIES PRIVATE LIMITED,106.448.200,"13,82",A,SC
27-Feb-2026,RUIS,RADIANT UTAMA INTERINSCO Tbk,CIPTA DUTA ENERGI. PT,38.451.950,"4,99",L,CP
27-Feb-2026,RUIS,RADIANT UTAMA INTERINSCO Tbk,KARYA MITRA ENERGI. PT,37.254.600,"4,84",L,CP
27-Feb-2026,RUIS,RADIANT UTAMA INTERINSCO Tbk,"MULTIPRATAMA DAYA SOLUSI, PT",33.208.600,"4,31",L,CP
27-Feb-2026,RUIS,RADIANT UTAMA INTERINSCO Tbk,PT. BUANA INTI SINERGI,24.074.100,"3,13",L,CP
27-Feb-2026,RUIS,RADIANT UTAMA INTERINSCO Tbk,RACHMAD WIDIANTO DRS,9.100.000,"1,18",L,ID
27-Feb-2026,RUNS,GLOBAL SUKSES SOLUSI Tbk,SONY RACHMADI PURNOMO,285.605.625,"29,04",L,ID
27-Feb-2026,RUNS,GLOBAL SUKSES SOLUSI Tbk,TAN KIAN GEE,273.743.575,"27,83",L,ID
27-Feb-2026,RUNS,GLOBAL SUKSES SOLUSI Tbk,PT METRA-NET,85.227.275,"8,67",L,CP
27-Feb-2026,RUNS,GLOBAL SUKSES SOLUSI Tbk,KB-MDI CENTAURI MASTER FUND PTE LTD,76.530.600,"7,78",,
27-Feb-2026,RUNS,GLOBAL SUKSES SOLUSI Tbk,TEMMY WONGSO,29.290.500,"2,98",L,ID
27-Feb-2026,RUNS,GLOBAL SUKSES SOLUSI Tbk,PT METRA DIGITAL INVESTAMA,28.197.000,"2,87",L,CP
27-Feb-2026,RUNS,GLOBAL SUKSES SOLUSI Tbk,SUARDI,17.862.400,"1,82",L,ID
27-Feb-2026,RUNS,GLOBAL SUKSES SOLUSI Tbk,MUHAMMAD AQFIAN MUNTAHA ADIANTHO,12.500.000,"1,27",L,ID
27-Feb-2026,RUNS,GLOBAL SUKSES SOLUSI Tbk,SUHARTONO,12.531.500,"1,27",L,ID
27-Feb-2026,RUNS,GLOBAL SUKSES SOLUSI Tbk,DWIE KRISTIANTO,12.500.000,"1,27",,
27-Feb-2026,RUNS,GLOBAL SUKSES SOLUSI Tbk,REKSA DANA SUCORINVEST SAHAM DINAMIS,10.558.400,"1,07",L,MF
27-Feb-2026,RUNS,GLOBAL SUKSES SOLUSI Tbk,EDWIN PRAMANA,10.400.000,"1,06",L,ID
27-Feb-2026,SAFE,STEADY SAFE Tbk,"Infiniti Wahana, PT",464.595.913,"56,57",L,CP
27-Feb-2026,SAFE,STEADY SAFE Tbk,BP2S SG/BNP PARIBAS SINGAPORE BRANCH WEALTH MANAGEMENT,228.542.002,"27,83",A,OT
27-Feb-2026,SAFE,STEADY SAFE Tbk,PT ABDI RAHARJA,61.520.900,"7,49",L,CP
27-Feb-2026,SAFE,STEADY SAFE Tbk,Peter Wijaya,11.550.000,"1,41",L,ID
27-Feb-2026,SAFE,STEADY SAFE Tbk,GOLD PEAK INVESTMENTS LTD,9.104.000,"1,11",,
27-Feb-2026,SAGE,SAPTAUSAHA GEMILANGINDAH Tbk,PT. BENTENG TERANG SEJAHTERA,5.623.599.800,"70,00",L,CP
27-Feb-2026,SAGE,SAPTAUSAHA GEMILANGINDAH Tbk,EDWARD HALIM,775.000.000,"9,65",L,ID
27-Feb-2026,SAGE,SAPTAUSAHA GEMILANGINDAH Tbk,REKSA DANA SUCORINVEST EQUITY PRIMA FUND,243.750.000,"3,03",L,MF
27-Feb-2026,SAGE,SAPTAUSAHA GEMILANGINDAH Tbk,REKSA DANA SUCORINVEST MAXI FUND,181.026.400,"2,25",L,MF
27-Feb-2026,SAGE,SAPTAUSAHA GEMILANGINDAH Tbk,ROBERT TANJANI,131.445.700,"1,64",L,ID
27-Feb-2026,SAME,SARANA MEDITAMA METROPOLITAN Tbk,PT ELANG MAHKOTA TEKNOLOGI TBK,14.544.147.845,"84,78",L,CP
27-Feb-2026,SAME,SARANA MEDITAMA METROPOLITAN Tbk,PT PAKUWON JATI,706.456.800,"4,12",L,CP
27-Feb-2026,SAMF,SARASWANTI ANUGERAH MAKMUR Tbk,PT. SARASWANTI UTAMA,7.612.500.000,"74,27",L,CP
27-Feb-2026,SAMF,SARASWANTI ANUGERAH MAKMUR Tbk,NOEGROHO HARIHARDONO,508.950.000,"4,97",L,ID
27-Feb-2026,SAMF,SARASWANTI ANUGERAH MAKMUR Tbk,PT SARANA SUBUR MAKMUR,400.631.000,"3,91",L,CP
27-Feb-2026,SAMF,SARASWANTI ANUGERAH MAKMUR Tbk,PT SURAPON BERKAH MAKMUR,351.072.700,"3,43",L,CP
27-Feb-2026,SAMF,SARASWANTI ANUGERAH MAKMUR Tbk,PT. ANUGERAH BANDA SAGARA,306.500.400,"2,99",L,CP
27-Feb-2026,SAMF,SARASWANTI ANUGERAH MAKMUR Tbk,PT BIOTEKNIKA PRIMA NUGRAHA,304.425.000,"2,97",L,CP
27-Feb-2026,SAMF,SARASWANTI ANUGERAH MAKMUR Tbk,YAHYA TAUFIK,280.140.000,"2,73",L,ID
27-Feb-2026,SAMF,SARASWANTI ANUGERAH MAKMUR Tbk,AGNES MARTAULINA DWI SARASWANTI HALOHO,163.560.000,"1,60",L,ID
27-Feb-2026,SAMF,SARASWANTI ANUGERAH MAKMUR Tbk,ANDREAS ADHI HARSANTO,134.850.000,"1,32",L,ID
27-Feb-2026,SAPX,SATRIA ANTARAN PRIMA Tbk,PT SATRIA INVESTAMA PERDANA,388.000.000,"46,56",L,CP
27-Feb-2026,SAPX,SATRIA ANTARAN PRIMA Tbk,GDEX SEA SDN BHD,150.000.000,"18,00",A,CP
27-Feb-2026,SAPX,SATRIA ANTARAN PRIMA Tbk,GD EXPRESS CARRIER BHD,137.500.000,"16,50",A,CP
27-Feb-2026,SAPX,SATRIA ANTARAN PRIMA Tbk,GD VALUEGUARD SDN BHD,83.333.300,"10,00",A,CP
27-Feb-2026,SAPX,SATRIA ANTARAN PRIMA Tbk,RHB INVESTMENT BANK BERHAD,28.591.600,"3,43",A,IB
27-Feb-2026,SATU,KOTA SATU PROPERTI Tbk,KOTA SATU INDONESIA PT,456.250.000,"33,18",,
27-Feb-2026,SATU,KOTA SATU PROPERTI Tbk,RADEN YOHANES KRISTIAN HARDIANTO,238.502.400,"17,35",L,ID
27-Feb-2026,SATU,KOTA SATU PROPERTI Tbk,LEO AGUNG VITO WICAKSANA,161.048.400,"11,71",L,ID
27-Feb-2026,SATU,KOTA SATU PROPERTI Tbk,ANTON STEFIAN DWI KRISTANTO,137.500.000,"10,00",L,ID
27-Feb-2026,SATU,KOTA SATU PROPERTI Tbk,STEFANI FARIDA,104.939.600,"7,63",L,ID
27-Feb-2026,SATU,KOTA SATU PROPERTI Tbk,GOUW TEDJA KURNIAWAN,48.657.900,"3,54",L,ID
27-Feb-2026,SATU,KOTA SATU PROPERTI Tbk,ITNAWATI LUKMAN,38.251.900,"2,78",L,ID
27-Feb-2026,SATU,KOTA SATU PROPERTI Tbk,YENI MARIA,33.821.400,"2,46",L,ID
27-Feb-2026,SATU,KOTA SATU PROPERTI Tbk,FELIANTRY SUGIYO,30.370.700,"2,21",L,ID
27-Feb-2026,SATU,KOTA SATU PROPERTI Tbk,ELIZABETH SANTOSA,21.371.700,"1,55",L,ID
27-Feb-2026,SATU,KOTA SATU PROPERTI Tbk,HENDARMIN AGUNGSETYA PURWANTO,20.305.500,"1,48",L,ID
27-Feb-2026,SATU,KOTA SATU PROPERTI Tbk,"UBS AG, LONDON",14.463.100,"1,05",A,IB
27-Feb-2026,SBAT,SEJAHTERA BINTANG ABADI TEXTILE Tbk,TAN HENG LOK,1.638.911.899,"34,48",L,ID
27-Feb-2026,SBAT,SEJAHTERA BINTANG ABADI TEXTILE Tbk,PT INDUSTRI TELEKOMUNIKASI INDONESIA,665.250.000,"14,00",L,CP
27-Feb-2026,SBAT,SEJAHTERA BINTANG ABADI TEXTILE Tbk,ANTONIO ANDREW IMANUEL,94.000.000,"1,98",L,ID
27-Feb-2026,SBAT,SEJAHTERA BINTANG ABADI TEXTILE Tbk,AGHNI DHAMAYANTI,90.000.000,"1,89",L,ID
27-Feb-2026,SBAT,SEJAHTERA BINTANG ABADI TEXTILE Tbk,HERMAN HALIM,75.933.700,"1,60",L,ID
27-Feb-2026,SBAT,SEJAHTERA BINTANG ABADI TEXTILE Tbk,JOKO SURANTO,70.300.000,"1,48",L,ID
27-Feb-2026,SBAT,SEJAHTERA BINTANG ABADI TEXTILE Tbk,R7 RIGEL.1 PTE. LTD.,55.982.200,"1,18",A,CP
27-Feb-2026,SBAT,SEJAHTERA BINTANG ABADI TEXTILE Tbk,GREGORIUS DANIEL NATA,54.044.600,"1,14",L,ID
27-Feb-2026,SBAT,SEJAHTERA BINTANG ABADI TEXTILE Tbk,GENDA ANANTA RAHMAT,53.800.000,"1,13",L,ID
27-Feb-2026,SBMA,SURYA BIRU MURNI ACETYLENE Tbk,PT SURYA BIRU TITILEA INVESTAMA,585.000.000,"62,91",,
27-Feb-2026,SBMA,SURYA BIRU MURNI ACETYLENE Tbk,TIFFANY WEI,65.000.000,"6,99",L,ID
27-Feb-2026,SBMA,SURYA BIRU MURNI ACETYLENE Tbk,VERAWATI,43.673.900,"4,70",L,ID
27-Feb-2026,SBMA,SURYA BIRU MURNI ACETYLENE Tbk,Rini Dwiyanti,25.795.700,"2,77",L,ID
27-Feb-2026,SCCO,SUPREME CABLE MANUFACTURING & COMMERCE,TPbTk. MODA SUKSES MAKMUR,276.303.000,"33,60",L,CP
27-Feb-2026,SCCO,SUPREME CABLE MANUFACTURING & COMMERCE,TPbTk SATU SATU SEMBILAN SUKSES MAKMUR,244.000.000,"29,67",L,CP
27-Feb-2026,SCCO,SUPREME CABLE MANUFACTURING & COMMERCE,"TFbUkRUKAWA ELECTRIC CO.,LTD.",97.102.560,"11,81",,
27-Feb-2026,SCCO,SUPREME CABLE MANUFACTURING & COMMERCE,"TSbEkTIA SAPTA, PT",26.883.600,"3,27",,
27-Feb-2026,SCCO,SUPREME CABLE MANUFACTURING & COMMERCE,"TSbINkAR SURABAYA SAKTI, PT",20.912.000,"2,54",,
27-Feb-2026,SCCO,SUPREME CABLE MANUFACTURING & COMMERCE,"TSbUkMBER DAYA SINAR BARU, PT",20.216.000,"2,46",,
27-Feb-2026,SCCO,SUPREME CABLE MANUFACTURING & COMMERCE,TRbEkKSA DANA SUCORINVEST SHARIA EQUITY FUND,16.102.300,"1,96",L,MF
27-Feb-2026,SCCO,SUPREME CABLE MANUFACTURING & COMMERCE,TSbOkEPONO,10.344.000,"1,26",,
27-Feb-2026,SCMA,SURYA CITRA MEDIA Tbk,PT ELANG MAHKOTA TEKNOLOGI TBK,55.050.691.340,"74,42",L,CP
27-Feb-2026,SCMA,SURYA CITRA MEDIA Tbk,SURYA CITRA MEDIA TBK PT,10.465.866.225,"14,15",L,CP
27-Feb-2026,SCNP,SELARAS CITRA NUSANTARA PERKASA Tbk,SENA DWIMAKMUR,1.125.005.660,"45,00",L,CP
27-Feb-2026,SCNP,SELARAS CITRA NUSANTARA PERKASA Tbk,GENERASI DUA SUKSES TERUS,666.661.000,"26,67",L,CP
27-Feb-2026,SCNP,SELARAS CITRA NUSANTARA PERKASA Tbk,PT SELARAS CITRA NUSANTARA PERKASA TBK,192.334.900,"7,69",L,CP
27-Feb-2026,SCNP,SELARAS CITRA NUSANTARA PERKASA Tbk,ALBULA INVESTMENT FUND LTD,119.086.500,"4,76",A,MF
27-Feb-2026,SCNP,SELARAS CITRA NUSANTARA PERKASA Tbk,"RANGGADA GRAHA NUANSA, PT",94.074.500,"3,76",L,CP
27-Feb-2026,SCNP,SELARAS CITRA NUSANTARA PERKASA Tbk,XAVERIUS NURSALIM,41.666.668,"1,67",L,ID
27-Feb-2026,SCNP,SELARAS CITRA NUSANTARA PERKASA Tbk,HENDRIK NURSALIM,41.666.668,"1,67",L,ID
27-Feb-2026,SCNP,SELARAS CITRA NUSANTARA PERKASA Tbk,WILLY NURSALIM,41.666.668,"1,67",L,ID
27-Feb-2026,SCNP,SELARAS CITRA NUSANTARA PERKASA Tbk,FREDDY NURSALIM,41.666.668,"1,67",L,ID
27-Feb-2026,SCNP,SELARAS CITRA NUSANTARA PERKASA Tbk,DR. Richard Nursalim,41.666.668,"1,67",L,ID
27-Feb-2026,SCNP,SELARAS CITRA NUSANTARA PERKASA Tbk,PUTRASAKTI MANDIRI PT,31.200.000,"1,25",L,CP
27-Feb-2026,SCPI,ORGANON PHARMA INDONESIA Tbk,ORGANON LLC,3.556.336,"98,79",A,CP
27-Feb-2026,SDMU,SIDOMULYO SELARAS Tbk,TJOE MIEN SASMINTO,1.533.089.644,"68,12",L,ID
27-Feb-2026,SDMU,SIDOMULYO SELARAS Tbk,PERUSAHAAN PERSEROAN (PERSERO) PT. ASABRI,205.000.000,"9,11",L,IS
27-Feb-2026,SDMU,SIDOMULYO SELARAS Tbk,JAMES ABRAHAN SUGIHARTO,35.100.000,"1,56",L,ID
27-Feb-2026,SDMU,SIDOMULYO SELARAS Tbk,AMELIA RITONI TJHIN,33.750.000,"1,50",L,ID
27-Feb-2026,SDMU,SIDOMULYO SELARAS Tbk,PETER IMMANUEL SUGIHARTO,29.025.100,"1,29",L,ID
27-Feb-2026,SDMU,SIDOMULYO SELARAS Tbk,RIA AGUSTINE,27.700.000,"1,23",L,ID
27-Feb-2026,SDPC,MILLENNIUM PHARMACON INTERNATIONAL Tbk,PHARMANIAGA INTERNATIONAL CORPORATION SDN.BHD,935.541.534,"73,43",A,CP
27-Feb-2026,SDPC,MILLENNIUM PHARMACON INTERNATIONAL Tbk,PT DANPAC PHARMA,123.844.020,"9,72",L,CP
27-Feb-2026,SDPC,MILLENNIUM PHARMACON INTERNATIONAL Tbk,PT. INDOLIFE PENSIONTAMA,42.762.830,"3,36",L,IS
27-Feb-2026,SDPC,MILLENNIUM PHARMACON INTERNATIONAL Tbk,PT NGRUMAT BONDO UTOMO,23.731.000,"1,86",L,CP
27-Feb-2026,SDPC,MILLENNIUM PHARMACON INTERNATIONAL Tbk,SIAUW YUNUS SUBANDI,23.334.925,"1,83",L,ID
27-Feb-2026,SDPC,MILLENNIUM PHARMACON INTERNATIONAL Tbk,CITRA DEWI MANURUNG,13.047.800,"1,02",L,ID
27-Feb-2026,SDRA,BANK WOORI SAUDARA INDONESIA 1906 Tbk,WOORI BANK,13.333.457.836,"90,75",A,IB
27-Feb-2026,SDRA,BANK WOORI SAUDARA INDONESIA 1906 Tbk,APRAMESIS META INVESTAMA PT,669.483.494,"4,56",L,CP
27-Feb-2026,SDRA,BANK WOORI SAUDARA INDONESIA 1906 Tbk,"META INTI DUTA, PT",327.464.403,"2,23",L,CP
27-Feb-2026,SEMA,SEMACOM INTEGRATED Tbk,PT. SEMACOM GLOBAL MANDIRI,900.000.000,"66,80",L,CP
27-Feb-2026,SEMA,SEMACOM INTEGRATED Tbk,SELVY MATTOALI,60.520.200,"4,49",L,ID
27-Feb-2026,SEMA,SEMACOM INTEGRATED Tbk,RUDI HARTONO INTAN,60.000.000,"4,45",L,ID
27-Feb-2026,SEMA,SEMACOM INTEGRATED Tbk,LOVELY MATTOALI,41.592.600,"3,09",L,ID
27-Feb-2026,SEMA,SEMACOM INTEGRATED Tbk,DJAJA TONNY INTAN,40.000.000,"2,97",L,ID
27-Feb-2026,SEMA,SEMACOM INTEGRATED Tbk,JOSEPHINE SUTJIAWAN TJIA,22.842.300,"1,70",L,ID
27-Feb-2026,SEMA,SEMACOM INTEGRATED Tbk,HENNY TAMUNGKU,17.656.000,"1,31",L,ID
27-Feb-2026,SEMA,SEMACOM INTEGRATED Tbk,JACQUELINE SUTJIAWAN,14.699.100,"1,09",L,ID
27-Feb-2026,SFAN,SURYA FAJAR CAPITAL Tbk,PT SURYA FAJAR CORPORA,968.754.430,"71,24",L,CP
27-Feb-2026,SFAN,SURYA FAJAR CAPITAL Tbk,PT SOLUSI FINANCIAL ASIA,66.110.520,"4,86",L,CP
27-Feb-2026,SFAN,SURYA FAJAR CAPITAL Tbk,PT TJAHAYA HARAPAN NUSANTARA,56.965.350,"4,19",L,CP
27-Feb-2026,SFAN,SURYA FAJAR CAPITAL Tbk,STEFFEN,33.950.000,"2,50",L,ID
27-Feb-2026,SFAN,SURYA FAJAR CAPITAL Tbk,PT GARUDAPRENEUR INVESTASI ASIA,30.773.500,"2,26",L,CP
27-Feb-2026,SFAN,SURYA FAJAR CAPITAL Tbk,HENRI WIDODO,27.362.800,"2,01",L,ID
27-Feb-2026,SGER,SUMBER GLOBAL ENERGY Tbk,PT SUMBERMAS INTI ENERGI,7.805.498.131,"50,08",L,CP
27-Feb-2026,SGER,SUMBER GLOBAL ENERGY Tbk,VIVI RAMALYATI HUTAMA,1.692.102.853,"10,86",L,ID
27-Feb-2026,SGER,SUMBER GLOBAL ENERGY Tbk,WELLY THOMAS,1.341.269.756,"8,61",L,ID
27-Feb-2026,SGER,SUMBER GLOBAL ENERGY Tbk,Harris Muliawan,752.476.309,"4,83",L,ID
27-Feb-2026,SGER,SUMBER GLOBAL ENERGY Tbk,PT HINENI TUJUH RESOURCES,628.234.123,"4,03",L,CP
27-Feb-2026,SGER,SUMBER GLOBAL ENERGY Tbk,KOPERASI CENTRAL ARTHA MANDIRI,600.380.421,"3,85",L,OT
27-Feb-2026,SGER,SUMBER GLOBAL ENERGY Tbk,PT. Victoria Investama Tbk,442.826.277,"2,84",L,CP
27-Feb-2026,SGER,SUMBER GLOBAL ENERGY Tbk,PT. BINTANG MITRA SEMESTARAYA TBK,316.594.503,"2,03",L,CP
27-Feb-2026,SGRO,PRIME AGRI RESOURCES Tbk,AGPA PTE. LTD.,1.195.217.500,"65,72",A,CP
27-Feb-2026,SGRO,PRIME AGRI RESOURCES Tbk,VIBRANT PINE LIMITED,90.735.800,"4,99",A,CP
27-Feb-2026,SGRO,PRIME AGRI RESOURCES Tbk,BOUNCED PTE LTD,90.541.500,"4,98",A,CP
27-Feb-2026,SGRO,PRIME AGRI RESOURCES Tbk,PT BUANA ANGGANA MANDURA,89.923.700,"4,94",L,CP
27-Feb-2026,SGRO,PRIME AGRI RESOURCES Tbk,PT GITA RAYA PERSADA,81.673.300,"4,49",L,CP
27-Feb-2026,SGRO,PRIME AGRI RESOURCES Tbk,PT BUMI DAKARA AGRAPANA,79.950.100,"4,40",L,CP
27-Feb-2026,SGRO,PRIME AGRI RESOURCES Tbk,PICTET TR,22.644.200,"1,25",A,CP
27-Feb-2026,SHID,HOTEL SAHID JAYA INTERNATIONAL Tbk,PT EMPU SAHID INTERNATIONAL,883.951.142,"78,97",L,CP
27-Feb-2026,SHID,HOTEL SAHID JAYA INTERNATIONAL Tbk,"SAHID INSANADI, PT",68.010.926,"6,08",L,CP
27-Feb-2026,SHID,HOTEL SAHID JAYA INTERNATIONAL Tbk,Retno Wijayaningsih,40.005.000,"3,57",L,ID
27-Feb-2026,SHID,HOTEL SAHID JAYA INTERNATIONAL Tbk,SUKAMDANI S. GITOSARDJONO,36.489.600,"3,26",L,ID
27-Feb-2026,SHID,HOTEL SAHID JAYA INTERNATIONAL Tbk,NY.YULIAH SUKAMDANI,33.149.600,"2,96",L,ID
27-Feb-2026,SHID,HOTEL SAHID JAYA INTERNATIONAL Tbk,ARIEF EFFENDI,31.177.000,"2,79",A,ID
27-Feb-2026,SHIP,SILLO MARITIME PERDANA Tbk,PT GOLDENHEAVEN PRIMA INVESTAMA,1.219.790.000,"44,85",L,CP
27-Feb-2026,SHIP,SILLO MARITIME PERDANA Tbk,PT MAXIMA PRIMA SEJAHTERA,1.000.000.000,"36,77",L,CP
27-Feb-2026,SHIP,SILLO MARITIME PERDANA Tbk,PT SURYANI SAMUDRA SEJATI,134.500.000,"4,95",L,CP
27-Feb-2026,SHIP,SILLO MARITIME PERDANA Tbk,Resources Fortune LTD,119.670.800,"4,40",A,OT
27-Feb-2026,SHIP,SILLO MARITIME PERDANA Tbk,PT BAYU SEMESTA ABADI,90.755.462,"3,34",L,CP
27-Feb-2026,SICO,SIGMA ENERGY COMPRESSINDO Tbk,PT. SIGMA ENERGY UTAMA,615.000.000,"67,58",L,CP
27-Feb-2026,SICO,SIGMA ENERGY COMPRESSINDO Tbk,PATRICIA GITTA CHANDRA,52.750.000,"5,80",L,ID
27-Feb-2026,SICO,SIGMA ENERGY COMPRESSINDO Tbk,ALI UMAR,21.135.000,"2,32",L,ID
27-Feb-2026,SIDO,INDUSTRI JAMU DAN FARMASI SIDO MUNCUL Tbk,PT HOTEL CANDI BARU,23.278.282.442,"77,59",L,CP
27-Feb-2026,SIDO,INDUSTRI JAMU DAN FARMASI SIDO MUNCUL Tbk,DRS SURONO SUBEKTI,678.519.900,"2,26",L,ID
27-Feb-2026,SIDO,INDUSTRI JAMU DAN FARMASI SIDO MUNCUL Tbk,"PT. INDUSTRI JAMU DAN FARMASI SIDO MUNCUL, TBK",564.800.000,"1,88",L,CP
27-Feb-2026,SIDO,INDUSTRI JAMU DAN FARMASI SIDO MUNCUL Tbk,EMPLOYEES PROVIDENT FUND BOARD,528.235.700,"1,76",A,PF
27-Feb-2026,SILO,SILOAM INTERNATIONAL HOSPITALS Tbk,SIGHT INVESTMENT COMPANY PTE LIMITED,8.329.093.832,"64,04",A,CP
27-Feb-2026,SILO,SILOAM INTERNATIONAL HOSPITALS Tbk,"MEGAPRATAMA KARYA PERSADA, PT",2.679.256.980,"20,60",L,CP
27-Feb-2026,SILO,SILOAM INTERNATIONAL HOSPITALS Tbk,"GLORIA MULIA, PT",457.380.896,"3,52",L,CP
27-Feb-2026,SILO,SILOAM INTERNATIONAL HOSPITALS Tbk,"NILAM BIRU BERSINAR, PT.",396.900.000,"3,05",,
27-Feb-2026,SILO,SILOAM INTERNATIONAL HOSPITALS Tbk,"SAFIRA PRIMA UTAMA, PT.",242.453.224,"1,86",,
27-Feb-2026,SIMA,SIWANI MAKMUR Tbk,JAKSA AGUNG MUDA BIDANG TINDAK PIDANA KHUSUS KEJAKSAAN REPUBLIK INDONESIA KEJAKSAAN REPUBLIK INDONESIA,53.344.500,"12,05",L,OT
27-Feb-2026,SIMA,SIWANI MAKMUR Tbk,"BANK DANAMON INDONESIA Tbk, PT - REGISTRAR",26.458.066,"5,98",L,IB
27-Feb-2026,SIMA,SIWANI MAKMUR Tbk,PT Yuanta Sekuritas Indonesia,25.808.000,"5,83",L,SC
27-Feb-2026,SIMA,SIWANI MAKMUR Tbk,PT. ASURANSI JIWA IFG,21.610.424,"4,88",L,IS
27-Feb-2026,SIMA,SIWANI MAKMUR Tbk,REKSA DANA VICTORIA EQUITY MAXIMA,21.130.000,"4,77",L,MF
27-Feb-2026,SIMA,SIWANI MAKMUR Tbk,REKSA DANA POOL ADVISTA KAPITAL OPTIMAL,16.826.000,"3,80",L,MF
27-Feb-2026,SIMA,SIWANI MAKMUR Tbk,PT Wanteg Sekuritas,14.604.100,"3,30",L,SC
27-Feb-2026,SIMA,SIWANI MAKMUR Tbk,REKSA DANA AURORA SMC EQUITY,13.000.000,"2,94",L,MF
27-Feb-2026,SIMA,SIWANI MAKMUR Tbk,Jonathan Subroto,12.944.200,"2,92",L,ID
27-Feb-2026,SIMA,SIWANI MAKMUR Tbk,REKSA DANA EMCO MANTAP,12.583.400,"2,84",L,MF
27-Feb-2026,SIMA,SIWANI MAKMUR Tbk,CHRISTOPHER PANDU WINATA,6.309.700,"1,43",L,ID
27-Feb-2026,SIMA,SIWANI MAKMUR Tbk,PERUSAHAAN PERSEROAN (PERSERO) PT. ASABRI,5.722.541,"1,29",L,IS
27-Feb-2026,SIMP,SALIM IVOMAS PRATAMA Tbk,INDOFOOD AGRI RESOURCES LTD.,11.387.745.000,"73,46",A,OT
27-Feb-2026,SIMP,SALIM IVOMAS PRATAMA Tbk,INDOFOOD SUKSES MAKMUR TBK,1.035.306.400,"6,68",L,CP
27-Feb-2026,SIMP,SALIM IVOMAS PRATAMA Tbk,LO KHENG HONG. DRS,779.207.000,"5,03",L,ID
27-Feb-2026,SIMP,SALIM IVOMAS PRATAMA Tbk,"PANIN SEKURITAS Tbk, PT",238.182.000,"1,54",L,SC
27-Feb-2026,SIMP,SALIM IVOMAS PRATAMA Tbk,MANDIRI INVESTAMA SEJATI,163.540.000,"1,06",,
27-Feb-2026,SINI,SINGARAJA PUTRA Tbk,PT. AUTUM PRIMA INDONESIA,144.300.000,"30,00",L,CP
27-Feb-2026,SINI,SINGARAJA PUTRA Tbk,PT. KREASI JASA PERSADA,94.940.000,"19,74",L,CP
27-Feb-2026,SINI,SINGARAJA PUTRA Tbk,BATUBARA DEVELOPMENT PTE. LTD.,74.530.000,"15,49",A,CP
27-Feb-2026,SINI,SINGARAJA PUTRA Tbk,HAPSORO,43.290.000,"9,00",L,ID
27-Feb-2026,SINI,SINGARAJA PUTRA Tbk,SUSAN HIOE,14.464.400,"3,01",L,ID
27-Feb-2026,SINI,SINGARAJA PUTRA Tbk,RIYAN SYAHFIKRI,5.183.200,"1,08",L,ID
27-Feb-2026,SIPD,SREEYA SEWU INDONESIA Tbk,GREAT GIANT PINEAPPLE,1.669.503.819,"90,78",L,CP
27-Feb-2026,SIPD,SREEYA SEWU INDONESIA Tbk,PT SURYA PRIMA INTERNATIONAL,46.636.300,"2,54",L,CP
27-Feb-2026,SIPD,SREEYA SEWU INDONESIA Tbk,BOOM SECURITIES (H.K.) LIMITED,23.832.500,"1,30",A,SC
27-Feb-2026,SKBM,SEKAR BUMI Tbk,TAEL TWO PARTNERS LTD,554.706.046,"32,06",,
27-Feb-2026,SKBM,SEKAR BUMI Tbk,GREEN RESOURCES INVESTMENTS PTE. LTD.,338.732.360,"19,58",A,OT
27-Feb-2026,SKBM,SEKAR BUMI Tbk,MULTI KARYA SEJATI,169.860.287,"9,82",,
27-Feb-2026,SKBM,SEKAR BUMI Tbk,PERUSAHAAN PERSEROAN (PERSERO) BANK NEGARA INDONESIA,105.927.874,"6,12",L,IB
27-Feb-2026,SKBM,SEKAR BUMI Tbk,FJ CAPITAL PTE. LTD.,93.859.834,"5,43",A,OT
27-Feb-2026,SKBM,SEKAR BUMI Tbk,ROYAL PRIMA PACIFIC PTE. LTD.,86.086.390,"4,98",A,OT
27-Feb-2026,SKBM,SEKAR BUMI Tbk,VEE FORTUNE PTE. LTD.,79.530.584,"4,60",A,CP
27-Feb-2026,SKBM,SEKAR BUMI Tbk,KENFAY RESOURCES PTE. LTD.,78.211.390,"4,52",A,OT
27-Feb-2026,SKBM,SEKAR BUMI Tbk,OEI HARRY LUKMITO,33.985.745,"1,96",L,ID
27-Feb-2026,SKBM,SEKAR BUMI Tbk,FANNI SUSILO,26.153.420,"1,51",L,ID
27-Feb-2026,SKBM,SEKAR BUMI Tbk,PT ADANA VISI INVESTAMA,19.764.180,"1,14",L,CP
27-Feb-2026,SKLT,SEKAR LAUT Tbk,GREEN RESOURCES INVESTMENTS PTE. LTD.,2.964.293.140,"42,91",A,OT
27-Feb-2026,SKLT,SEKAR LAUT Tbk,FJ CAPITAL PTE. LTD.,720.454.215,"10,43",A,OT
27-Feb-2026,SKLT,SEKAR LAUT Tbk,PT. SEKAR LAUT TBK,669.369.300,"9,69",L,CP
27-Feb-2026,SKLT,SEKAR LAUT Tbk,PT ANEKA AGRO FOOD,451.821.875,"6,54",L,CP
27-Feb-2026,SKLT,SEKAR LAUT Tbk,PT VISI INTI PELANGI,451.821.875,"6,54",L,CP
27-Feb-2026,SKLT,SEKAR LAUT Tbk,PT ESWHUANG,451.821.875,"6,54",L,CP
27-Feb-2026,SKLT,SEKAR LAUT Tbk,VEE FORTUNE PTE. LTD.,268.632.340,"3,89",A,CP
27-Feb-2026,SKLT,SEKAR LAUT Tbk,KENFAY RESOURCES PTE. LTD.,268.632.340,"3,89",A,OT
27-Feb-2026,SKLT,SEKAR LAUT Tbk,ROYAL PRIMA PACIFIC PTE. LTD.,268.632.340,"3,89",A,OT
27-Feb-2026,SKLT,SEKAR LAUT Tbk,PT WOK MITRA LESTARI,177.269.900,"2,57",L,CP
27-Feb-2026,SKLT,SEKAR LAUT Tbk,BNP PARIBAS SINGAPORE BRANCH,72.845.000,"1,05",A,IB
27-Feb-2026,SKRN,SUPERKRANE MITRA UTAMA Tbk,PT SAGA INVESTAMA SEDAYA,4.481.000.000,"59,75",L,CP
27-Feb-2026,SKRN,SUPERKRANE MITRA UTAMA Tbk,YAFIN TANDIONO TAN,1.750.000.000,"23,33",L,ID
27-Feb-2026,SKRN,SUPERKRANE MITRA UTAMA Tbk,PT. SUPERKRANE MITRA UTAMA TBK,382.000.174,"5,09",L,CP
27-Feb-2026,SKRN,SUPERKRANE MITRA UTAMA Tbk,FEDERAL INTERNATIONAL (2000) LTD,208.813.499,"2,78",A,CP
27-Feb-2026,SKRN,SUPERKRANE MITRA UTAMA Tbk,GLOBRANT INVESTMENT INC,172.057.606,"2,29",A,CP
27-Feb-2026,SKRN,SUPERKRANE MITRA UTAMA Tbk,ZHENYU LI,140.000.000,"1,87",L,ID
27-Feb-2026,SKRN,SUPERKRANE MITRA UTAMA Tbk,HENGKY WIJAYA OEY,122.288.300,"1,63",L,ID
27-Feb-2026,SKRN,SUPERKRANE MITRA UTAMA Tbk,LAM ANTON RAMLI,102.800.000,"1,37",L,ID
27-Feb-2026,SKYB,NORTHCLIFF CITRANUSA INDONESIA Tbk,JPMCB NA RE-ORA PRO NOBIS INTERNATIONAL CORP,107.444.000,"18,37",A,CP
27-Feb-2026,SKYB,NORTHCLIFF CITRANUSA INDONESIA Tbk,TRES MARIA CAPITAL LTD,89.420.000,"15,29",A,OT
27-Feb-2026,SKYB,NORTHCLIFF CITRANUSA INDONESIA Tbk,REKSA DANA NARADA SAHAM INDONESIA II,61.319.300,"10,48",L,MF
27-Feb-2026,SKYB,NORTHCLIFF CITRANUSA INDONESIA Tbk,DBS BANK LTD.,52.646.100,"9,00",A,IB
27-Feb-2026,SKYB,NORTHCLIFF CITRANUSA INDONESIA Tbk,ERRY SULISTIO,44.566.700,"7,62",L,ID
27-Feb-2026,SKYB,NORTHCLIFF CITRANUSA INDONESIA Tbk,REKSA DANA NARADA SAHAM INDONESIA,27.582.200,"4,71",L,MF
27-Feb-2026,SKYB,NORTHCLIFF CITRANUSA INDONESIA Tbk,REKSA DANA NARADA CAMPURAN I,27.582.200,"4,71",L,MF
27-Feb-2026,SKYB,NORTHCLIFF CITRANUSA INDONESIA Tbk,REKSA DANA SYARIAH NARADA SAHAM BERKAH SYARIAH,27.582.200,"4,71",L,MF
27-Feb-2026,SKYB,NORTHCLIFF CITRANUSA INDONESIA Tbk,DINA ARJANTI,22.625.000,"3,87",L,ID
27-Feb-2026,SKYB,NORTHCLIFF CITRANUSA INDONESIA Tbk,NIKI NASTITIE KARYA DEWI,22.625.000,"3,87",L,ID
27-Feb-2026,SKYB,NORTHCLIFF CITRANUSA INDONESIA Tbk,PT. NARADA ADIKARA INDONESIA,21.451.500,"3,67",L,CP
27-Feb-2026,SKYB,NORTHCLIFF CITRANUSA INDONESIA Tbk,PT NORTHCLIFF INDONESIA,14.758.100,"2,52",L,CP
27-Feb-2026,SKYB,NORTHCLIFF CITRANUSA INDONESIA Tbk,CREATIVE ONE LIMITED,9.377.900,"1,60",A,CP
27-Feb-2026,SKYB,NORTHCLIFF CITRANUSA INDONESIA Tbk,IRWAN SUDJONO,6.589.400,"1,13",L,ID
27-Feb-2026,SLIS,GAYA ABADI SEMPURNA Tbk,PT SELIS INVESTAMA INDONESIA,1.125.000.000,"45,67",L,CP
27-Feb-2026,SLIS,GAYA ABADI SEMPURNA Tbk,TJOA KING HOA,179.992.600,"7,31",L,ID
27-Feb-2026,SLIS,GAYA ABADI SEMPURNA Tbk,SUGIYANTO,31.279.100,"1,27",L,ID
27-Feb-2026,SMAR,SINAR MAS AGRO RESOURCES AND TECHNOLOGY T,bPkT PURIMAS SASMITA,2.653.897.571,"92,40",L,CP
27-Feb-2026,SMAR,SINAR MAS AGRO RESOURCES AND TECHNOLOGY T,bKkOPERASI KARYAWAN SMART KANTOR PUSAT JAKARTA,138.309.100,"4,82",L,OT
27-Feb-2026,SMAR,SINAR MAS AGRO RESOURCES AND TECHNOLOGY T,bEkUROTRADE DEVELOPMENTS LIMITED,55.595.805,"1,94",A,CP
27-Feb-2026,SMBR,SEMEN BATURAJA Tbk,PT SEMEN INDONESIA (PERSERO) TBK,7.499.999.999,"75,51",L,CP
27-Feb-2026,SMBR,SEMEN BATURAJA Tbk,PT. ASURANSI JIWA IFG,784.084.300,"7,89",L,IS
27-Feb-2026,SMBR,SEMEN BATURAJA Tbk,PERUSAHAAN PERSEROAN (PERSERO) PT. ASABRI,472.428.600,"4,76",L,IS
27-Feb-2026,SMCB,SOLUSI BANGUN INDONESIA Tbk,PT SEMEN INDONESIA (PERSERO) TBK,7.533.148.888,"83,52",L,CP
27-Feb-2026,SMCB,SOLUSI BANGUN INDONESIA Tbk,Taiheiyo Cement Corporation,1.367.396.991,"15,16",A,CP
27-Feb-2026,SMDM,SURYAMAS DUTAMAKMUR Tbk,BUMI SERPONG DAMAI TBK PT,4.723.134.988,"98,97",L,CP
27-Feb-2026,SMDR,SAMUDERA INDONESIA Tbk,"SAMUDERA INDONESIA TANGGUH, PT",9.184.000.000,"56,08",,
27-Feb-2026,SMDR,SAMUDERA INDONESIA Tbk,"NGRUMAT BONDO UTOMO, PT",2.376.831.738,"14,51",,
27-Feb-2026,SMDR,SAMUDERA INDONESIA Tbk,SAMUDERA INDONESIA TANGGUH,313.848.000,"1,92",L,CP
27-Feb-2026,SMDR,SAMUDERA INDONESIA Tbk,"SUDIARSO, DRS",312.661.400,"1,91",,
27-Feb-2026,SMDR,SAMUDERA INDONESIA Tbk,DANA PENSIUN SAMUDERA INDONESIA,174.260.400,"1,06",L,PF
27-Feb-2026,SMGA,SUMBER MINERAL GLOBAL ABADI Tbk,SUMBER GLOBAL ENERGY TBK,6.300.000.000,"72,00",L,CP
27-Feb-2026,SMGA,SUMBER MINERAL GLOBAL ABADI Tbk,VIVI RAMALYATI HUTAMA,700.000.000,"8,00",L,ID
27-Feb-2026,SMGA,SUMBER MINERAL GLOBAL ABADI Tbk,REKSA DANA PACIFIC EQUITY GROWTH FUND V,98.800.000,"1,13",L,MF
27-Feb-2026,SMGA,SUMBER MINERAL GLOBAL ABADI Tbk,REKSA DANA PACIFIC EQUITY GROWTH FUND,95.000.000,"1,09",L,MF
27-Feb-2026,SMGR,SEMEN INDONESIA (PERSERO) Tbk,PERUSAHAAN PERSEROAN (PERSERO) PT DANANTARA ASSET MANAGEMENT,3.422.452.775,"50,69",L,CP
27-Feb-2026,SMGR,SEMEN INDONESIA (PERSERO) Tbk,DJS KETENAGAKERJAAN PROGRAM JAMINAN HARI TUA,230.981.000,"3,42",L,IS
27-Feb-2026,SMGR,SEMEN INDONESIA (PERSERO) Tbk,INVESCO FUNDS,183.335.610,"2,72",A,MF
27-Feb-2026,SMGR,SEMEN INDONESIA (PERSERO) Tbk,T. ROWE PRICE EMERGING MARKETS DISCOVERY STOCK TRUST,107.177.300,"1,59",A,OT
27-Feb-2026,SMGR,SEMEN INDONESIA (PERSERO) Tbk,BEST INVESTMENT CORPORATION,86.324.256,"1,28",A,OT
27-Feb-2026,SMGR,SEMEN INDONESIA (PERSERO) Tbk,PT TASPEN (PERSERO),80.125.600,"1,19",L,IS
27-Feb-2026,SMGR,SEMEN INDONESIA (PERSERO) Tbk,FIDELITY FUNDS,80.346.061,"1,19",A,MF
27-Feb-2026,SMGR,SEMEN INDONESIA (PERSERO) Tbk,THE HARTFORD INTERNATIONAL VALUE FUND,79.043.446,"1,17",A,MF
27-Feb-2026,SMIL,SARANA MITRA LUAS Tbk,HADI SUHERMIN,4.112.024.900,"46,99",L,ID
27-Feb-2026,SMIL,SARANA MITRA LUAS Tbk,LUCIA IRAWATY LIE,2.100.000.000,"24,00",,
27-Feb-2026,SMIL,SARANA MITRA LUAS Tbk,WINSTON SUHERMIN,700.000.000,"8,00",,
27-Feb-2026,SMIL,SARANA MITRA LUAS Tbk,PT MAYBANK SEKURITAS INDONESIA - REGISTRAR,450.000.000,"5,14",L,SC
27-Feb-2026,SMIL,SARANA MITRA LUAS Tbk,RAHMAT HIDAYAT,281.738.600,"3,22",L,ID
27-Feb-2026,SMIL,SARANA MITRA LUAS Tbk,PT ASURANSI JIWA STARINVESTAMA,167.300.000,"1,91",L,IS
27-Feb-2026,SMIL,SARANA MITRA LUAS Tbk,RIDWAN SYAHRIL,102.987.700,"1,18",L,ID
27-Feb-2026,SMIL,SARANA MITRA LUAS Tbk,ZAFA INTER INVESTAMA,94.493.400,"1,08",L,CP
27-Feb-2026,SMKL,SATYAMITRA KEMAS LESTARI Tbk,PT. SATYAMITRA INVESTINDO PRATAMA,2.839.189.300,"83,06",L,CP
27-Feb-2026,SMKL,SATYAMITRA KEMAS LESTARI Tbk,TAN FRANCO AGUNG,72.500.000,"2,12",L,ID
27-Feb-2026,SMKL,SATYAMITRA KEMAS LESTARI Tbk,JPMCB NA RE - SHINHAN BANK ACTING AS CUSTODY OF HONORS ASIA IPO PRIVATE INVESTMENT FUND,65.540.800,"1,92",A,OT
27-Feb-2026,SMKL,SATYAMITRA KEMAS LESTARI Tbk,ANG KINARDO,63.500.000,"1,86",L,ID
27-Feb-2026,SMKL,SATYAMITRA KEMAS LESTARI Tbk,SIMON ANGDIAS,34.480.000,"1,01",L,ID
27-Feb-2026,SMKM,SUMBER MAS KONSTRUKSI Tbk,LIM SHRIMP ORG PTE. LTD.,313.250.000,"25,00",A,CP
27-Feb-2026,SMKM,SUMBER MAS KONSTRUKSI Tbk,"VINA NAULI JORDANIA, PT",62.650.000,"5,00",L,CP
27-Feb-2026,SMKM,SUMBER MAS KONSTRUKSI Tbk,BONDRA UJI PRATAMA,38.371.500,"3,06",L,ID
27-Feb-2026,SMKM,SUMBER MAS KONSTRUKSI Tbk,ADVANCE OPPORTUNITIES FUND,22.388.895,"1,79",A,MF
27-Feb-2026,SMKM,SUMBER MAS KONSTRUKSI Tbk,PELAYARAN NELLY DWI PUTRI TBK PT,22.360.000,"1,78",L,CP
27-Feb-2026,SMKM,SUMBER MAS KONSTRUKSI Tbk,THAT FA,20.354.100,"1,62",L,ID
27-Feb-2026,SMKM,SUMBER MAS KONSTRUKSI Tbk,PT. KITA TUMBUH BERSAMA,19.199.200,"1,53",L,CP
27-Feb-2026,SMKM,SUMBER MAS KONSTRUKSI Tbk,BARCLAYS CAPITAL SECURITIES LIMITED,15.543.400,"1,24",A,IB
27-Feb-2026,SMLE,SINERGI MULTI LESTARINDO Tbk,PT. SINERGI ASIA CORPORINDO,1.642.593.400,"70,55",L,CP
27-Feb-2026,SMLE,SINERGI MULTI LESTARINDO Tbk,PHILLIP SECURITIES PTE LTD,100.328.700,"4,31",A,SC
27-Feb-2026,SMLE,SINERGI MULTI LESTARINDO Tbk,UOB KAY HIAN PRIVATE LIMITED,88.397.600,"3,80",A,SC
27-Feb-2026,SMLE,SINERGI MULTI LESTARINDO Tbk,NJONO SAMPOERNO,84.228.600,"3,62",L,ID
27-Feb-2026,SMLE,SINERGI MULTI LESTARINDO Tbk,CGS INTERNATIONAL SECURITIES SINGAPORE PTE LTD,64.618.300,"2,78",A,IB
27-Feb-2026,SMLE,SINERGI MULTI LESTARINDO Tbk,TANTI ROYANI,30.060.000,"1,29",L,ID
27-Feb-2026,SMLE,SINERGI MULTI LESTARINDO Tbk,YULIA ROSALINE,30.060.000,"1,29",L,ID
27-Feb-2026,SMLE,SINERGI MULTI LESTARINDO Tbk,FERDIANSYAH,25.577.000,"1,10",L,ID
27-Feb-2026,SMMA,SINAR MAS MULTIARTHA Tbk,SINAR MAS CAKRAWALA,3.115.407.809,"48,93",L,CP
27-Feb-2026,SMMA,SINAR MAS MULTIARTHA Tbk,Asia Investment Banking Corporation,257.869.915,"4,05",A,IB
27-Feb-2026,SMMA,SINAR MAS MULTIARTHA Tbk,DIAN CIPTAMAS AGUNG PT,252.510.737,"3,97",L,CP
27-Feb-2026,SMMA,SINAR MAS MULTIARTHA Tbk,ASIA MERCHANT BANK LIMITED,175.701.228,"2,76",A,IB
27-Feb-2026,SMMA,SINAR MAS MULTIARTHA Tbk,PT. SUMMIT AUTO GROUP,119.856.000,"1,88",L,CP
27-Feb-2026,SMMA,SINAR MAS MULTIARTHA Tbk,HSBC LTD-SINGAPORE BRANCH PRIVATE BANKING DIVISION ACCOUNT CLIENTS,119.633.943,"1,88",A,CP
27-Feb-2026,SMMA,SINAR MAS MULTIARTHA Tbk,PINDO DELI PULP AND PAPER MILLS,100.811.000,"1,58",L,CP
27-Feb-2026,SMMA,SINAR MAS MULTIARTHA Tbk,INTERVENTURES CAPITAL PTE. LTD,76.506.678,"1,20",A,OT
27-Feb-2026,SMMA,SINAR MAS MULTIARTHA Tbk,SHENTON WORLD FUND LTD,71.836.800,"1,13",A,MF
27-Feb-2026,SMMA,SINAR MAS MULTIARTHA Tbk,PT NUSANTARA INDAH CEMERLANG,70.661.259,"1,11",L,CP
27-Feb-2026,SMMA,SINAR MAS MULTIARTHA Tbk,PT CAKRAWALA MEGA INDAH,65.196.428,"1,02",L,CP
27-Feb-2026,SMMT,GOLDEN EAGLE ENERGY Tbk,PT GEO ENERGY INVESTAMA,2.303.030.067,"67,24",L,CP
27-Feb-2026,SMMT,GOLDEN EAGLE ENERGY Tbk,PT GOLDEN PRIMA ENERGY,724.500.000,"21,15",L,CP
27-Feb-2026,SMMT,GOLDEN EAGLE ENERGY Tbk,PT SINAR UNGGUL INTERNASIONAL,85.916.000,"2,51",L,CP
27-Feb-2026,SMMT,GOLDEN EAGLE ENERGY Tbk,ADEL INDO PRATAMA,68.616.200,"2,00",L,CP
27-Feb-2026,SMMT,GOLDEN EAGLE ENERGY Tbk,BENNY PONTIAN MUSLIM,43.750.000,"1,28",L,ID
27-Feb-2026,SMRA,SUMMARECON AGUNG Tbk,PT SEMAROP AGUNG,5.909.304.916,"35,80",L,CP
27-Feb-2026,SMRA,SUMMARECON AGUNG Tbk,LILIAWATI RAHARDJO,943.500.036,"5,72",L,ID
27-Feb-2026,SMRA,SUMMARECON AGUNG Tbk,GOODRIDGE INTERNATIONAL LTD.,555.002.079,"3,36",A,OT
27-Feb-2026,SMRA,SUMMARECON AGUNG Tbk,SUNARNI RAHARDJA,460.114.860,"2,79",L,ID
27-Feb-2026,SMRA,SUMMARECON AGUNG Tbk,GREAT WALL WORLDWIDE LTD,449.241.954,"2,72",A,OT
27-Feb-2026,SMRA,SUMMARECON AGUNG Tbk,DJS KETENAGAKERJAAN PROGRAM JAMINAN HARI TUA,435.978.354,"2,64",L,IS
27-Feb-2026,SMRA,SUMMARECON AGUNG Tbk,PT. INTIMAX INTRACO,402.096.520,"2,44",L,CP
27-Feb-2026,SMRA,SUMMARECON AGUNG Tbk,SISKA RAHARJA,360.278.643,"2,18",L,ID
27-Feb-2026,SMRA,SUMMARECON AGUNG Tbk,THE NT TST CO S/A AVANDA ASIA VANTAGE MASTER FUND,348.324.047,"2,11",A,OT
27-Feb-2026,SMRA,SUMMARECON AGUNG Tbk,GOVERNMENT OF NORWAY,319.193.466,"1,93",A,OT
27-Feb-2026,SMRA,SUMMARECON AGUNG Tbk,"SULISMAN GRAHA, PT",218.319.000,"1,32",L,CP
27-Feb-2026,SMRU,SMR UTAMA Tbk,"TRADA ALAM MINERA TBK, PT",6.537.292.419,"52,30",L,CP
27-Feb-2026,SMRU,SMR UTAMA Tbk,PT. ASURANSI JIWA IFG,1.235.580.313,"9,89",L,IS
27-Feb-2026,SMRU,SMR UTAMA Tbk,PERUSAHAAN PERSEROAN (PERSERO) PT. ASABRI,1.148.050.473,"9,18",L,IS
27-Feb-2026,SMRU,SMR UTAMA Tbk,Reksa Dana Pan Arcadia Dana Saham Bertumbuh,344.172.400,"2,75",L,MF
27-Feb-2026,SMRU,SMR UTAMA Tbk,REKSA DANA SYARIAH POOL ADVISTA KAPITAL SYARIAH,324.187.800,"2,59",L,MF
27-Feb-2026,SMRU,SMR UTAMA Tbk,REKSA DANA POOL ADVISTA KAPITAL OPTIMAL,323.202.000,"2,59",L,MF
27-Feb-2026,SMRU,SMR UTAMA Tbk,REKSA DANA SYARIAH AURORA SHARIA EQUITY,251.078.000,"2,01",L,MF
27-Feb-2026,SMRU,SMR UTAMA Tbk,GOLDEN HARVEST COCOA LTD,241.941.000,"1,94",A,CP
27-Feb-2026,SMRU,SMR UTAMA Tbk,REKSA DANA SYARIAH TREASURE SAHAM BERKAH SYARIAH,160.055.000,"1,28",L,MF
27-Feb-2026,SMRU,SMR UTAMA Tbk,REKSA DANA TF SUPER MAXXI,148.370.500,"1,19",L,MF
27-Feb-2026,SMRU,SMR UTAMA Tbk,REKSA DANA SYARIAH PAN ARCADIA EKUITAS SYARIAH PROGRESIF,142.147.377,"1,14",L,MF
27-Feb-2026,SMRU,SMR UTAMA Tbk,REKSA DANA SYARIAH POOL ADVISTA EKUITAS OPTIMA SYARIAH,141.000.000,"1,13",L,MF
27-Feb-2026,SMSM,SELAMAT SEMPURNA Tbk,PT ADRINDO INTI PERKASA,2.910.392.136,"50,54",L,CP
27-Feb-2026,SMSM,SELAMAT SEMPURNA Tbk,FIDELITY INVESTMENT TRUST:FIDELITY INTERNATIONAL SMALL CAP FUND,206.988.500,"3,59",A,MF
27-Feb-2026,SMSM,SELAMAT SEMPURNA Tbk,JPMCB NA RE - VANGUARD INTERNATIONAL VALUE FUND,175.810.416,"3,05",A,MF
27-Feb-2026,SMSM,SELAMAT SEMPURNA Tbk,JPMCB NA AIF CLT RE-THE SCOTTISH ORIENTAL SMALLER COMPANIES TRUST PLC,169.905.700,"2,95",A,CP
27-Feb-2026,SMSM,SELAMAT SEMPURNA Tbk,PT. SELARAS NUSANTARA CEMERLANG,165.517.572,"2,87",L,CP
27-Feb-2026,SMSM,SELAMAT SEMPURNA Tbk,FIDELITY FUNDS,159.589.300,"2,77",A,MF
27-Feb-2026,SMSM,SELAMAT SEMPURNA Tbk,SURYADI HARTONO,137.666.440,"2,39",L,ID
27-Feb-2026,SMSM,SELAMAT SEMPURNA Tbk,MERYANA HARTONO,133.368.800,"2,32",L,ID
27-Feb-2026,SMSM,SELAMAT SEMPURNA Tbk,DJOJO HARTONO,132.173.100,"2,30",L,ID
27-Feb-2026,SMSM,SELAMAT SEMPURNA Tbk,SURJA HARTONO,130.000.000,"2,26",L,ID
27-Feb-2026,SMSM,SELAMAT SEMPURNA Tbk,ANG ANDRI PRIBADI,116.240.000,"2,02",L,ID
27-Feb-2026,SMSM,SELAMAT SEMPURNA Tbk,OEIJ HUI PEK,115.173.508,"2,00",L,ID
27-Feb-2026,SMSM,SELAMAT SEMPURNA Tbk,INVESCO INTERNATIONAL SMALL-MID COMPANY FUND,98.147.500,"1,70",A,MF
27-Feb-2026,SMSM,SELAMAT SEMPURNA Tbk,EDDY HARTONO,79.209.652,"1,38",L,ID
27-Feb-2026,SMSM,SELAMAT SEMPURNA Tbk,FIDELITY INVESTMENT TRUST: FIDELITY SERIES INTERNATIONAL SMALL CAP FUND,59.800.000,"1,04",A,MF
27-Feb-2026,SNLK,SUNTER LAKESIDE HOTEL Tbk,UNILINK VENTURES INC.,165.116.000,"36,69",A,CP
27-Feb-2026,SNLK,SUNTER LAKESIDE HOTEL Tbk,SAPTO UTOMO HIDAJAT,44.000.000,"9,78",L,ID
27-Feb-2026,SNLK,SUNTER LAKESIDE HOTEL Tbk,DBS BANK LTD.,22.000.000,"4,89",A,IB
27-Feb-2026,SNLK,SUNTER LAKESIDE HOTEL Tbk,SURJO LUHUR HIDAJAT,22.000.000,"4,89",L,ID
27-Feb-2026,SNLK,SUNTER LAKESIDE HOTEL Tbk,DANIEL HIDAYAT,22.000.000,"4,89",L,ID
27-Feb-2026,SNLK,SUNTER LAKESIDE HOTEL Tbk,MAH MING FEI,21.600.000,"4,80",A,ID
27-Feb-2026,SNLK,SUNTER LAKESIDE HOTEL Tbk,PT KONSULTAN BISNIS PRIMA,21.150.000,"4,70",L,CP
27-Feb-2026,SNLK,SUNTER LAKESIDE HOTEL Tbk,PAMELA HIDAJAT,21.000.000,"4,67",A,ID
27-Feb-2026,SNLK,SUNTER LAKESIDE HOTEL Tbk,LEONARD HIDAYAT,20.827.000,"4,63",L,ID
27-Feb-2026,SNLK,SUNTER LAKESIDE HOTEL Tbk,ELISHEA HIDAJAT (LIN YI),18.700.000,"4,16",A,ID
27-Feb-2026,SNLK,SUNTER LAKESIDE HOTEL Tbk,JASON HIDAJAT,15.300.000,"3,40",L,ID
27-Feb-2026,SNLK,SUNTER LAKESIDE HOTEL Tbk,ALEXANDER HIDAJAT,15.305.000,"3,40",L,ID
27-Feb-2026,SNLK,SUNTER LAKESIDE HOTEL Tbk,ISABEL HIDAJAT,6.000.000,"1,33",L,ID
27-Feb-2026,SNLK,SUNTER LAKESIDE HOTEL Tbk,ELAINE HIDAJAT,6.000.000,"1,33",L,ID
27-Feb-2026,SOCI,SOECHI LINES Tbk,PT PILAR SUKSES UTAMA,2.474.261.252,"35,05",L,CP
27-Feb-2026,SOCI,SOECHI LINES Tbk,PT. DARMA PERTIWI RAYA,2.474.261.252,"35,05",L,CP
27-Feb-2026,SOCI,SOECHI LINES Tbk,PT DANA CIPTA INDONUSA,347.200.300,"4,92",L,CP
27-Feb-2026,SOCI,SOECHI LINES Tbk,PT INVESTAMA PRADANA USAHA,324.712.696,"4,60",L,CP
27-Feb-2026,SOCI,SOECHI LINES Tbk,PT GEMA INDAH HUTAMA,324.714.000,"4,60",L,CP
27-Feb-2026,SOCI,SOECHI LINES Tbk,HARTONO UTOMO,116.483.000,"1,65",L,ID
27-Feb-2026,SOFA,SOLUSI ENVIRONMENT ASIA Tbk,PT ASIA INVESTMENT CAPITAL,1.173.500.000,"70,97",L,CP
27-Feb-2026,SOFA,SOLUSI ENVIRONMENT ASIA Tbk,TANDYONO,80.000.000,"4,84",L,ID
27-Feb-2026,SOFA,SOLUSI ENVIRONMENT ASIA Tbk,PT. Sembilan Sembilan Berkat,38.485.900,"2,33",L,CP
27-Feb-2026,SOHO,SOHO GLOBAL HEALTH Tbk,UOB KAY HIAN PRIVATE LIMITED,5.080.564.070,"40,03",A,SC
27-Feb-2026,SOHO,SOHO GLOBAL HEALTH Tbk,MEDISIA INVESTMENT HOLDINGS PTE. LTD.,2.851.733.000,"22,47",A,CP
27-Feb-2026,SOHO,SOHO GLOBAL HEALTH Tbk,TIBERIAS 96 PTY LTD,1.269.168.240,"10,00",A,CP
27-Feb-2026,SOHO,SOHO GLOBAL HEALTH Tbk,FRABURG PTY LIMITED,1.173.205.040,"9,24",A,CP
27-Feb-2026,SOHO,SOHO GLOBAL HEALTH Tbk,TAN GIOK NIO,1.143.986.170,"9,01",L,ID
27-Feb-2026,SOHO,SOHO GLOBAL HEALTH Tbk,PRYSSELIUS LIMITED,624.206.700,"4,92",A,CP
27-Feb-2026,SOHO,SOHO GLOBAL HEALTH Tbk,SUNRISE COMPANY LIMITED,507.667.300,"4,00",A,CP
27-Feb-2026,SOLA,XOLARE RCR ENERGY Tbk,ENERGI HIJAU INVESTAMA,1.900.000.000,"57,80",L,CP
27-Feb-2026,SOLA,XOLARE RCR ENERGY Tbk,PT XOLABIT TERMINAL BITUMEN,307.870.750,"9,37",L,CP
27-Feb-2026,SOLA,XOLARE RCR ENERGY Tbk,PT ASHA RAHARJA PERSADA,260.208.250,"7,92",L,CP
27-Feb-2026,SOLA,XOLARE RCR ENERGY Tbk,MOCHAMAD BHADAIWI,125.788.900,"3,83",L,ID
27-Feb-2026,SOLA,XOLARE RCR ENERGY Tbk,IMAM BUCHAIRI,68.412.500,"2,08",L,ID
27-Feb-2026,SOLA,XOLARE RCR ENERGY Tbk,RUDY SUSANTO,56.202.600,"1,71",L,ID
27-Feb-2026,SONA,SONA TOPAS TOURISM INDUSTRY Tbk,DFS VENTURE SINGAPORE (PTE) LIMITED,298.080.000,"45,00",A,CP
27-Feb-2026,SONA,SONA TOPAS TOURISM INDUSTRY Tbk,PRECISE PACIFIC REALTY PT,209.671.080,"31,65",L,CP
27-Feb-2026,SONA,SONA TOPAS TOURISM INDUSTRY Tbk,WING HARVEST LIMITED,30.000.000,"4,53",A,OT
27-Feb-2026,SONA,SONA TOPAS TOURISM INDUSTRY Tbk,TAHIR,103.999.400,"15,70",L,ID
27-Feb-2026,SONA,SONA TOPAS TOURISM INDUSTRY Tbk,WAHJUDI WIDJAJA,9.413.900,"1,42",L,ID
27-Feb-2026,SOSS,SHIELD ON SERVICE Tbk,PT. Alsok Bass Indonesia Security Services,638.153.371,"79,83",L,CP
27-Feb-2026,SOSS,SHIELD ON SERVICE Tbk,PT PURAGRAHA DIAN PERTIWI,100.000.000,"12,51",L,CP
27-Feb-2026,SOSS,SHIELD ON SERVICE Tbk,"ALSOK CO., LTD.",36.002.829,"4,50",A,CP
27-Feb-2026,SOSS,SHIELD ON SERVICE Tbk,PT NUSANTARA SURYAMUKTI,20.000.100,"2,50",L,CP
27-Feb-2026,SOTS,SATRIA MEGA KENCANA Tbk,HERMAN HERRY ADRANACUS,260.000.000,"26,00",L,ID
27-Feb-2026,SOTS,SATRIA MEGA KENCANA Tbk,STEVANO RIZKI ADRANACUS,247.967.600,"24,80",L,ID
27-Feb-2026,SOTS,SATRIA MEGA KENCANA Tbk,INDJUN,141.895.700,"14,19",L,ID
27-Feb-2026,SOTS,SATRIA MEGA KENCANA Tbk,VONNY KRISTIANI,99.000.000,"9,90",L,ID
27-Feb-2026,SOTS,SATRIA MEGA KENCANA Tbk,PT PANDITA INTI PERKASA,49.260.000,"4,93",L,CP
27-Feb-2026,SOTS,SATRIA MEGA KENCANA Tbk,PT PERAK SEDAYA GRUP,49.260.000,"4,93",L,CP
27-Feb-2026,SOTS,SATRIA MEGA KENCANA Tbk,JON FIERIS,48.760.000,"4,88",L,ID
27-Feb-2026,SOTS,SATRIA MEGA KENCANA Tbk,ANDRY HAKIM,39.594.700,"3,96",L,ID
27-Feb-2026,SOTS,SATRIA MEGA KENCANA Tbk,SEIYA KAWAKAMI,30.805.700,"3,08",L,ID
27-Feb-2026,SOTS,SATRIA MEGA KENCANA Tbk,KANAWA RIZKI INVESTAMA PT,25.310.000,"2,53",L,CP
27-Feb-2026,SOUL,MITRA TIRTA BUWANA Tbk,"MAKNA PRAKARSA UTAMA, PT",792.488.900,"73,21",L,CP
27-Feb-2026,SOUL,MITRA TIRTA BUWANA Tbk,SURYA HATTA,53.250.000,"4,92",L,ID
27-Feb-2026,SOUL,MITRA TIRTA BUWANA Tbk,MINAR ALVIDA,52.999.800,"4,90",L,ID
27-Feb-2026,SPMA,SUPARMA Tbk,PT PACIFIC STAR SYNERGY,2.049.446.100,"49,98",L,CP
27-Feb-2026,SPMA,SUPARMA Tbk,PT. GLORIAJAYA GEMPITA,1.290.847.294,"31,48",L,CP
27-Feb-2026,SPMA,SUPARMA Tbk,PT GRAHA INTI HARAPAN,437.754.302,"10,68",L,CP
27-Feb-2026,SPMA,SUPARMA Tbk,HENG HOK SOEI,60.363.944,"1,47",L,ID
27-Feb-2026,SPRE,SORAYA BERJAYA INDONESIA Tbk,RIZET RAMAWI,222.600.000,"27,83",L,ID
27-Feb-2026,SPRE,SORAYA BERJAYA INDONESIA Tbk,PT. GALAKSI INVESTAMA CORPORA,140.000.000,"17,50",L,CP
27-Feb-2026,SPRE,SORAYA BERJAYA INDONESIA Tbk,RIDHO FERMAN SHATRIO,113.400.000,"14,18",L,ID
27-Feb-2026,SPRE,SORAYA BERJAYA INDONESIA Tbk,DWI RISTRA UTAMI,57.400.000,"7,18",L,ID
27-Feb-2026,SPRE,SORAYA BERJAYA INDONESIA Tbk,MARFETRA,26.600.000,"3,33",L,ID
27-Feb-2026,SPRE,SORAYA BERJAYA INDONESIA Tbk,YANYAN NURUSS SOPYAN,15.700.000,"1,96",L,ID
27-Feb-2026,SPRE,SORAYA BERJAYA INDONESIA Tbk,MUSTOFA ROMDLONI,13.444.800,"1,68",L,ID
27-Feb-2026,SPRE,SORAYA BERJAYA INDONESIA Tbk,SAMSON JEFFERSON,9.489.200,"1,19",L,ID
27-Feb-2026,SPTO,SURYA PERTIWI Tbk,"Multifortuna Asindo, PT",810.000.000,"30,00",L,CP
27-Feb-2026,SPTO,SURYA PERTIWI Tbk,PT SURYAPARAMITRA ABADI,810.000.000,"30,00",L,CP
27-Feb-2026,SPTO,SURYA PERTIWI Tbk,FIDELITY FUNDS,135.309.400,"5,01",A,MF
27-Feb-2026,SPTO,SURYA PERTIWI Tbk,PANGOLIN INV MANAG PTE LTD-PANGOLIN ASIA FUND,114.552.500,"4,24",A,IB
27-Feb-2026,SPTO,SURYA PERTIWI Tbk,ZICO TRUST (S) LTD.,104.625.000,"3,88",A,IB
27-Feb-2026,SPTO,SURYA PERTIWI Tbk,DUNROSS AND CO SA SICAV SIF,103.725.900,"3,84",A,MF
27-Feb-2026,SPTO,SURYA PERTIWI Tbk,JPMCB NA AIF CLT RE-FIDELITY ASIAN VALUES PLC,55.088.600,"2,04",A,CP
27-Feb-2026,SPTO,SURYA PERTIWI Tbk,BARLIANTO,46.182.100,"1,71",L,ID
27-Feb-2026,SPTO,SURYA PERTIWI Tbk,BANK OF SINGAPORE LIMITED,43.668.700,"1,62",A,IB
27-Feb-2026,SPTO,SURYA PERTIWI Tbk,AVANDA GLOBAL MULTI-ASSET MASTER FUND,43.372.500,"1,61",A,CP
27-Feb-2026,SPTO,SURYA PERTIWI Tbk,FOURTON KOMODO INDONESIA EQUITY INVESTMENT FUND,40.920.000,"1,52",A,MF
27-Feb-2026,SPTO,SURYA PERTIWI Tbk,DRS.JOHNNY,31.100.000,"1,15",L,ID
27-Feb-2026,SQMI,WILTON MAKMUR INDONESIA Tbk,WILTON RESOURCES HOLDING PTE LTD,7.597.712.719,"48,90",A,CP
27-Feb-2026,SQMI,WILTON MAKMUR INDONESIA Tbk,CGS INTERNATIONAL SECURITIES SINGAPORE PTE LTD,3.433.703.929,"22,10",A,IB
27-Feb-2026,SQMI,WILTON MAKMUR INDONESIA Tbk,SUTIKNO KHUSUMO,774.395.000,"4,98",L,ID
27-Feb-2026,SQMI,WILTON MAKMUR INDONESIA Tbk,WILTON RESOURCES HOLDINGS PTE. LTD,620.000.000,"3,99",A,OT
27-Feb-2026,SQMI,WILTON MAKMUR INDONESIA Tbk,BANK JULIUS BAER & CO. LTD,240.970.560,"1,55",A,IB
27-Feb-2026,SQMI,WILTON MAKMUR INDONESIA Tbk,PT PERUSAHAAN BONGKAR MUAT TRI MULIA BARUNA PERKASA,185.000.000,"1,19",L,CP
27-Feb-2026,SQMI,WILTON MAKMUR INDONESIA Tbk,RAHMAN KAMARUDDIN,180.000.000,"1,16",L,ID
27-Feb-2026,SQMI,WILTON MAKMUR INDONESIA Tbk,REKSA DANA LAUTANDHANA BALANCE PROGRESSIVE FUND,180.000.000,"1,16",L,MF
27-Feb-2026,SQMI,WILTON MAKMUR INDONESIA Tbk,MARCO HALIM LEMENA,156.894.681,"1,01",L,ID
27-Feb-2026,SRAJ,"SEJAHTERARAYA ANUGRAHJAYA Tbk, PT",PT SURYA CIPTA INTI CEMERLANG,6.152.378.489,"50,27",L,CP
27-Feb-2026,SRAJ,"SEJAHTERARAYA ANUGRAHJAYA Tbk, PT",HIGH PRO INVESTMENTS LIMITED,2.179.993.002,"17,81",A,OT
27-Feb-2026,SRAJ,"SEJAHTERARAYA ANUGRAHJAYA Tbk, PT","BCSS BORON A I, LP",1.046.836.254,"8,55",A,CP
27-Feb-2026,SRAJ,"SEJAHTERARAYA ANUGRAHJAYA Tbk, PT",WING HARVEST LIMITED,675.665.754,"5,52",A,CP
27-Feb-2026,SRAJ,"SEJAHTERARAYA ANUGRAHJAYA Tbk, PT",CGS INTERNATIONAL SECURITIES SINGAPORE PTE LTD,600.001.100,"4,90",A,IB
27-Feb-2026,SRAJ,"SEJAHTERARAYA ANUGRAHJAYA Tbk, PT",UNITY RISE LIMITED,580.000.000,"4,74",A,CP
27-Feb-2026,SRAJ,"SEJAHTERARAYA ANUGRAHJAYA Tbk, PT",HARRY WANGIDJAJA,255.904.100,"2,09",L,ID
27-Feb-2026,SRAJ,"SEJAHTERARAYA ANUGRAHJAYA Tbk, PT","BCSS MAVERICK (A) I, LP",238.254.545,"1,95",A,CP
27-Feb-2026,SRAJ,"SEJAHTERARAYA ANUGRAHJAYA Tbk, PT",DJONI JONATHAN L DRS,175.516.500,"1,43",L,ID
27-Feb-2026,SRAJ,"SEJAHTERARAYA ANUGRAHJAYA Tbk, PT",RANDY LASMANA,134.770.100,"1,10",L,ID
27-Feb-2026,SRIL,SRI REJEKI ISMAN Tbk,PT HUDDLESTON INDONESIA,12.072.841.076,"59,03",L,CP
27-Feb-2026,SRIL,SRI REJEKI ISMAN Tbk,CHESNEY INTERNATIONAL PTE LTD,925.000.000,"4,52",A,CP
27-Feb-2026,SRIL,SRI REJEKI ISMAN Tbk,GRAFTON CAPITAL RESOURCES PTE LTD,900.000.000,"4,40",A,CP
27-Feb-2026,SRIL,SRI REJEKI ISMAN Tbk,CASSELL INTERNATIONAL PTE LTD,733.734.000,"3,59",A,CP
27-Feb-2026,SRIL,SRI REJEKI ISMAN Tbk,KIATNAKIN PHATRA BANK PUBLIC COMPANY LIMITED,437.593.400,"2,14",A,IB
27-Feb-2026,SRIL,SRI REJEKI ISMAN Tbk,LO KHENG HONG. DRS,209.339.500,"1,02",L,ID
27-Feb-2026,SRSN,INDO ACIDATAMA Tbk,"Budhi Bersaudara Manunggal, PT",851.685.910,"14,15",L,CP
27-Feb-2026,SRSN,INDO ACIDATAMA Tbk,"KEMIRI SARANA INVESTAMA, PT",819.055.188,"13,61",L,CP
27-Feb-2026,SRSN,INDO ACIDATAMA Tbk,BUDHI MOELJONO,632.261.282,"10,50",L,ID
27-Feb-2026,SRSN,INDO ACIDATAMA Tbk,BUDHI HARTONO,596.233.053,"9,90",L,ID
27-Feb-2026,SRSN,INDO ACIDATAMA Tbk,BUDHI SANTOSO,596.233.053,"9,90",L,ID
27-Feb-2026,SRSN,INDO ACIDATAMA Tbk,BIANTORO SETIJO,499.674.911,"8,30",L,ID
27-Feb-2026,SRSN,INDO ACIDATAMA Tbk,LUDIJANTO SETIJO,315.827.912,"5,25",L,ID
27-Feb-2026,SRSN,INDO ACIDATAMA Tbk,"SARANA INTEGRITAS, PT",303.457.702,"5,04",L,CP
27-Feb-2026,SRSN,INDO ACIDATAMA Tbk,PT SAMA MANDIRI,148.125.500,"2,46",L,CP
27-Feb-2026,SRSN,INDO ACIDATAMA Tbk,RENAISSANCE CAPITAL MGT INVT.,133.427.500,"2,22",A,IB
27-Feb-2026,SRSN,INDO ACIDATAMA Tbk,MULYADI UTOMO BUDHI MOELJONO,102.470.588,"1,70",L,ID
27-Feb-2026,SRTG,SARATOGA INVESTAMA SEDAYA Tbk,EDWIN SOERYADJAYA,4.867.505.690,"35,88",L,ID
27-Feb-2026,SRTG,SARATOGA INVESTAMA SEDAYA Tbk,PT UNITRAS PERTAMA,4.289.610.000,"31,62",L,CP
27-Feb-2026,SRTG,SARATOGA INVESTAMA SEDAYA Tbk,SANDIAGA SALAHUDDIN UNO,2.917.827.145,"21,51",L,ID
27-Feb-2026,SSIA,SURYA SEMESTA INTERNUSA Tbk,PT DWIMURIA INVESTAMA ANDALAN,482.000.000,"10,24",L,CP
27-Feb-2026,SSIA,SURYA SEMESTA INTERNUSA Tbk,PT HENAN PUTIHRAI ASSET MANAGEMENT,472.599.400,"10,04",L,SC
27-Feb-2026,SSIA,SURYA SEMESTA INTERNUSA Tbk,ARMAN INVESTMENTS UTAMA,400.826.144,"8,52",L,CP
27-Feb-2026,SSIA,SURYA SEMESTA INTERNUSA Tbk,INTREPID INVESTMENTS LIMITED,386.015.600,"8,20",A,CP
27-Feb-2026,SSIA,SURYA SEMESTA INTERNUSA Tbk,PERSADA CAPITAL INVESTAMA,369.188.000,"7,85",L,CP
27-Feb-2026,SSIA,SURYA SEMESTA INTERNUSA Tbk,PT CHANDRA ASRI PACIFIC TBK,229.846.365,"4,88",L,CP
27-Feb-2026,SSIA,SURYA SEMESTA INTERNUSA Tbk,MORGAN STANLEY SMITH BARNEY LLC S/A MSSB LLC SECURITIES CLEARANCE,154.256.076,"3,28",A,SC
27-Feb-2026,SSIA,SURYA SEMESTA INTERNUSA Tbk,PT GEMA ADHINUSA PERSADA. PT,91.139.888,"1,94",L,CP
27-Feb-2026,SSIA,SURYA SEMESTA INTERNUSA Tbk,PETROSEA,70.000.000,"1,49",L,CP
27-Feb-2026,SSIA,SURYA SEMESTA INTERNUSA Tbk,UNGKORO DARMOSUSILO,58.546.700,"1,24",L,ID
27-Feb-2026,SSMS,SAWIT SUMBERMAS SARANA Tbk,PT.CITRA BORNEO INDAH,5.120.000.000,"53,75",L,CP
27-Feb-2026,SSMS,SAWIT SUMBERMAS SARANA Tbk,CITRA BORNEO INDAH,1.150.247.400,"12,08",L,CP
27-Feb-2026,SSMS,SAWIT SUMBERMAS SARANA Tbk,PT PUTRA BORNEO AGRO LESTARI,1.088.101.485,"11,42",L,CP
27-Feb-2026,SSMS,SAWIT SUMBERMAS SARANA Tbk,OMAN INVESTMENT AUTHORITY,467.592.593,"4,91",A,IB
27-Feb-2026,SSMS,SAWIT SUMBERMAS SARANA Tbk,ALTO VITO INVESTMENTS LTD,350.000.000,"3,67",A,CP
27-Feb-2026,SSMS,SAWIT SUMBERMAS SARANA Tbk,MAYBANK GLOBAL GROWTH FUND VCC - MAYBANK GLOBAL GROWTH FUND 1,318.285.582,"3,34",A,IB
27-Feb-2026,SSMS,SAWIT SUMBERMAS SARANA Tbk,MAYBANK SINGAPORE LIMITED,236.705.734,"2,49",A,IB
27-Feb-2026,SSMS,SAWIT SUMBERMAS SARANA Tbk,MAYBANK SECURITIES PTE LTD,143.387.829,"1,51",A,CP
27-Feb-2026,SSMS,SAWIT SUMBERMAS SARANA Tbk,PT. TRICULA BANGUN BALGA,96.799.137,"1,02",L,CP
27-Feb-2026,SSTM,SUNSON TEXTILE MANUFACTURER Tbk,"SUNSONINDO TEXTILE INVESTAMA, PT",480.000.000,"40,99",,
27-Feb-2026,SSTM,SUNSON TEXTILE MANUFACTURER Tbk,SUNDJONO SURIADI,477.877.681,"40,81",L,ID
27-Feb-2026,SSTM,SUNSON TEXTILE MANUFACTURER Tbk,RUDIYANTO,22.475.000,"1,92",L,ID
27-Feb-2026,SSTM,SUNSON TEXTILE MANUFACTURER Tbk,MARIAH SURIADI,21.782.000,"1,86",L,ID
27-Feb-2026,SSTM,SUNSON TEXTILE MANUFACTURER Tbk,OEMAR SURIADI,18.000.000,"1,54",,
27-Feb-2026,SSTM,SUNSON TEXTILE MANUFACTURER Tbk,SILVIA SURIADI,14.051.000,"1,20",L,ID
27-Feb-2026,SSTM,SUNSON TEXTILE MANUFACTURER Tbk,BERNARDI WIDJAJAKUSUMA,14.031.500,"1,20",,
27-Feb-2026,SSTM,SUNSON TEXTILE MANUFACTURER Tbk,REISE SURIADI,13.797.000,"1,18",L,ID
27-Feb-2026,SSTM,SUNSON TEXTILE MANUFACTURER Tbk,SISCA,13.710.700,"1,17",L,ID
27-Feb-2026,STAA,SUMBER TANI AGUNG RESOURCES Tbk,PT MALIBU INDAH LESTARI,4.000.610.106,"36,69",L,CP
27-Feb-2026,STAA,SUMBER TANI AGUNG RESOURCES Tbk,PT KEDATON PERKASA,3.147.542.660,"28,87",L,CP
27-Feb-2026,STAA,SUMBER TANI AGUNG RESOURCES Tbk,"PELITA SUKSES SEJATI, PT",681.948.774,"6,25",L,CP
27-Feb-2026,STAA,SUMBER TANI AGUNG RESOURCES Tbk,UNITED OVERSEAS BANK NOMINEES (PRIVATE) LIMITED,517.910.260,"4,75",A,CP
27-Feb-2026,STAA,SUMBER TANI AGUNG RESOURCES Tbk,PT OAKMONT GLOBAL INVESTMENT,500.513.500,"4,59",L,CP
27-Feb-2026,STAA,SUMBER TANI AGUNG RESOURCES Tbk,PT. LAJU BERSAMA SEJATI,500.000.000,"4,59",L,CP
27-Feb-2026,STAA,SUMBER TANI AGUNG RESOURCES Tbk,PT GREEN CAPITAL PARTNERS,430.124.600,"3,94",L,CP
27-Feb-2026,STAA,SUMBER TANI AGUNG RESOURCES Tbk,PT. INTAN PELITA LESTARI,295.918.400,"2,71",L,CP
27-Feb-2026,STAA,SUMBER TANI AGUNG RESOURCES Tbk,PT. TIGA UNGGUL BERSAMA,224.489.800,"2,06",L,CP
27-Feb-2026,STAA,SUMBER TANI AGUNG RESOURCES Tbk,PT CENTRAL INVESTA NUSANTARA,178.239.800,"1,63",L,CP
27-Feb-2026,STAR,BUANA ARTHA ANUGERAH Tbk,CALCULUS INVESTMENT PTE.LTD,1.544.925.000,"32,19",A,CP
27-Feb-2026,STAR,BUANA ARTHA ANUGERAH Tbk,PT. Sejahtera Mahkota Persada,238.897.300,"4,98",L,CP
27-Feb-2026,STAR,BUANA ARTHA ANUGERAH Tbk,PT SETIABUDI DANA PRIMA,236.910.000,"4,94",L,CP
27-Feb-2026,STAR,BUANA ARTHA ANUGERAH Tbk,PT SUMBER TEKNOLOGI MULIA,236.076.000,"4,92",L,CP
27-Feb-2026,STAR,BUANA ARTHA ANUGERAH Tbk,STONEPEAK INVESTMENT LIMITED,235.000.000,"4,90",A,CP
27-Feb-2026,STAR,BUANA ARTHA ANUGERAH Tbk,PT BNP PESONA SOLARIS,234.840.000,"4,89",L,CP
27-Feb-2026,STAR,BUANA ARTHA ANUGERAH Tbk,PT BATAVIA DANA ULTIMA,234.070.000,"4,88",L,CP
27-Feb-2026,STAR,BUANA ARTHA ANUGERAH Tbk,LGT GLOBAL LIMITED,232.120.000,"4,84",A,CP
27-Feb-2026,STAR,BUANA ARTHA ANUGERAH Tbk,BANQUE PICTET AND CIE SA,219.383.600,"4,57",A,IB
27-Feb-2026,STAR,BUANA ARTHA ANUGERAH Tbk,EASTERN PEAK GROUP CORPORATION,197.758.500,"4,12",A,OT
27-Feb-2026,STAR,BUANA ARTHA ANUGERAH Tbk,PT. CAPITAL ASSET MANAGEMENT,194.500.000,"4,05",L,SC
27-Feb-2026,STAR,BUANA ARTHA ANUGERAH Tbk,PT. ALANA CIPTA SELARAS,160.167.600,"3,34",L,CP
27-Feb-2026,STAR,BUANA ARTHA ANUGERAH Tbk,REKSA DANA GEMILANG DANA SAHAM INDONESIA,107.731.100,"2,24",L,MF
27-Feb-2026,STAR,BUANA ARTHA ANUGERAH Tbk,REKSA DANA CAPITAL EQUITY FUND,106.700.000,"2,22",L,MF
27-Feb-2026,STAR,BUANA ARTHA ANUGERAH Tbk,REKSA DANA CAPITAL BALANCED FUND,88.644.200,"1,85",L,MF
27-Feb-2026,STAR,BUANA ARTHA ANUGERAH Tbk,REKSA DANA FOSTER EQUITY FUND,69.810.000,"1,45",L,MF
27-Feb-2026,STAR,BUANA ARTHA ANUGERAH Tbk,PT. BARA SEJAHTERA SUKSES,65.100.000,"1,36",L,CP
27-Feb-2026,STAR,BUANA ARTHA ANUGERAH Tbk,PT TIRTA CITRA SOLUSI,51.100.000,"1,06",L,CP
27-Feb-2026,STRK,LOVINA BEACH BREWERY Tbk,BARITO MAS SUKSES,6.633.434.000,"61,87",L,CP
27-Feb-2026,STRK,LOVINA BEACH BREWERY Tbk,PHILLIP SECURITIES PTE LTD,1.714.645.400,"15,99",A,SC
27-Feb-2026,STRK,LOVINA BEACH BREWERY Tbk,SELALU BERSAMA ANUGERAH PT,350.598.900,"3,27",L,CP
27-Feb-2026,STRK,LOVINA BEACH BREWERY Tbk,VERONICA PUDJIATI LIAS,170.928.600,"1,59",L,ID
27-Feb-2026,STRK,LOVINA BEACH BREWERY Tbk,TJIA DANIEL WIRAWAN,131.829.900,"1,23",L,ID
27-Feb-2026,STRK,LOVINA BEACH BREWERY Tbk,DIANITA,126.754.100,"1,18",L,ID
27-Feb-2026,STRK,LOVINA BEACH BREWERY Tbk,LENA DJAJA,119.257.900,"1,11",L,ID
27-Feb-2026,STRK,LOVINA BEACH BREWERY Tbk,DBS BANK LTD.,107.754.100,"1,00",A,IB
27-Feb-2026,STTP,SIANTAR TOP Tbk,SHINDO TIARA TUNGGAL,743.600.500,"56,76",L,CP
27-Feb-2026,STTP,SIANTAR TOP Tbk,ROBIN SINDO,94.103.900,"7,18",L,ID
27-Feb-2026,STTP,SIANTAR TOP Tbk,AMELIA SINTARI,87.143.100,"6,65",L,ID
27-Feb-2026,STTP,SIANTAR TOP Tbk,MARIATI,79.239.500,"6,05",L,ID
27-Feb-2026,STTP,SIANTAR TOP Tbk,JULIA SINTARI,64.834.000,"4,95",L,ID
27-Feb-2026,STTP,SIANTAR TOP Tbk,DBS BANK LTD.,56.750.000,"4,33",A,IB
27-Feb-2026,STTP,SIANTAR TOP Tbk,HENG HOK SOEI,40.605.000,"3,10",L,ID
27-Feb-2026,STTP,SIANTAR TOP Tbk,HENG BOEN LOEN,26.403.200,"2,02",L,ID
27-Feb-2026,STTP,SIANTAR TOP Tbk,PT. HARAPAN CAHAYA NUSANTARA,25.000.000,"1,91",L,CP
27-Feb-2026,STTP,SIANTAR TOP Tbk,MELISSA SINTARI,19.091.200,"1,46",L,ID
27-Feb-2026,SUGI,"SUGIH ENERGY Tbk, PT",ASIACITI TRUST SINGAPORE PTE.LTD,2.857.994.407,"11,52",A,OT
27-Feb-2026,SUGI,"SUGIH ENERGY Tbk, PT",DANA PENSIUN PERTAMINA,1.997.328.440,"8,05",L,PF
27-Feb-2026,SUGI,"SUGIH ENERGY Tbk, PT",INTERVENTURES CAPITAL PTE. LTD,1.912.283.046,"7,71",A,OT
27-Feb-2026,SUGI,"SUGIH ENERGY Tbk, PT",SUNRISE ASSETS GROUP LIMITED,1.609.680.300,"6,49",A,CP
27-Feb-2026,SUGI,"SUGIH ENERGY Tbk, PT",HORIZONTE OPPORTUNITIES FUND SPC,1.197.156.233,"4,82",A,CP
27-Feb-2026,SUGI,"SUGIH ENERGY Tbk, PT",GLENN RAHAYU ADLI ARIFF,1.152.022.299,"4,64",L,ID
27-Feb-2026,SUGI,"SUGIH ENERGY Tbk, PT",PT. ASURANSI JIWA IFG,969.305.073,"3,91",L,IS
27-Feb-2026,SUGI,"SUGIH ENERGY Tbk, PT",BUMI SUMBER SWARNA PT,793.166.486,"3,20",L,CP
27-Feb-2026,SUGI,"SUGIH ENERGY Tbk, PT",AJB BUMI PUTERA 1912,620.990.100,"2,50",L,IS
27-Feb-2026,SUGI,"SUGIH ENERGY Tbk, PT",JAKSA AGUNG MUDA BIDANG TINDAK PIDANA KHUSUS KEJAKSAAN REPUBLIK INDONESIA KEJAKSAAN REPUBLIK INDONESIA,511.628.140,"2,06",L,OT
27-Feb-2026,SUGI,"SUGIH ENERGY Tbk, PT",ORTUS HOLDING LTD WM CLIENT,488.750.000,"1,97",A,CP
27-Feb-2026,SUGI,"SUGIH ENERGY Tbk, PT",REKSA DANA OSO FLORES EQUITY FUND,477.645.200,"1,93",L,MF
27-Feb-2026,SUGI,"SUGIH ENERGY Tbk, PT",Effie Agustina S,428.169.038,"1,73",L,ID
27-Feb-2026,SUGI,"SUGIH ENERGY Tbk, PT",PT. ALDIRACITA SEKURITAS INDONESIA,410.148.500,"1,65",L,SC
27-Feb-2026,SUGI,"SUGIH ENERGY Tbk, PT",CREDIT SUISSE SEC (EUROPE) LIMITED-94644000,393.285.300,"1,59",A,SC
27-Feb-2026,SUGI,"SUGIH ENERGY Tbk, PT",REKSA DANA NARADA SAHAM INDONESIA,379.068.800,"1,53",L,MF
27-Feb-2026,SUGI,"SUGIH ENERGY Tbk, PT",GOLDMAN SACHS INTERNATIONAL,357.868.850,"1,44",A,SC
27-Feb-2026,SUGI,"SUGIH ENERGY Tbk, PT",Louisa.DM,255.656.619,"1,03",L,ID
27-Feb-2026,SULI,SLJ GLOBAL Tbk,NATUREVERSE INC. (PTE. LTD.),2.269.423.302,"35,90",A,CP
27-Feb-2026,SULI,SLJ GLOBAL Tbk,MATARAM LIMITED,954.043.418,"15,09",A,SC
27-Feb-2026,SULI,SLJ GLOBAL Tbk,PT PUTRA BUANA INDONESIA WOOD INDUSTRY,327.182.564,"5,18",L,CP
27-Feb-2026,SULI,SLJ GLOBAL Tbk,PT PELAYARAN SENTRA ARUNG MAKMUR,296.528.691,"4,69",L,CP
27-Feb-2026,SULI,SLJ GLOBAL Tbk,AMIR SUNARKO,296.093.081,"4,68",L,ID
27-Feb-2026,SULI,SLJ GLOBAL Tbk,PT BORNEO KARYA PERSADA,286.666.667,"4,54",L,CP
27-Feb-2026,SULI,SLJ GLOBAL Tbk,SIENNY MURNIAWANTI,226.524.400,"3,58",L,ID
27-Feb-2026,SULI,SLJ GLOBAL Tbk,UBS AG HONG KONG,162.000.000,"2,56",A,IB
27-Feb-2026,SULI,SLJ GLOBAL Tbk,PT MAHANUSA BUMI PERTIWI,134.834.800,"2,13",L,CP
27-Feb-2026,SULI,SLJ GLOBAL Tbk,BANK JULIUS BAER & CO. LTD,114.750.000,"1,82",A,IB
27-Feb-2026,SULI,SLJ GLOBAL Tbk,HUI PAK KONG,104.733.333,"1,66",L,ID
27-Feb-2026,SULI,SLJ GLOBAL Tbk,HERLINA TJHANG,101.974.104,"1,61",L,ID
27-Feb-2026,SULI,SLJ GLOBAL Tbk,GOH POH HENG,99.865.800,"1,58",A,ID
27-Feb-2026,SULI,SLJ GLOBAL Tbk,PT SANI MARDANI RESOURCES,84.509.628,"1,34",L,CP
27-Feb-2026,SUNI,SUNINDO PRATAMA Tbk,SOE TO TIE LIN,1.615.000.000,"64,60",L,ID
27-Feb-2026,SUNI,SUNINDO PRATAMA Tbk,WILLY JOHAN CHANDRA,285.000.000,"11,40",L,ID
27-Feb-2026,SUNI,SUNINDO PRATAMA Tbk,CHIN YAN ZOE FUNG,106.562.300,"4,26",A,ID
27-Feb-2026,SUNI,SUNINDO PRATAMA Tbk,CHONG HON CHO,98.786.500,"3,95",A,ID
27-Feb-2026,SUNI,SUNINDO PRATAMA Tbk,WEE CHAN TEIN,93.767.500,"3,75",A,ID
27-Feb-2026,SUNI,SUNINDO PRATAMA Tbk,PT SUNINDO PRATAMA TBK,93.600.000,"3,74",L,CP
27-Feb-2026,SUNI,SUNINDO PRATAMA Tbk,KEMAS ABDURRACHMAN,40.700.000,"1,63",L,ID
27-Feb-2026,SUNI,SUNINDO PRATAMA Tbk,SRIE MARTINA,38.800.000,"1,55",L,ID
27-Feb-2026,SUPA,SUPER BANK INDONESIA Tbk,PT ELANG MEDIA VISITAMA,9.354.117.559,"27,60",L,CP
27-Feb-2026,SUPA,SUPER BANK INDONESIA Tbk,A5-DB HOLDINGS PTE. LTD.,5.334.294.120,"15,74",A,CP
27-Feb-2026,SUPA,SUPER BANK INDONESIA Tbk,KUDO TEKNOLOGI INDONESIA,5.311.370.522,"15,67",L,CP
27-Feb-2026,SUPA,SUPER BANK INDONESIA Tbk,KAKAOBANK CORP,2.934.040.535,"8,66",A,IB
27-Feb-2026,SUPA,SUPER BANK INDONESIA Tbk,PT TIGA SIRA SEJAHTERA,958.207.669,"2,83",L,CP
27-Feb-2026,SUPA,SUPER BANK INDONESIA Tbk,GLAS TRUST (SINGAPORE) LTD.,650.000.000,"1,92",A,IB
27-Feb-2026,SUPR,SOLUSI TUNAS PRATAMA Tbk,PT PROFESIONAL TELEKOMUNIKASI INDONESIA,1.107.187.889,"97,33",L,CP
27-Feb-2026,SUPR,SOLUSI TUNAS PRATAMA Tbk,PT IFORTE SOLUSI INFOTEK,29.411.765,"2,59",L,CP
27-Feb-2026,SURE,SUPER ENERGY Tbk,PT SUPER CAPITAL INDONESIA,881.590.000,"58,87",,
27-Feb-2026,SURE,SUPER ENERGY Tbk,TOKYO GAS ASIA PTE. LTD.,500.190.643,"33,40",A,CP
27-Feb-2026,SURE,SUPER ENERGY Tbk,"Asian Global Energy, Pte. Ltd",72.000.000,"4,81",A,OT
27-Feb-2026,SURE,SUPER ENERGY Tbk,Moh. Sjahrullah,26.987.900,"1,80",L,ID
27-Feb-2026,SURI,MAJA AGUNG LATEXINDO Tbk,HANSEN JAP,5.409.660.300,"85,40",L,ID
27-Feb-2026,SURI,MAJA AGUNG LATEXINDO Tbk,PT TRIMITRA CIPTASELARAS,164.445.800,"2,60",L,CP
27-Feb-2026,SURI,MAJA AGUNG LATEXINDO Tbk,LEO AGUNG VITO WICAKSANA,88.050.000,"1,39",L,ID
27-Feb-2026,SWAT,SRIWAHANA ADITYAKARTA Tbk,PT. SUMBER MAKMUR LUMINTU,2.331.450.000,"77,22",L,CP
27-Feb-2026,SWAT,SRIWAHANA ADITYAKARTA Tbk,HOK GWAN (DHARMO BUDIONO),80.616.100,"2,67",L,ID
27-Feb-2026,SWAT,SRIWAHANA ADITYAKARTA Tbk,TANTIK DWI AGUSTINI,52.631.600,"1,74",L,ID
27-Feb-2026,SWAT,SRIWAHANA ADITYAKARTA Tbk,ARIO TRIDA WIDYATMOKO,49.712.400,"1,65",L,ID
27-Feb-2026,SWAT,SRIWAHANA ADITYAKARTA Tbk,DISYAHMAIN,49.934.300,"1,65",L,ID
27-Feb-2026,SWAT,SRIWAHANA ADITYAKARTA Tbk,MAKMUR STEPFANIE,33.250.000,"1,10",L,ID
27-Feb-2026,SWID,SARASWANTI INDOLAND DEVELOPMENT Tbk,PT SARASWANTI UTAMA,3.420.338.983,"63,52",,
27-Feb-2026,SWID,SARASWANTI INDOLAND DEVELOPMENT Tbk,BOGAT AGUS RIYONO,860.047.446,"15,97",L,ID
27-Feb-2026,SWID,SARASWANTI INDOLAND DEVELOPMENT Tbk,UMAR RAHMADHANI,222.322.034,"4,13",L,ID
27-Feb-2026,SWID,SARASWANTI INDOLAND DEVELOPMENT Tbk,HARI GUNAWAN LIANTO,205.220.339,"3,81",L,ID
27-Feb-2026,SWID,SARASWANTI INDOLAND DEVELOPMENT Tbk,H ULYA ABDILLAH,179.567.797,"3,33",L,ID
27-Feb-2026,SWID,SARASWANTI INDOLAND DEVELOPMENT Tbk,NADIA CITRANTI ANDARINI,162.466.101,"3,02",L,ID
27-Feb-2026,SWID,SARASWANTI INDOLAND DEVELOPMENT Tbk,PT SURAPON BERKAH MAKMUR,149.770.700,"2,78",L,CP
27-Feb-2026,TALF,TUNAS ALFIN Tbk,PT PROINVESTINDO,1.223.621.600,"90,41",L,CP
27-Feb-2026,TALF,TUNAS ALFIN Tbk,UOB KAY HIAN PRIVATE LIMITED,65.223.700,"4,82",A,SC
27-Feb-2026,TALF,TUNAS ALFIN Tbk,FREDY M LIANDO,16.000.000,"1,18",L,ID
27-Feb-2026,TALF,TUNAS ALFIN Tbk,FIONA MINTARYA,15.000.000,"1,11",L,ID
27-Feb-2026,TALF,TUNAS ALFIN Tbk,HANDY WIDJAJA,15.000.000,"1,11",L,ID
27-Feb-2026,TAMA,LANCARTAMA SEJATI Tbk,"LANCARTAMA TIRTA ANGGARA, PT",603.975.134,"50,33",L,CP
27-Feb-2026,TAMA,LANCARTAMA SEJATI Tbk,KATHRIN WIDJAJA,139.280.200,"11,61",L,ID
27-Feb-2026,TAMA,LANCARTAMA SEJATI Tbk,DARREN DWI JAYA,54.453.100,"4,54",L,ID
27-Feb-2026,TAMA,LANCARTAMA SEJATI Tbk,FELICIA STEPHANIE,27.035.200,"2,25",L,ID
27-Feb-2026,TAMA,LANCARTAMA SEJATI Tbk,RIZKY YULIANISA,20.000.000,"1,67",L,ID
27-Feb-2026,TAMA,LANCARTAMA SEJATI Tbk,HENDRA,18.718.000,"1,56",L,ID
27-Feb-2026,TAMA,LANCARTAMA SEJATI Tbk,ADAM SAUTIN,15.335.000,"1,28",L,ID
27-Feb-2026,TAMA,LANCARTAMA SEJATI Tbk,ALVIN JAPHAR,13.017.800,"1,08",L,ID
27-Feb-2026,TAMA,LANCARTAMA SEJATI Tbk,VERAH WAHYUDI S WONG,12.682.700,"1,06",L,ID
27-Feb-2026,TAMU,PELAYARAN TAMARIN SAMUDRA Tbk,PT ANDALAN LEPAS PANTAI,29.999.900.000,"80,00",L,CP
27-Feb-2026,TAMU,PELAYARAN TAMARIN SAMUDRA Tbk,CAPITAL PLAN INTERNATIONAL LIMITED,1.754.100.000,"4,68",A,CP
27-Feb-2026,TAMU,PELAYARAN TAMARIN SAMUDRA Tbk,UBS SWITZERLAND AG,1.551.591.000,"4,14",A,IB
27-Feb-2026,TAMU,PELAYARAN TAMARIN SAMUDRA Tbk,STAR TREASURE GROUP LIMITED,1.197.869.247,"3,19",A,CP
27-Feb-2026,TAMU,PELAYARAN TAMARIN SAMUDRA Tbk,VENTURE BLUE HOLDINGS LIMITED,832.541.256,"2,22",A,CP
27-Feb-2026,TAPG,TRIPUTRA AGRO PERSADA Tbk,PERSADA CAPITAL INVESTAMA,6.565.109.373,"33,07",L,CP
27-Feb-2026,TAPG,TRIPUTRA AGRO PERSADA Tbk,TRIPUTRA INVESTINDO ARYA,4.788.514.555,"24,12",L,CP
27-Feb-2026,TAPG,TRIPUTRA AGRO PERSADA Tbk,PT. DAYA ADICIPTA MUSTIKA,2.782.340.000,"14,02",L,CP
27-Feb-2026,TAPG,TRIPUTRA AGRO PERSADA Tbk,DAYA ADICIPTA MUSTIKA,1.176.303.004,"5,93",L,CP
27-Feb-2026,TAPG,TRIPUTRA AGRO PERSADA Tbk,IR. T. PERMADI RACHMAT,1.010.175.200,"5,09",L,ID
27-Feb-2026,TAPG,TRIPUTRA AGRO PERSADA Tbk,NY. T. P. RACHMAT L. R. IMANTO,678.431.368,"3,42",L,ID
27-Feb-2026,TARA,AGUNG SEMESTA SEJAHTERA Tbk,PT.SURYA BUANA MAKMUR,1.514.019.800,"15,04",L,CP
27-Feb-2026,TARA,AGUNG SEMESTA SEJAHTERA Tbk,GLENWOOD CORPORATION,1.097.615.715,"10,90",A,CP
27-Feb-2026,TARA,AGUNG SEMESTA SEJAHTERA Tbk,PERUSAHAAN PERSEROAN (PERSERO) PT. ASABRI,551.389.038,"5,48",L,IS
27-Feb-2026,TARA,AGUNG SEMESTA SEJAHTERA Tbk,REKSA DANA GEMILANG DANA SAHAM INDONESIA,492.040.000,"4,89",L,MF
27-Feb-2026,TARA,AGUNG SEMESTA SEJAHTERA Tbk,PT.Pacific Indocorpora Indonesia,465.088.700,"4,62",L,CP
27-Feb-2026,TARA,AGUNG SEMESTA SEJAHTERA Tbk,"ZED UTAMA PERSADA, PT",418.551.000,"4,16",L,CP
27-Feb-2026,TARA,AGUNG SEMESTA SEJAHTERA Tbk,PT. Askar Pelangi Abadi,418.550.000,"4,16",L,CP
27-Feb-2026,TARA,AGUNG SEMESTA SEJAHTERA Tbk,PT TIRTA CITRA SOLUSI,418.550.000,"4,16",L,CP
27-Feb-2026,TARA,AGUNG SEMESTA SEJAHTERA Tbk,PT SUMBER TEKNOLOGI MULIA,418.550.000,"4,16",L,CP
27-Feb-2026,TARA,AGUNG SEMESTA SEJAHTERA Tbk,PT. MEGAH ANGKASA PERKASA,418.550.000,"4,16",L,CP
27-Feb-2026,TARA,AGUNG SEMESTA SEJAHTERA Tbk,PT. ALANA CIPTA SELARAS,400.000.035,"3,97",L,CP
27-Feb-2026,TARA,AGUNG SEMESTA SEJAHTERA Tbk,PT NILA BANYU PERMAI,373.697.400,"3,71",L,CP
27-Feb-2026,TARA,AGUNG SEMESTA SEJAHTERA Tbk,DANNY NUGROHO,306.185.000,"3,04",L,ID
27-Feb-2026,TARA,AGUNG SEMESTA SEJAHTERA Tbk,PT. BARA SEJAHTERA SUKSES,247.600.000,"2,46",L,CP
27-Feb-2026,TARA,AGUNG SEMESTA SEJAHTERA Tbk,PT FALCON ASIA INVESTAMA,235.000.000,"2,33",L,CP
27-Feb-2026,TARA,AGUNG SEMESTA SEJAHTERA Tbk,PT ARIMA KARYA PERSADA,233.390.000,"2,32",L,CP
27-Feb-2026,TARA,AGUNG SEMESTA SEJAHTERA Tbk,"CAPITAL LIFE SYARIAH, PT",200.804.000,"1,99",L,IS
27-Feb-2026,TARA,AGUNG SEMESTA SEJAHTERA Tbk,RONNY LUKITO,164.500.000,"1,63",L,ID
27-Feb-2026,TARA,AGUNG SEMESTA SEJAHTERA Tbk,REKSA DANA SUCORINVEST EQUITY PRIMA FUND,148.000.500,"1,47",L,MF
27-Feb-2026,TARA,AGUNG SEMESTA SEJAHTERA Tbk,REKSA DANA VICTORIA PRIME EQUITY FUND,141.111.200,"1,40",L,MF
27-Feb-2026,TARA,AGUNG SEMESTA SEJAHTERA Tbk,REKSA DANA DANAPATHI MITRA MAXIMA EKUITAS,137.628.400,"1,37",L,MF
27-Feb-2026,TARA,AGUNG SEMESTA SEJAHTERA Tbk,REKSA DANA EMCO MANTAP,117.942.000,"1,17",L,MF
27-Feb-2026,TARA,AGUNG SEMESTA SEJAHTERA Tbk,PT PACIFIC CAPITAL INVESTMENT,116.350.000,"1,16",L,SC
27-Feb-2026,TAXI,EXPRESS TRANSINDO UTAMA Tbk,ROBERT,500.048.900,"4,89",L,ID
27-Feb-2026,TAXI,EXPRESS TRANSINDO UTAMA Tbk,PO SUSANTO,481.500.000,"4,71",L,ID
27-Feb-2026,TAXI,EXPRESS TRANSINDO UTAMA Tbk,LAUW SUSANTO,341.251.300,"3,34",L,ID
27-Feb-2026,TAXI,EXPRESS TRANSINDO UTAMA Tbk,PT JAKARTA SINAR INTERTRADE,242.341.415,"2,37",L,CP
27-Feb-2026,TAXI,EXPRESS TRANSINDO UTAMA Tbk,AGUS PRAYITNO WIRAWAN,180.988.300,"1,77",L,ID
27-Feb-2026,TAXI,EXPRESS TRANSINDO UTAMA Tbk,ARIEF PRABOWO ST MM,157.156.600,"1,54",L,ID
27-Feb-2026,TAXI,EXPRESS TRANSINDO UTAMA Tbk,PT. HP CAPITAL RESOURCES,145.404.800,"1,42",L,CP
27-Feb-2026,TAXI,EXPRESS TRANSINDO UTAMA Tbk,Adi Indarto Hartono,126.166.306,"1,23",L,ID
27-Feb-2026,TAXI,EXPRESS TRANSINDO UTAMA Tbk,ROBY PURNOMO,113.705.900,"1,11",L,ID
27-Feb-2026,TAXI,EXPRESS TRANSINDO UTAMA Tbk,DR BETI WULANSARI,108.892.200,"1,07",L,ID
27-Feb-2026,TAXI,EXPRESS TRANSINDO UTAMA Tbk,VERAWATY LING,107.775.600,"1,05",L,ID
27-Feb-2026,TAXI,EXPRESS TRANSINDO UTAMA Tbk,"VALBURY ASIA FUTURES, PT",105.014.613,"1,03",L,CP
27-Feb-2026,TAYS,JAYA SWARASA AGUNG Tbk,ANWAR TAY,394.820.000,"35,93",L,ID
27-Feb-2026,TAYS,JAYA SWARASA AGUNG Tbk,MIXIO HOLDINGS INCORPORATED,164.700.000,"14,99",A,CP
27-Feb-2026,TAYS,JAYA SWARASA AGUNG Tbk,ALEXANDER ANWAR,79.800.000,"7,26",L,ID
27-Feb-2026,TAYS,JAYA SWARASA AGUNG Tbk,SUSANTO,59.700.000,"5,43",L,ID
27-Feb-2026,TAYS,JAYA SWARASA AGUNG Tbk,ANDREW SANUSI,52.224.400,"4,75",L,ID
27-Feb-2026,TAYS,JAYA SWARASA AGUNG Tbk,THOMAS TAMPI,50.000.000,"4,55",L,ID
27-Feb-2026,TAYS,JAYA SWARASA AGUNG Tbk,WIRA GLOBAL SOLUSI,24.500.000,"2,23",L,CP
27-Feb-2026,TAYS,JAYA SWARASA AGUNG Tbk,HARNO HASJIM,19.940.000,"1,81",L,ID
27-Feb-2026,TBIG,TOWER BERSAMA INFRASTRUCTURE Tbk,BERSAMA DIGITAL INFRASTRUCTURE ASIA PTE. LTD.,18.418.171.023,"81,29",A,CP
27-Feb-2026,TBIG,TOWER BERSAMA INFRASTRUCTURE Tbk,WAHANA ANUGERAH SEJAHTERA,2.122.271.590,"9,37",L,CP
27-Feb-2026,TBIG,TOWER BERSAMA INFRASTRUCTURE Tbk,BANGKOK BANK PUBLIC COMPANY LIMITED,482.249.618,"2,13",A,IB
27-Feb-2026,TBLA,TUNAS BARU LAMPUNG Tbk,PT BUDI DELTA SWAKARYA,1.974.403.475,"32,77",L,CP
27-Feb-2026,TBLA,TUNAS BARU LAMPUNG Tbk,PT SUNGAI BUDI,1.600.505.696,"26,56",L,CP
27-Feb-2026,TBLA,TUNAS BARU LAMPUNG Tbk,BONHAM NOMINEES PTE LTD,293.208.483,"4,87",A,CP
27-Feb-2026,TBLA,TUNAS BARU LAMPUNG Tbk,ATRIUM ASIA INVESTMENT MANAGEMENT PTE LTD.,274.627.442,"4,56",A,CP
27-Feb-2026,TBLA,TUNAS BARU LAMPUNG Tbk,UOB KAY HIAN PRIVATE LIMITED,255.409.029,"4,24",A,SC
27-Feb-2026,TBLA,TUNAS BARU LAMPUNG Tbk,PHILLIP SECURITIES PTE LTD,254.752.828,"4,23",A,SC
27-Feb-2026,TBLA,TUNAS BARU LAMPUNG Tbk,CGS INTERNATIONAL SECURITIES SINGAPORE PTE LTD,224.537.300,"3,73",A,IB
27-Feb-2026,TBLA,TUNAS BARU LAMPUNG Tbk,MAYBANK SECURITIES PTE. LTD.,220.822.971,"3,66",A,SC
27-Feb-2026,TBLA,TUNAS BARU LAMPUNG Tbk,"PANIN SEKURITAS Tbk, PT",125.907.080,"2,09",L,SC
27-Feb-2026,TBLA,TUNAS BARU LAMPUNG Tbk,DBS VICKERS SECS SINGAPORE (PTE) LTD A/C CLIENTS,86.883.071,"1,44",A,SC
27-Feb-2026,TBLA,TUNAS BARU LAMPUNG Tbk,ARWIN,77.626.500,"1,29",L,ID
27-Feb-2026,TBMS,TEMBAGA MULIA SEMANAN Tbk,The Furukawa Electric Co.Ltd.,311.640.000,"42,42",A,CP
27-Feb-2026,TBMS,TEMBAGA MULIA SEMANAN Tbk,SUPREME CABLE MANUFACTURING CORP.,248.400.000,"33,81",,
27-Feb-2026,TBMS,TEMBAGA MULIA SEMANAN Tbk,Toyota Tsusho Corporation,73.468.000,"10,00",A,CP
27-Feb-2026,TBMS,TEMBAGA MULIA SEMANAN Tbk,JEMBO CABLE COMPANY TBK.,12.000.000,"1,63",L,CP
27-Feb-2026,TBMS,TEMBAGA MULIA SEMANAN Tbk,NATALIA SUSENO,11.804.000,"1,61",L,ID
27-Feb-2026,TBMS,TEMBAGA MULIA SEMANAN Tbk,REKSA DANA BALANCED FUND SUCORINVEST ANAK PINTAR,8.330.700,"1,13",L,MF
27-Feb-2026,TBMS,TEMBAGA MULIA SEMANAN Tbk,LILY LESTARI SUSENO,7.764.000,"1,06",L,ID
27-Feb-2026,TCID,MANDOM INDONESIA Tbk,MANDOM CORPORATION,262.317.382,"65,23",A,CP
27-Feb-2026,TCID,MANDOM INDONESIA Tbk,ASIA JAYA PARAMITA,45.716.520,"11,37",,
27-Feb-2026,TCID,MANDOM INDONESIA Tbk,WILSON SURYADI SUTAN,18.442.300,"4,59",L,ID
27-Feb-2026,TCID,MANDOM INDONESIA Tbk,"SIE, DAVID GUNAWAN",7.415.100,"1,84",L,ID
27-Feb-2026,TCID,MANDOM INDONESIA Tbk,ASIA PARAMITA INDAH,6.520.768,"1,62",,
27-Feb-2026,TCID,MANDOM INDONESIA Tbk,Sudiman Lee,5.298.272,"1,32",L,ID
27-Feb-2026,TCID,MANDOM INDONESIA Tbk,Tora Sutanto,4.563.520,"1,13",L,ID
27-Feb-2026,TCPI,TRANSCOAL PACIFIC Tbk,SARI NUSANTARA GEMILANG PT,2.749.999.994,"55,00",,
27-Feb-2026,TCPI,TRANSCOAL PACIFIC Tbk,KARYA PERMATA INSANI PT,1.250.000.006,"25,00",L,CP
27-Feb-2026,TCPI,TRANSCOAL PACIFIC Tbk,OCBC SECURITIES PRIVATE LIMITED,160.049.900,"3,20",A,SC
27-Feb-2026,TCPI,TRANSCOAL PACIFIC Tbk,Adi Putro,147.082.800,"2,94",L,ID
27-Feb-2026,TCPI,TRANSCOAL PACIFIC Tbk,Susanti,137.459.200,"2,75",L,ID
27-Feb-2026,TCPI,TRANSCOAL PACIFIC Tbk,SUMADI SENG,133.452.200,"2,67",L,ID
27-Feb-2026,TCPI,TRANSCOAL PACIFIC Tbk,UBS SWITZERLAND AG,88.067.800,"1,76",A,IB
27-Feb-2026,TCPI,TRANSCOAL PACIFIC Tbk,CGS INTERNATIONAL SEKURITAS INDONESIA,78.365.459,"1,57",L,SC
27-Feb-2026,TCPI,TRANSCOAL PACIFIC Tbk,PT OCBC SEKURITAS INDONESIA,56.620.000,"1,13",L,SC
27-Feb-2026,TDPM,TRIDOMAIN PERFORMANCE MATERIALS Tbk,DH CORPORATION LTD,7.602.265.670,"72,51",A,CP
27-Feb-2026,TDPM,TRIDOMAIN PERFORMANCE MATERIALS Tbk,CASCADEN INVESTMENT LIMITED,503.446.350,"4,80",A,IB
27-Feb-2026,TDPM,TRIDOMAIN PERFORMANCE MATERIALS Tbk,NIVEN HOLDINGS LIMITED,400.000.000,"3,81",A,IB
27-Feb-2026,TDPM,TRIDOMAIN PERFORMANCE MATERIALS Tbk,OSVILLE FINANCE LTD,360.956.000,"3,44",A,CP
27-Feb-2026,TDPM,TRIDOMAIN PERFORMANCE MATERIALS Tbk,MAYBANK SECURITIES PTE. LTD.,263.887.500,"2,52",A,SC
27-Feb-2026,TDPM,TRIDOMAIN PERFORMANCE MATERIALS Tbk,XING WANG INTERNATIONAL LIMITED,263.044.000,"2,51",A,CP
27-Feb-2026,TDPM,TRIDOMAIN PERFORMANCE MATERIALS Tbk,BOQUETE GROUP S.A.,200.000.000,"1,91",A,IB
27-Feb-2026,TDPM,TRIDOMAIN PERFORMANCE MATERIALS Tbk,PT BERLIAN INTI ATLANTIK,166.398.000,"1,59",L,CP
27-Feb-2026,TDPM,TRIDOMAIN PERFORMANCE MATERIALS Tbk,PT SINAR MAS MULTIARTHA Tbk,119.127.550,"1,14",L,CP
27-Feb-2026,TEBE,DANA BRATA LUHUR Tbk,PT. DUA SAMUDERA PERKASA,988.336.981,"76,91",L,CP
27-Feb-2026,TEBE,DANA BRATA LUHUR Tbk,PANG GERALD,32.500.096,"2,53",A,ID
27-Feb-2026,TEBE,DANA BRATA LUHUR Tbk,YONG POH CHOO,31.960.700,"2,49",A,ID
27-Feb-2026,TEBE,DANA BRATA LUHUR Tbk,REKSA DANA ASHMORE SAHAM DINAMIS NUSANTARA,13.948.200,"1,09",L,MF
27-Feb-2026,TECH,INDOSTERLING TECHNOMEDIA Tbk,PT. INDOSTERLING SARANA INVESTA,419.680.829,"33,41",L,CP
27-Feb-2026,TECH,INDOSTERLING TECHNOMEDIA Tbk,CARRINGTON MFO VCC - CHARISMATIC DEBT EQUITY FUND,286.958.100,"22,84",A,CP
27-Feb-2026,TECH,INDOSTERLING TECHNOMEDIA Tbk,CHARISMATIC CAPITAL LIMITED,105.200.871,"8,37",A,CP
27-Feb-2026,TECH,INDOSTERLING TECHNOMEDIA Tbk,OCBC SECURITIES PRIVATE LIMITED,100.000.000,"7,96",A,SC
27-Feb-2026,TECH,INDOSTERLING TECHNOMEDIA Tbk,PT CITRA CEMERLANG JAYARAYA,74.068.019,"5,90",L,CP
27-Feb-2026,TECH,INDOSTERLING TECHNOMEDIA Tbk,JEREMY LAU KENG KIT,55.106.900,"4,39",A,ID
27-Feb-2026,TECH,INDOSTERLING TECHNOMEDIA Tbk,PT SUMBER ARTHAGUNA BERSAMA,52.282.800,"4,16",L,CP
27-Feb-2026,TECH,INDOSTERLING TECHNOMEDIA Tbk,PT. Bahtera Agung Sarana,39.604.300,"3,15",L,CP
27-Feb-2026,TECH,INDOSTERLING TECHNOMEDIA Tbk,BEKTI SUTIKNA,13.632.700,"1,09",L,ID
27-Feb-2026,TELE,OMNI INOVASI INDONESIA Tbk,UPAYA CIPTA SEJAHTERA PT.,2.728.700.000,"37,32",L,CP
27-Feb-2026,TELE,OMNI INOVASI INDONESIA Tbk,PT.PINS Indonesia,1.754.641.247,"24,00",L,CP
27-Feb-2026,TELE,OMNI INOVASI INDONESIA Tbk,HAIYANTO,607.625.900,"8,31",L,ID
27-Feb-2026,TELE,OMNI INOVASI INDONESIA Tbk,PT SWADAYA NUSA BHAKTI,297.736.100,"4,07",L,CP
27-Feb-2026,TELE,OMNI INOVASI INDONESIA Tbk,DELTACOMSEL INDONESIA DISTRINDO,279.287.300,"3,82",L,CP
27-Feb-2026,TELE,OMNI INOVASI INDONESIA Tbk,PT SWADAYA NUSA ARTHA,184.158.000,"2,52",L,CP
27-Feb-2026,TFAS,TELEFAST INDONESIA Tbk,PT. KRESNA ASSET MANAGEMENT S/A PT. M CASH INTEGRASI TBK,699.093.200,"41,95",L,CP
27-Feb-2026,TFAS,TELEFAST INDONESIA Tbk,PT DISTRIBUSI VOUCHER NUSANTARA TBK,271.039.200,"16,26",L,CP
27-Feb-2026,TFAS,TELEFAST INDONESIA Tbk,PT. TELEFAST INVESTAMA INDONESIA,213.312.000,"12,80",L,CP
27-Feb-2026,TFAS,TELEFAST INDONESIA Tbk,BANK OF SINGAPORE LIMITED,124.523.900,"7,47",A,IB
27-Feb-2026,TFAS,TELEFAST INDONESIA Tbk,PT. DIGITAL MEDIATAMA MAXIMA TBK,62.416.900,"3,75",L,CP
27-Feb-2026,TFAS,TELEFAST INDONESIA Tbk,PT NFC INDONESIA TBK,40.609.700,"2,44",L,CP
27-Feb-2026,TFAS,TELEFAST INDONESIA Tbk,PT. DIGITAL CONSUMER ENGAGEMENT,38.300.000,"2,30",L,CP
27-Feb-2026,TFCO,TIFICO FIBER INDONESIA Tbk,PROSPECT MOTOR,1.595.335.024,"33,08",,
27-Feb-2026,TFCO,TIFICO FIBER INDONESIA Tbk,PT. HERMAWAN SENTRAL INVESTAMA,838.382.111,"17,38",L,CP
27-Feb-2026,TFCO,TIFICO FIBER INDONESIA Tbk,WIRATAMA KARYA SEJATI PT,809.572.997,"16,79",L,CP
27-Feb-2026,TFCO,TIFICO FIBER INDONESIA Tbk,ANTON WIRATAMA,307.305.122,"6,37",L,ID
27-Feb-2026,TFCO,TIFICO FIBER INDONESIA Tbk,AFANDI HERMAWAN,254.248.638,"5,27",L,ID
27-Feb-2026,TFCO,TIFICO FIBER INDONESIA Tbk,ALING HERMAWAN,254.030.938,"5,27",,
27-Feb-2026,TFCO,TIFICO FIBER INDONESIA Tbk,TATANG HERMAWAN,238.993.580,"4,96",L,ID
27-Feb-2026,TFCO,TIFICO FIBER INDONESIA Tbk,SANDRIANI YOHAN,228.583.516,"4,74",L,ID
27-Feb-2026,TFCO,TIFICO FIBER INDONESIA Tbk,JERRY WIRATAMA,78.769.606,"1,63",L,ID
27-Feb-2026,TFCO,TIFICO FIBER INDONESIA Tbk,SILVIA WIRATAMA,78.768.726,"1,63",L,ID
27-Feb-2026,TFCO,TIFICO FIBER INDONESIA Tbk,TOMMY WIRATAMA,78.769.606,"1,63",,
27-Feb-2026,TGKA,TIGARAKSA SATRIA Tbk,PENTA WIDJAJA INVESTINDO,332.627.350,"36,21",L,CP
27-Feb-2026,TGKA,TIGARAKSA SATRIA Tbk,PT. SARANA LEDAUN,269.484.150,"29,34",L,CP
27-Feb-2026,TGKA,TIGARAKSA SATRIA Tbk,PT WIDJAJATUNGGAL SEJAHTERA,232.845.900,"25,35",L,CP
27-Feb-2026,TGKA,TIGARAKSA SATRIA Tbk,PT. EKATRIADI KUSUMA,43.012.000,"4,68",L,CP
27-Feb-2026,TGKA,TIGARAKSA SATRIA Tbk,PT PEMUDA JAYA RAYA,11.263.800,"1,23",L,CP
27-Feb-2026,TGRA,TERREGRA ASIA ENERGY Tbk,"TERREGRA ASIA EQUITY, PT",452.676.000,"16,46",L,CP
27-Feb-2026,TGRA,TERREGRA ASIA ENERGY Tbk,BUDI SISWA,121.309.300,"4,41",L,FD
27-Feb-2026,TGRA,TERREGRA ASIA ENERGY Tbk,DANA PENSIUN LEMBAGA KATOLIK YADAPEN,115.128.100,"4,19",L,PF
27-Feb-2026,TGRA,TERREGRA ASIA ENERGY Tbk,YOHANES HALIM,99.045.100,"3,60",L,ID
27-Feb-2026,TGRA,TERREGRA ASIA ENERGY Tbk,DJANI SUTEDJA,87.588.200,"3,19",L,ID
27-Feb-2026,TGRA,TERREGRA ASIA ENERGY Tbk,RAHMA HERLINA,85.079.000,"3,09",L,ID
27-Feb-2026,TGRA,TERREGRA ASIA ENERGY Tbk,DANA PENSIUN KONFERENSI WALIGEREJA INDONESIA,80.118.800,"2,91",L,PF
27-Feb-2026,TGRA,TERREGRA ASIA ENERGY Tbk,INDRAWATI,72.929.700,"2,65",L,ID
27-Feb-2026,TGRA,TERREGRA ASIA ENERGY Tbk,NIZAR SUNGKAR,47.925.500,"1,74",L,ID
27-Feb-2026,TGRA,TERREGRA ASIA ENERGY Tbk,ROY PETRUS CHALIM,40.070.000,"1,46",L,ID
27-Feb-2026,TGRA,TERREGRA ASIA ENERGY Tbk,GIAM ESTHER INDRAWATI,37.348.200,"1,36",L,ID
27-Feb-2026,TGRA,TERREGRA ASIA ENERGY Tbk,INDAH MAYASARI,36.626.500,"1,33",L,ID
27-Feb-2026,TGRA,TERREGRA ASIA ENERGY Tbk,"PT RELIANCE SEKURITAS INDONESIA, TBK",36.278.400,"1,32",L,SC
27-Feb-2026,TGRA,TERREGRA ASIA ENERGY Tbk,KEUSKUPAN AGUNG MEDAN,35.371.600,"1,29",L,OT
27-Feb-2026,TGRA,TERREGRA ASIA ENERGY Tbk,IWAN SUGIARJO,34.193.400,"1,24",L,ID
27-Feb-2026,TGRA,TERREGRA ASIA ENERGY Tbk,NJONO SAMPOERNO,34.088.900,"1,24",L,ID
27-Feb-2026,TGRA,TERREGRA ASIA ENERGY Tbk,SUSANNA HENDRO,31.983.400,"1,16",L,ID
27-Feb-2026,TGRA,TERREGRA ASIA ENERGY Tbk,INGRID MATTUALY,30.997.100,"1,13",L,ID
27-Feb-2026,TGRA,TERREGRA ASIA ENERGY Tbk,HANS LUKAS JUNAIDI,29.317.400,"1,07",L,ID
27-Feb-2026,TGRA,TERREGRA ASIA ENERGY Tbk,YOSUA IVAN JUNAIDI,28.602.400,"1,04",L,ID
27-Feb-2026,TGUK,PLATINUM WAHAB NUSANTARA Tbk,PT DINASTI KREATIF INDONESIA,2.476.250.000,"69,33",,
27-Feb-2026,TGUK,PLATINUM WAHAB NUSANTARA Tbk,ANTONY LESMANA,266.787.600,"7,47",L,ID
27-Feb-2026,TGUK,PLATINUM WAHAB NUSANTARA Tbk,JANNI,178.500.000,"5,00",L,ID
27-Feb-2026,TGUK,PLATINUM WAHAB NUSANTARA Tbk,ANTONIUS BOBBY SISWANTO,89.896.700,"2,52",L,ID
27-Feb-2026,TGUK,PLATINUM WAHAB NUSANTARA Tbk,MADA AZHARI,89.500.000,"2,51",L,ID
27-Feb-2026,TGUK,PLATINUM WAHAB NUSANTARA Tbk,BUDIANTO M KURNIAWAN,41.644.800,"1,17",L,ID
27-Feb-2026,TGUK,PLATINUM WAHAB NUSANTARA Tbk,JERRI YOHANES SARAUN,37.055.300,"1,04",L,ID
27-Feb-2026,TGUK,PLATINUM WAHAB NUSANTARA Tbk,EDIE,36.319.600,"1,02",L,ID
27-Feb-2026,TIFA,KDB TIFA FINANCE Tbk,THE KOREA DEVELOPMENT BANK,2.752.920.825,"77,50",A,IB
27-Feb-2026,TIFA,KDB TIFA FINANCE Tbk,PT DWI SATRYA UTAMA,532.707.259,"15,00",L,CP
27-Feb-2026,TIFA,KDB TIFA FINANCE Tbk,PT KOREA INVESTMENT AND SEKURITAS INDONESIA - REGISTRAR,172.806.881,"4,86",L,SC
27-Feb-2026,TIFA,KDB TIFA FINANCE Tbk,PT BLUE CROSS INDONESIA,79.919.857,"2,25",L,CP
27-Feb-2026,TINS,TIMAH Tbk,PT MINERAL INDUSTRI INDONESIA (PERSERO),4.841.053.951,"65,00",,
27-Feb-2026,TINS,TIMAH Tbk,DJS KETENAGAKERJAAN PROGRAM JAMINAN HARI TUA,124.147.661,"1,67",L,IS
27-Feb-2026,TINS,TIMAH Tbk,PT PRUDENTIAL LIFE ASSURANCE,107.934.500,"1,45",L,IS
27-Feb-2026,TINS,TIMAH Tbk,GOVERNMENT OF NORWAY,82.548.300,"1,11",A,OT
27-Feb-2026,TIRA,TIRA AUSTENITE Tbk,PT WIDJAJATUNGGAL SEJAHTERA,259.426.340,"44,12",L,CP
27-Feb-2026,TIRA,TIRA AUSTENITE Tbk,PT MARTENSITE UNGGUL,223.091.694,"37,94",L,CP
27-Feb-2026,TIRA,TIRA AUSTENITE Tbk,PT SURYASENTRA GEMILANG SENTOSA,22.947.966,"3,90",L,CP
27-Feb-2026,TIRA,TIRA AUSTENITE Tbk,PENTA WIDJAJA INVESTINDO,21.605.000,"3,67",L,CP
27-Feb-2026,TIRA,TIRA AUSTENITE Tbk,NJONO SAMPOERNO,15.000.000,"2,55",L,ID
27-Feb-2026,TIRA,TIRA AUSTENITE Tbk,OKTRIANTO BAGUS R KOTTAMA,9.900.000,"1,68",L,ID
27-Feb-2026,TIRA,TIRA AUSTENITE Tbk,PRAYOGA PUTERA UTAMA,9.676.000,"1,65",L,ID
27-Feb-2026,TIRT,TIRTA MAHAKAM RESOURCES Tbk,HARITA JAYARAYA,719.672.310,"71,13",L,CP
27-Feb-2026,TIRT,TIRTA MAHAKAM RESOURCES Tbk,HERYANTO SALIM,65.335.500,"6,46",L,ID
27-Feb-2026,TIRT,TIRTA MAHAKAM RESOURCES Tbk,LIM YULIANA RITA INDRIAWATI,24.477.500,"2,42",L,ID
27-Feb-2026,TIRT,TIRTA MAHAKAM RESOURCES Tbk,JOHN LEVIE SARAGIH,12.476.500,"1,23",L,ID
27-Feb-2026,TKIM,PABRIK KERTAS TJIWI KIMIA Tbk,APP PURINUSA EKAPERSADA,1.857.744.987,"59,67",L,CP
27-Feb-2026,TKIM,PABRIK KERTAS TJIWI KIMIA Tbk,CASCADEN INVESTMENT LIMITED,155.549.440,"5,00",A,IB
27-Feb-2026,TKIM,PABRIK KERTAS TJIWI KIMIA Tbk,BROADBAND GLOBAL PARTNERS INC,146.597.596,"4,71",A,IB
27-Feb-2026,TKIM,PABRIK KERTAS TJIWI KIMIA Tbk,PT PORTGATE ASET INDONESIA,134.861.964,"4,33",L,CP
27-Feb-2026,TKIM,PABRIK KERTAS TJIWI KIMIA Tbk,ACMESTAR INVESTMENT LIMITED,107.554.408,"3,45",,
27-Feb-2026,TKIM,PABRIK KERTAS TJIWI KIMIA Tbk,NIVEN HOLDINGS LIMITED,92.058.700,"2,96",A,OT
27-Feb-2026,TKIM,PABRIK KERTAS TJIWI KIMIA Tbk,BOQUETE GROUP S.A,83.852.816,"2,69",A,OT
27-Feb-2026,TKIM,PABRIK KERTAS TJIWI KIMIA Tbk,NEAT ACTION FINANCE LIMITED,48.825.300,"1,57",,
27-Feb-2026,TKIM,PABRIK KERTAS TJIWI KIMIA Tbk,UOB KAY HIAN PRIVATE LIMITED,34.801.000,"1,12",A,SC
27-Feb-2026,TLDN,TELADAN PRIMA AGRO Tbk,PT TELADAN RESOURCES,7.752.052.400,"59,88",L,CP
27-Feb-2026,TLDN,TELADAN PRIMA AGRO Tbk,AHMAD GUNUNG,2.100.563.000,"16,22",L,ID
27-Feb-2026,TLDN,TELADAN PRIMA AGRO Tbk,WISHNU WARDHANA,2.100.563.000,"16,22",L,ID
27-Feb-2026,TLDN,TELADAN PRIMA AGRO Tbk,"UBS AG, LONDON",451.918.500,"3,49",A,IB
27-Feb-2026,TLKM,TELKOM INDONESIA (PERSERO) Tbk,PERUSAHAAN PERSEROAN (PERSERO) PT DANANTARA ASSET MANAGEMENT,51.086.330.024,"51,57",L,CP
27-Feb-2026,TLKM,TELKOM INDONESIA (PERSERO) Tbk,THE BANK OF NEW YORK MELLON,2.526.788.580,"2,55",A,IB
27-Feb-2026,TLKM,TELKOM INDONESIA (PERSERO) Tbk,DJS KETENAGAKERJAAN PROGRAM JAMINAN HARI TUA,2.379.601.300,"2,40",L,IS
27-Feb-2026,TLKM,TELKOM INDONESIA (PERSERO) Tbk,THE BANK OF NEW YORK MELLON DR,2.280.215.800,"2,30",A,IB
27-Feb-2026,TLKM,TELKOM INDONESIA (PERSERO) Tbk,EMPLOYEES PROVIDENT FUND BOARD,1.816.692.899,"1,83",A,PF
27-Feb-2026,TLKM,TELKOM INDONESIA (PERSERO) Tbk,GOVERNMENT OF SINGAPORE,1.034.561.162,"1,04",A,OT
27-Feb-2026,TMAS,TEMAS Tbk,PT TEMAS LESTARI,47.730.468.500,"83,66",L,CP
27-Feb-2026,TMAS,TEMAS Tbk,LIDYA LIBERTH,1.994.446.700,"3,50",L,ID
27-Feb-2026,TMAS,TEMAS Tbk,PT ASURANSI JIWA MANULIFE INDONESIA,1.236.539.600,"2,17",L,IS
27-Feb-2026,TMAS,TEMAS Tbk,RICKO WIJAYA,815.195.100,"1,43",L,ID
27-Feb-2026,TMAS,TEMAS Tbk,ARIE RINALDI,802.395.400,"1,41",L,ID
27-Feb-2026,TMAS,TEMAS Tbk,CHONG FIE FAH,642.166.000,"1,13",L,ID
27-Feb-2026,TMPO,TEMPO INTI MEDIA Tbk,PT.Grafiti Pers,256.960.003,"24,28",L,CP
27-Feb-2026,TMPO,TEMPO INTI MEDIA Tbk,. YAYASAN 21 JUNI 1994,181.322.500,"17,13",L,FD
27-Feb-2026,TMPO,TEMPO INTI MEDIA Tbk,"JAYA RAYA UTAMA, PT",172.329.205,"16,28",,
27-Feb-2026,TMPO,TEMPO INTI MEDIA Tbk,YAYASAN PEMBANGUNAN JAYA RAYA,90.429.394,"8,54",,
27-Feb-2026,TMPO,TEMPO INTI MEDIA Tbk,YAYASAN KARYAWAN TEMPO,87.627.267,"8,28",,
27-Feb-2026,TMPO,TEMPO INTI MEDIA Tbk,PT YULIE SEKURITAS INDONESIA TBK,34.031.000,"3,22",L,SC
27-Feb-2026,TMPO,TEMPO INTI MEDIA Tbk,"EFG BANK AG, SINGAPORE BRANCH A/C CLIENTS",33.000.000,"3,12",A,IB
27-Feb-2026,TMPO,TEMPO INTI MEDIA Tbk,BURLINGHAM INTERNATIONAL LTD,25.000.000,"2,36",,
27-Feb-2026,TMPO,TEMPO INTI MEDIA Tbk,PT. Persaudaraan Bersatu Esa,11.495.900,"1,09",L,CP
27-Feb-2026,TNCA,TRIMUDA NUANSA CITRA Tbk,PT AKULAKU SILVRR INDONESIA,133.333.400,"31,62",L,CP
27-Feb-2026,TNCA,TRIMUDA NUANSA CITRA Tbk,Holyhead East Limited,115.910.400,"27,49",A,CP
27-Feb-2026,TNCA,TRIMUDA NUANSA CITRA Tbk,EKA SUHENDRA,24.263.300,"5,75",L,ID
27-Feb-2026,TNCA,TRIMUDA NUANSA CITRA Tbk,PT. Asuransi Intra Asia,21.082.000,"5,00",L,IS
27-Feb-2026,TNCA,TRIMUDA NUANSA CITRA Tbk,HERI SANTOSO LIEM,8.591.100,"2,04",L,ID
27-Feb-2026,TNCA,TRIMUDA NUANSA CITRA Tbk,JONATHAN CHANG,8.300.000,"1,97",L,ID
27-Feb-2026,TNCA,TRIMUDA NUANSA CITRA Tbk,HARTONO WONGKAR,5.045.300,"1,20",L,ID
27-Feb-2026,TOBA,TBS ENERGI UTAMA Tbk,HIGHLAND STRATEGIC HOLDINGS PTE LTD,4.983.799.956,"60,36",A,CP
27-Feb-2026,TOBA,TBS ENERGI UTAMA Tbk,PT TOBA SEJAHTRA,658.488.144,"7,97",L,CP
27-Feb-2026,TOBA,TBS ENERGI UTAMA Tbk,PT. SINERGI SUKSES UTAMA,326.800.000,"3,96",L,CP
27-Feb-2026,TOBA,TBS ENERGI UTAMA Tbk,"BARA MAKMUR ABADI, PT",126.146.700,"1,53",L,CP
27-Feb-2026,TOBA,TBS ENERGI UTAMA Tbk,DICKY YORDAN,125.801.321,"1,52",L,ID
27-Feb-2026,TOBA,TBS ENERGI UTAMA Tbk,ROBY BUDI PRAKOSO,119.671.600,"1,45",L,ID
27-Feb-2026,TOOL,ROHARTINDO NUSANTARA LUAS Tbk,PT ROHARTINDO MAJU PERKASA,1.560.000.000,"76,10",L,CP
27-Feb-2026,TOOL,ROHARTINDO NUSANTARA LUAS Tbk,RONALD HARTONO TAN,72.000.000,"3,51",L,ID
27-Feb-2026,TOOL,ROHARTINDO NUSANTARA LUAS Tbk,AGUS SUPUTRAYASA,22.000.000,"1,07",L,ID
27-Feb-2026,TOPS,TOTALINDO EKA PERSADA Tbk,"TOTALINDO INVESTAMA PERSADA, PT",15.793.752.633,"47,39",L,CP
27-Feb-2026,TOPS,TOTALINDO EKA PERSADA Tbk,R. ISKANDAR HIDAYAT,1.931.692.700,"5,80",L,ID
27-Feb-2026,TOPS,TOTALINDO EKA PERSADA Tbk,WG CAPITAL LTD.,1.237.825.800,"3,71",A,CP
27-Feb-2026,TOPS,TOTALINDO EKA PERSADA Tbk,"PRIMAJAYA PERDANA UTAMA, PT",1.030.650.200,"3,09",L,CP
27-Feb-2026,TOPS,TOTALINDO EKA PERSADA Tbk,SANTO - IDD1501D0254571,851.649.241,"2,56",L,ID
27-Feb-2026,TOPS,TOTALINDO EKA PERSADA Tbk,UOB KAY HIAN PRIVATE LIMITED,536.713.200,"1,61",A,SC
27-Feb-2026,TOPS,TOTALINDO EKA PERSADA Tbk,IR FEBRI WIBAWA PARSA SIHOMBING,500.000.200,"1,50",L,ID
27-Feb-2026,TOPS,TOTALINDO EKA PERSADA Tbk,LAUW SUSANTO,388.626.400,"1,17",L,ID
27-Feb-2026,TOSK,TOPINDO SOLUSI KOMUNIKA Tbk,SEIKO MANITO,2.370.130.000,"54,17",L,ID
27-Feb-2026,TOSK,TOPINDO SOLUSI KOMUNIKA Tbk,ROBI CAHYADI,518.000.100,"11,84",L,ID
27-Feb-2026,TOSK,TOPINDO SOLUSI KOMUNIKA Tbk,DEDEN HENDRA PERMANA,297.150.000,"6,79",L,ID
27-Feb-2026,TOSK,TOPINDO SOLUSI KOMUNIKA Tbk,TOPINDO MEDIA INVESTAMA,87.062.500,"1,99",L,CP
27-Feb-2026,TOTL,TOTAL BANGUN PERSADA Tbk,TOTAL INTI PERSADA,1.926.650.000,"56,50",L,CP
27-Feb-2026,TOTL,TOTAL BANGUN PERSADA Tbk,DJADJANG TANUWIDJAJA,375.378.940,"11,01",L,ID
27-Feb-2026,TOTL,TOTAL BANGUN PERSADA Tbk,"JAGA BANGUNPERSADA KOMAJAYA,PT",111.221.880,"3,26",L,CP
27-Feb-2026,TOTL,TOTAL BANGUN PERSADA Tbk,DBS VICKERS SECS SINGAPORE (PTE) LTD A/C CLIENTS,108.582.900,"3,18",A,SC
27-Feb-2026,TOTL,TOTAL BANGUN PERSADA Tbk,PINARTO SUTANTO,62.232.500,"1,83",L,ID
27-Feb-2026,TOTL,TOTAL BANGUN PERSADA Tbk,HONKY HARJO,44.643.700,"1,31",L,ID
27-Feb-2026,TOTL,TOTAL BANGUN PERSADA Tbk,FOURTON KOMODO INDONESIA EQUITY INVESTMENT FUND,39.000.000,"1,14",A,MF
27-Feb-2026,TOTO,SURYA TOTO INDONESIA Tbk,TOTO LIMITED,3.777.446.800,"36,60",,
27-Feb-2026,TOTO,SURYA TOTO INDONESIA Tbk,SURYAPARAMITRA ABADI,2.486.707.200,"24,10",,
27-Feb-2026,TOTO,SURYA TOTO INDONESIA Tbk,MULTIFORTUNA ASINDO,2.486.707.200,"24,10",,
27-Feb-2026,TOTO,SURYA TOTO INDONESIA Tbk,"Multifortuna Asindo, PT",545.841.050,"5,29",L,CP
27-Feb-2026,TOTO,SURYA TOTO INDONESIA Tbk,ZICO TRUST (S) LTD.,111.166.200,"1,08",A,IB
27-Feb-2026,TOWR,SARANA MENARA NUSANTARA Tbk,PT SAPTA ADHIKARI INVESTAMA PT,26.764.246.165,"45,29",L,CP
27-Feb-2026,TOWR,SARANA MENARA NUSANTARA Tbk,PT DWIMURIA INVESTAMA ANDALAN,11.792.689.937,"19,95",L,CP
27-Feb-2026,TOWR,SARANA MENARA NUSANTARA Tbk,PT. LINGKARMULIA INDAH,2.851.757.446,"4,83",L,CP
27-Feb-2026,TOWR,SARANA MENARA NUSANTARA Tbk,UBS AG SINGAPORE BRANCH,1.834.484.121,"3,10",A,IB
27-Feb-2026,TOWR,SARANA MENARA NUSANTARA Tbk,DJS KETENAGAKERJAAN PROGRAM JAMINAN HARI TUA,1.079.520.500,"1,83",L,IS
27-Feb-2026,TOWR,SARANA MENARA NUSANTARA Tbk,EMPLOYEES PROVIDENT FUND BOARD,1.017.830.900,"1,72",A,PF
27-Feb-2026,TOWR,SARANA MENARA NUSANTARA Tbk,PT SARANA MENARA NUSANTARA TBK,942.296.554,"1,59",L,CP
27-Feb-2026,TOWR,SARANA MENARA NUSANTARA Tbk,IR CHANDRA ADISUSANTO,912.027.000,"1,54",L,ID
27-Feb-2026,TOWR,SARANA MENARA NUSANTARA Tbk,SIX SIS LTD,893.364.100,"1,51",A,IB
27-Feb-2026,TOYS,SUNINDO ADIPERSADA Tbk,IWAN TIRTHA,414.089.900,"28,86",L,ID
27-Feb-2026,TOYS,SUNINDO ADIPERSADA Tbk,PT. HOEKEL BANGUN ABADI,296.521.959,"20,66",L,CP
27-Feb-2026,TOYS,SUNINDO ADIPERSADA Tbk,PETER INDRA LEMBONG,75.750.000,"5,28",L,ID
27-Feb-2026,TOYS,SUNINDO ADIPERSADA Tbk,GOICHI MORI,75.750.000,"5,28",A,ID
27-Feb-2026,TOYS,SUNINDO ADIPERSADA Tbk,MAWAS NABILA PUTRI,22.082.300,"1,54",L,ID
27-Feb-2026,TOYS,SUNINDO ADIPERSADA Tbk,CELINE,21.450.000,"1,49",L,ID
27-Feb-2026,TOYS,SUNINDO ADIPERSADA Tbk,RUDY,20.130.000,"1,40",L,ID
27-Feb-2026,TOYS,SUNINDO ADIPERSADA Tbk,SRIYONO,16.708.700,"1,16",L,ID
27-Feb-2026,TPIA,CHANDRA ASRI PACIFIC Tbk,BARITO PACIFIC TBK,29.957.670.400,"34,63",L,CP
27-Feb-2026,TPIA,CHANDRA ASRI PACIFIC Tbk,SCG CHEMICALS PUBLIC COMPANY LIMITED,26.446.618.924,"30,57",,
27-Feb-2026,TPIA,CHANDRA ASRI PACIFIC Tbk,PT TOP INVESTMENT INDONESIA,12.976.731.760,"15,00",L,CP
27-Feb-2026,TPIA,CHANDRA ASRI PACIFIC Tbk,PRAJOGO PANGESTU,4.354.382.164,"5,03",L,ID
27-Feb-2026,TPIA,CHANDRA ASRI PACIFIC Tbk,MARIGOLD RESOURCES PTE. LTD.,3.387.243.720,"3,92",A,CP
27-Feb-2026,TPIA,CHANDRA ASRI PACIFIC Tbk,HSBC LTD-SINGAPORE BRANCH PRIVATE BANKING DIVISION ACCOUNT CLIENTS,2.567.057.927,"2,97",A,CP
27-Feb-2026,TPIA,CHANDRA ASRI PACIFIC Tbk,BANGKOK BANK PUBLIC COMPANY LIMITED,1.472.648.400,"1,70",A,IB
27-Feb-2026,TPMA,TRANS POWER MARINE Tbk,PT DWITUNGGAL PERKASA MANDIRI,1.825.430.197,"52,04",L,CP
27-Feb-2026,TPMA,TRANS POWER MARINE Tbk,PT PATIN RESOURCES,315.896.590,"9,01",L,CP
27-Feb-2026,TPMA,TRANS POWER MARINE Tbk,RONNY KURNIAWAN,146.060.387,"4,16",L,ID
27-Feb-2026,TPMA,TRANS POWER MARINE Tbk,ALBERTH KINDANGEN,127.219.687,"3,63",L,ID
27-Feb-2026,TPMA,TRANS POWER MARINE Tbk,PT ARTHA WIJAYA KAPITAL,100.000.000,"2,85",L,CP
27-Feb-2026,TPMA,TRANS POWER MARINE Tbk,PT INVESTASI JAYA CEMERLANG,78.748.500,"2,25",L,CP
27-Feb-2026,TPMA,TRANS POWER MARINE Tbk,RIDOAN MADJUKIE,50.000.000,"1,43",L,ID
27-Feb-2026,TPMA,TRANS POWER MARINE Tbk,KARDINATA ALIWARGA,42.700.000,"1,22",L,ID
27-Feb-2026,TRAM,TRADA ALAM MINERA Tbk,JAKSA AGUNG MUDA BIDANG TINDAK PIDANA KHUSUS KEJAKSAAN REPUBLIK INDONESIA KEJAKSAAN REPUBLIK INDONESIA,23.402.869.906,"47,14",L,OT
27-Feb-2026,TRAM,TRADA ALAM MINERA Tbk,PERUSAHAAN PERSEROAN (PERSERO) PT. ASABRI,2.526.967.937,"5,09",L,IS
27-Feb-2026,TRAM,TRADA ALAM MINERA Tbk,TAN SECILIA BUDIJANTO,2.473.490.000,"4,98",L,ID
27-Feb-2026,TRAM,TRADA ALAM MINERA Tbk,JUNI SETIAWATI WONOWIDJOJO,2.472.367.100,"4,98",L,ID
27-Feb-2026,TRAM,TRADA ALAM MINERA Tbk,PT JASA INVESTINDO,1.250.000.000,"2,52",L,CP
27-Feb-2026,TRAM,TRADA ALAM MINERA Tbk,Hendra Haryanto,990.000.200,"1,99",L,ID
27-Feb-2026,TRAM,TRADA ALAM MINERA Tbk,PT Artha Sekuritas Indonesia,857.044.620,"1,73",L,SC
27-Feb-2026,TRAM,TRADA ALAM MINERA Tbk,PT. ASURANSI JIWA IFG,793.986.133,"1,60",L,IS
27-Feb-2026,TRAM,TRADA ALAM MINERA Tbk,"ANGKASA BUMI MAS, PT",709.749.700,"1,43",L,CP
27-Feb-2026,TRAM,TRADA ALAM MINERA Tbk,REKSA DANA POOL ADVISTA KAPITAL OPTIMAL,709.193.700,"1,43",L,MF
27-Feb-2026,TRAM,TRADA ALAM MINERA Tbk,REKSA DANA SYARIAH AURORA SHARIA EQUITY,601.268.000,"1,21",L,MF
27-Feb-2026,TRAM,TRADA ALAM MINERA Tbk,REKSA DANA SYARIAH PAN ARCADIA EKUITAS SYARIAH PROGRESIF,596.757.723,"1,20",L,MF
27-Feb-2026,TRAM,TRADA ALAM MINERA Tbk,VANGUARD TOTAL INTERNATIONAL STOCK INDEX FUND,537.807.334,"1,08",A,MF
27-Feb-2026,TRGU,CERESTAR INDONESIA Tbk,"SUNTERRA INDONESIA, PT",4.056.096.700,"51,05",L,CP
27-Feb-2026,TRGU,CERESTAR INDONESIA Tbk,PT SUNTERRA INDONESIA,2.389.286.000,"30,07",L,CP
27-Feb-2026,TRGU,CERESTAR INDONESIA Tbk,IRES CREST PTE LTD,393.241.900,"4,95",A,CP
27-Feb-2026,TRGU,CERESTAR INDONESIA Tbk,THRESHOLD ASIA HOLDINGS PTE LTD,337.752.200,"4,25",A,CP
27-Feb-2026,TRGU,CERESTAR INDONESIA Tbk,OAKSHIRE CAPITAL ADVISORS PTE LTD,290.119.500,"3,65",A,CP
27-Feb-2026,TRIL,TRIWIRA INSANLESTARI Tbk,PT ARTHABUANA KARYA MANDIRI,690.483.740,"57,54",L,CP
27-Feb-2026,TRIL,TRIWIRA INSANLESTARI Tbk,PT. HENGTRACO PROTECSINDO,173.150.000,"14,43",L,CP
27-Feb-2026,TRIL,TRIWIRA INSANLESTARI Tbk,RENAISSANCE CAPITAL MGT INVT.,48.071.500,"4,01",A,IB
27-Feb-2026,TRIL,TRIWIRA INSANLESTARI Tbk,SIAUW YUNUS SUBANDI,23.072.900,"1,92",L,ID
27-Feb-2026,TRIL,TRIWIRA INSANLESTARI Tbk,ANTONIUS GUNAWAN GHO,22.291.000,"1,86",L,ID
27-Feb-2026,TRIL,TRIWIRA INSANLESTARI Tbk,Priscillia Lybianto,16.600.000,"1,38",L,ID
27-Feb-2026,TRIL,TRIWIRA INSANLESTARI Tbk,HERMANTO,12.390.000,"1,03",L,ID
27-Feb-2026,TRIM,TRIMEGAH SEKURITAS INDONESIA Tbk,GARIBALDI THOHIR,2.465.846.700,"34,68",L,ID
27-Feb-2026,TRIM,TRIMEGAH SEKURITAS INDONESIA Tbk,PHILMON SAMUEL TANURI,559.044.000,"7,86",L,ID
27-Feb-2026,TRIM,TRIMEGAH SEKURITAS INDONESIA Tbk,UNION SAMPOERNA PT,413.000.000,"5,81",L,CP
27-Feb-2026,TRIM,TRIMEGAH SEKURITAS INDONESIA Tbk,CITIBANK HONG KONG S/A PBG CLIENTS SG,354.450.000,"4,99",A,IB
27-Feb-2026,TRIM,TRIMEGAH SEKURITAS INDONESIA Tbk,ADELLENE ODELIA TANURI,355.000.000,"4,99",L,ID
27-Feb-2026,TRIM,TRIMEGAH SEKURITAS INDONESIA Tbk,VERONICA COLONDAM,351.255.500,"4,94",L,ID
27-Feb-2026,TRIM,TRIMEGAH SEKURITAS INDONESIA Tbk,PT. SUKSES PERDANA MANDIRI,340.805.250,"4,79",L,CP
27-Feb-2026,TRIM,TRIMEGAH SEKURITAS INDONESIA Tbk,PT. PURI DAMAI SEJAHTERA,261.780.000,"3,68",L,CP
27-Feb-2026,TRIM,TRIMEGAH SEKURITAS INDONESIA Tbk,UOB KAY HIAN PRIVATE LIMITED,258.156.900,"3,63",A,SC
27-Feb-2026,TRIM,TRIMEGAH SEKURITAS INDONESIA Tbk,"NAITO SECURITIES CO., LTD.",245.870.800,"3,46",A,SC
27-Feb-2026,TRIM,TRIMEGAH SEKURITAS INDONESIA Tbk,TERRA KONSUMA INVESTAMA,229.745.500,"3,23",L,CP
27-Feb-2026,TRIM,TRIMEGAH SEKURITAS INDONESIA Tbk,PT TRIMEGAH SEKURITAS INDONESIA TBK,145.953.864,"2,05",L,SC
27-Feb-2026,TRIM,TRIMEGAH SEKURITAS INDONESIA Tbk,PT NUANSA INDAH KREASI,102.000.000,"1,43",L,CP
27-Feb-2026,TRIM,TRIMEGAH SEKURITAS INDONESIA Tbk,PIETER TANURI,99.085.700,"1,39",L,ID
27-Feb-2026,TRIM,TRIMEGAH SEKURITAS INDONESIA Tbk,YABES TANURI,97.646.800,"1,37",L,ID
27-Feb-2026,TRIM,TRIMEGAH SEKURITAS INDONESIA Tbk,"TRINUGRAHA THOHIR HARMONI, PT",80.000.000,"1,13",L,CP
27-Feb-2026,TRIM,TRIMEGAH SEKURITAS INDONESIA Tbk,MARUARAR SIRAIT,78.444.800,"1,10",L,ID
27-Feb-2026,TRIM,TRIMEGAH SEKURITAS INDONESIA Tbk,PT. BALI BINTANG SEJAHTERA,71.226.300,"1,00",L,CP
27-Feb-2026,TRIN,PERINTIS TRINITI PROPERTI Tbk,PT KUNCI DAUD INDONESIA,1.628.738.000,"35,78",L,CP
27-Feb-2026,TRIN,PERINTIS TRINITI PROPERTI Tbk,PT INTAN INVESTAMA INTERNASIONAL,1.241.574.500,"27,28",L,CP
27-Feb-2026,TRIN,PERINTIS TRINITI PROPERTI Tbk,PT PANCA MUARA JAYA,264.859.000,"5,82",L,CP
27-Feb-2026,TRIN,PERINTIS TRINITI PROPERTI Tbk,PT RAKSAKA SATYA DEVYA,133.068.072,"2,92",L,CP
27-Feb-2026,TRIN,PERINTIS TRINITI PROPERTI Tbk,PT PERINTIS TRINITI PROPERTI TBK,82.112.600,"1,80",L,CP
27-Feb-2026,TRIN,PERINTIS TRINITI PROPERTI Tbk,DJONI,68.300.000,"1,50",L,ID
27-Feb-2026,TRIN,PERINTIS TRINITI PROPERTI Tbk,PT. SUKSES SEJATI SEJAHTERA,53.197.528,"1,17",L,CP
27-Feb-2026,TRIN,PERINTIS TRINITI PROPERTI Tbk,SUTOPO WIDODO,52.867.100,"1,16",L,ID
27-Feb-2026,TRIN,PERINTIS TRINITI PROPERTI Tbk,MANGGARAI ANUGERAH SEMESTA PT,47.892.223,"1,05",,
27-Feb-2026,TRIN,PERINTIS TRINITI PROPERTI Tbk,PT RADA SARASWATI SURYA,45.514.600,"1,00",L,CP
27-Feb-2026,TRIO,TRIKOMSEL OKE Tbk,"SUKSES PERDANA PRIMA, PT",9.948.636.242,"38,25",L,CP
27-Feb-2026,TRIO,TRIKOMSEL OKE Tbk,GLAS TRUST (SINGAPORE) LTD.,6.640.600.956,"25,53",A,IB
27-Feb-2026,TRIO,TRIKOMSEL OKE Tbk,UOB KAY HIAN PRIVATE LIMITED,3.372.249.347,"12,97",A,SC
27-Feb-2026,TRIO,TRIKOMSEL OKE Tbk,TIGADARI FIESTA .PT - CPD2505K0189508,2.259.227.224,"8,69",L,CP
27-Feb-2026,TRIO,TRIKOMSEL OKE Tbk,JPMCB NA RE-POLARIS LTD,2.136.744.500,"8,22",A,CP
27-Feb-2026,TRIO,TRIKOMSEL OKE Tbk,PT BANK DBS INDONESIA,452.943.913,"1,74",L,IB
27-Feb-2026,TRIO,TRIKOMSEL OKE Tbk,ESCOMINDO PTE.LTD - CPF031149811431,367.529.716,"1,41",A,CP
27-Feb-2026,TRIO,TRIKOMSEL OKE Tbk,PT. HUAWEI TECH INVESTMENT,312.196.260,"1,20",L,CP
27-Feb-2026,TRIS,TRISULA INTERNATIONAL Tbk,PT. INTI NUSA DAMAI,633.384.048,"20,16",L,CP
27-Feb-2026,TRIS,TRISULA INTERNATIONAL Tbk,KIKY SUHERLAN,507.072.000,"16,14",L,ID
27-Feb-2026,TRIS,TRISULA INTERNATIONAL Tbk,DEDIE SUHERLAN,507.072.000,"16,14",L,ID
27-Feb-2026,TRIS,TRISULA INTERNATIONAL Tbk,PT. KARYA DWIMANUNGGAL SEJAHTERA,470.037.000,"14,96",L,CP
27-Feb-2026,TRIS,TRISULA INTERNATIONAL Tbk,TRISULA INSAN TIARA,403.000.000,"12,83",L,CP
27-Feb-2026,TRIS,TRISULA INTERNATIONAL Tbk,UBS AG SINGAPORE BRANCH,153.500.000,"4,89",A,IB
27-Feb-2026,TRIS,TRISULA INTERNATIONAL Tbk,PT TRISULA INSAN TIARA,99.814.700,"3,18",L,CP
27-Feb-2026,TRIS,TRISULA INTERNATIONAL Tbk,PT.TRITIRTA INTI MANDIRI,54.683.574,"1,74",L,CP
27-Feb-2026,TRIS,TRISULA INTERNATIONAL Tbk,PT TRISULA INTERNATIONAL TBK,48.232.500,"1,54",L,CP
27-Feb-2026,TRIS,TRISULA INTERNATIONAL Tbk,INTERVENTURES CAPITAL PTE. LTD,48.229.375,"1,54",A,OT
27-Feb-2026,TRIS,TRISULA INTERNATIONAL Tbk,REKSA DANA DANAMAS STABIL,39.275.100,"1,25",L,MF
27-Feb-2026,TRIS,TRISULA INTERNATIONAL Tbk,NIVEN HOLDINGS LIMITED,36.159.850,"1,15",A,IB
27-Feb-2026,TRJA,TRANSKON JAYA Tbk,PT SAMINDO RESOURCES TBK,1.265.646.400,"83,81",L,CP
27-Feb-2026,TRJA,TRANSKON JAYA Tbk,PT. DAMAI INVESTAMA SUKSES,85.845.400,"5,68",L,CP
27-Feb-2026,TRJA,TRANSKON JAYA Tbk,PT ANEKA,28.321.700,"1,88",L,CP
27-Feb-2026,TRJA,TRANSKON JAYA Tbk,SAUT MARULITUA SINAGA,15.515.400,"1,03",L,ID
27-Feb-2026,TRON,TEKNOLOGI KARYA DIGITAL NUSA Tbk,"DAYA KEMILAU NUSANTARA INVESTAMA, PT",1.764.046.400,"59,77",L,CP
27-Feb-2026,TRON,TEKNOLOGI KARYA DIGITAL NUSA Tbk,OKTANTIO P NOERDIANSYAH,135.223.100,"4,58",L,ID
27-Feb-2026,TRON,TEKNOLOGI KARYA DIGITAL NUSA Tbk,EASTERN IDEAL HOLDING LIMITED,105.503.400,"3,57",A,CP
27-Feb-2026,TRON,TEKNOLOGI KARYA DIGITAL NUSA Tbk,KOKARJADI CHANDRA,83.650.190,"2,83",L,ID
27-Feb-2026,TRON,TEKNOLOGI KARYA DIGITAL NUSA Tbk,TAN TJOE LIANG,53.052.100,"1,80",L,ID
27-Feb-2026,TRON,TEKNOLOGI KARYA DIGITAL NUSA Tbk,PT KARYA DEWANTARA NASIONAL,48.941.500,"1,66",L,CP
27-Feb-2026,TRON,TEKNOLOGI KARYA DIGITAL NUSA Tbk,WONG DAM SENG,47.839.000,"1,62",L,ID
27-Feb-2026,TRST,TRIAS SENTOSA Tbk,PT. K AND L CAPITAL,750.133.500,"26,71",L,CP
27-Feb-2026,TRST,TRIAS SENTOSA Tbk,ADILAKSA MANUNGGAL,502.784.665,"17,91",L,OT
27-Feb-2026,TRST,TRIAS SENTOSA Tbk,PT. KILO LIMA INTI PERKASA,216.463.250,"7,71",L,CP
27-Feb-2026,TRST,TRIAS SENTOSA Tbk,"PRIMA POLYCON INDAH, PT.",161.819.260,"5,76",L,CP
27-Feb-2026,TRST,TRIAS SENTOSA Tbk,PT. KILO BRAVO INTI PERKASA,139.696.000,"4,97",L,CP
27-Feb-2026,TRST,TRIAS SENTOSA Tbk,KINDARTO KOHAR,136.734.500,"4,87",L,ID
27-Feb-2026,TRST,TRIAS SENTOSA Tbk,LEKONG KOHAR,130.000.000,"4,63",L,ID
27-Feb-2026,TRST,TRIAS SENTOSA Tbk,JAMIN TJANDRA,107.352.307,"3,82",L,ID
27-Feb-2026,TRST,TRIAS SENTOSA Tbk,GSI S/A CAPITALIGHT INVESTMENTS PTE. LTD,100.000.000,"3,56",A,CP
27-Feb-2026,TRST,TRIAS SENTOSA Tbk,TJENHARTO KOHAR,85.429.000,"3,04",L,ID
27-Feb-2026,TRST,TRIAS SENTOSA Tbk,MINTARJO WIDYA TJOA,49.240.438,"1,75",L,ID
27-Feb-2026,TRST,TRIAS SENTOSA Tbk,FRANSISCA FIFI YONG WIDYA TAN,43.631.480,"1,55",L,ID
27-Feb-2026,TRST,TRIAS SENTOSA Tbk,EUGENE SURYONO KOHAR,40.000.000,"1,42",L,ID
27-Feb-2026,TRST,TRIAS SENTOSA Tbk,THE EMERGING MARKETS SMALL CAP SERIES OF THE DFA INVESTMENT TRUST COMPANY,32.818.400,"1,17",A,MF
27-Feb-2026,TRUE,TRINITI DINAMIK Tbk,PT AGUNG PERKASA INVESTINDO,4.000.000.000,"52,83",L,CP
27-Feb-2026,TRUE,TRINITI DINAMIK Tbk,PT PERINTIS TRINITI PROPERTI TBK,1.097.261.584,"14,49",L,CP
27-Feb-2026,TRUE,TRINITI DINAMIK Tbk,PT PANCA AGUNG GEMILANG,430.299.956,"5,68",L,CP
27-Feb-2026,TRUE,TRINITI DINAMIK Tbk,DJONI,385.000.000,"5,09",L,ID
27-Feb-2026,TRUE,TRINITI DINAMIK Tbk,VALTOS GLOBALINDO,205.588.000,"2,72",L,OT
27-Feb-2026,TRUE,TRINITI DINAMIK Tbk,VINCENT YO,107.569.484,"1,42",L,ID
27-Feb-2026,TRUK,GUNA TIMUR RAYA Tbk,PT GUNA MAKMUR RAYA,174.734.700,"40,17",L,CP
27-Feb-2026,TRUK,GUNA TIMUR RAYA Tbk,PT CATUR DHARMA ANUGERAH SURYA,87.000.000,"20,00",L,CP
27-Feb-2026,TRUK,GUNA TIMUR RAYA Tbk,BUDI GUNAWAN,21.750.000,"5,00",L,ID
27-Feb-2026,TRUK,GUNA TIMUR RAYA Tbk,CAROLINA KUSUMA,21.750.000,"5,00",L,ID
27-Feb-2026,TRUK,GUNA TIMUR RAYA Tbk,SUSANA KOSASIH,21.584.800,"4,96",L,ID
27-Feb-2026,TRUK,GUNA TIMUR RAYA Tbk,FENTI HIDAJAT,21.225.200,"4,88",L,ID
27-Feb-2026,TRUK,GUNA TIMUR RAYA Tbk,ERIC MOELJONO,16.200.000,"3,72",L,ID
27-Feb-2026,TRUK,GUNA TIMUR RAYA Tbk,SEMILTA LESTARI,12.762.100,"2,93",L,ID
27-Feb-2026,TRUK,GUNA TIMUR RAYA Tbk,ANTONIUS GUNAWAN GHO,5.250.100,"1,21",L,ID
27-Feb-2026,TRUS,TRUST FINANCE INDONESIA Tbk,MAJUJAYA TERUS SEJAHTERA PT,240.000.000,"30,00",,
27-Feb-2026,TRUS,TRUST FINANCE INDONESIA Tbk,PT ARTHA CAPITAL INDONESIA,223.760.000,"27,97",L,CP
27-Feb-2026,TRUS,TRUST FINANCE INDONESIA Tbk,"Artha Perdana Investama, PT",74.760.000,"9,35",L,CP
27-Feb-2026,TRUS,TRUST FINANCE INDONESIA Tbk,HENDRY HARTATO,56.190.000,"7,02",L,ID
27-Feb-2026,TRUS,TRUST FINANCE INDONESIA Tbk,ELNI TANGKA,39.808.000,"4,98",L,ID
27-Feb-2026,TRUS,TRUST FINANCE INDONESIA Tbk,RENEE TANG,39.505.000,"4,94",L,ID
27-Feb-2026,TRUS,TRUST FINANCE INDONESIA Tbk,PT KUSUMA ANUGRAH ABADI,32.861.000,"4,11",L,CP
27-Feb-2026,TRUS,TRUST FINANCE INDONESIA Tbk,PT INTI INDAH RAYA,32.861.000,"4,11",L,CP
27-Feb-2026,TRUS,TRUST FINANCE INDONESIA Tbk,RUSLI HAZALI,22.490.000,"2,81",L,ID
27-Feb-2026,TRUS,TRUST FINANCE INDONESIA Tbk,TANNER ALWI,15.604.900,"1,95",L,ID
27-Feb-2026,TSPC,TEMPO SCAN PACIFIC Tbk,PT. BOGAMULIA NAGADI,4.081.407.318,"90,50",L,CP
27-Feb-2026,TUGU,ASURANSI TUGU PRATAMA INDONESIA Tbk,PT PERTAMINA (PERSERO),2.080.000.000,"58,50",L,CP
27-Feb-2026,TUGU,ASURANSI TUGU PRATAMA INDONESIA Tbk,UOB KAY HIAN PRIVATE LIMITED,563.200.000,"15,84",A,SC
27-Feb-2026,TUGU,ASURANSI TUGU PRATAMA INDONESIA Tbk,"SAMSUNG FIRE AND MARINE INSURANCE CO., LTD",188.234.000,"5,29",A,IS
27-Feb-2026,TUGU,ASURANSI TUGU PRATAMA INDONESIA Tbk,SALVITAS INVESTMENT INC,146.460.582,"4,12",A,CP
27-Feb-2026,TYRE,KING TIRE INDONESIA Tbk,Harris Muliawan,1.185.556.600,"34,06",L,ID
27-Feb-2026,TYRE,KING TIRE INDONESIA Tbk,KINGLAND INVESTINDO NUSANTARA,1.100.000.000,"31,60",L,CP
27-Feb-2026,TYRE,KING TIRE INDONESIA Tbk,INDRA MULIAWAN,554.340.000,"15,93",L,ID
27-Feb-2026,TYRE,KING TIRE INDONESIA Tbk,PT Surya Tunggal Utama,116.923.000,"3,36",L,CP
27-Feb-2026,TYRE,KING TIRE INDONESIA Tbk,"PRAKARSA MITRA SENTOSA, PT",94.743.200,"2,72",L,CP
27-Feb-2026,TYRE,KING TIRE INDONESIA Tbk,PT HARAPAN PERSADA ABADI,80.881.800,"2,32",L,CP
27-Feb-2026,TYRE,KING TIRE INDONESIA Tbk,PT. SEMESTA RAYA PERMAI,77.559.400,"2,23",L,CP
27-Feb-2026,TYRE,KING TIRE INDONESIA Tbk,PT. SENTRA NIAGA ABADI,70.120.000,"2,01",L,CP
27-Feb-2026,TYRE,KING TIRE INDONESIA Tbk,PT KREASI SUKSES SEJATI,61.172.300,"1,76",L,CP
27-Feb-2026,UANG,PAKUAN Tbk,"SIRIUS SURYA SENTOSA, PT",496.049.466,"41,00",L,CP
27-Feb-2026,UANG,PAKUAN Tbk,HAPSORO,234.178.350,"19,35",L,ID
27-Feb-2026,UANG,PAKUAN Tbk,PT BASIS UTAMA PRIMA,196.446.000,"16,24",L,CP
27-Feb-2026,UANG,PAKUAN Tbk,"BHINEKA ABADI INVESTAMA, PT",114.773.100,"9,49",L,CP
27-Feb-2026,UANG,PAKUAN Tbk,PT PANDAWA INDO INVESTAMA,59.374.600,"4,91",L,CP
27-Feb-2026,UANG,PAKUAN Tbk,SATRIO,13.640.000,"1,13",L,ID
27-Feb-2026,UANG,PAKUAN Tbk,PEMERINTAH PROVINSI DAERAH KHUSUS IBUKOTA JAKARTA,13.459.000,"1,11",,
27-Feb-2026,UCID,UNI-CHARM INDONESIA Tbk,UNICHARM CORPORATION,2.460.690.846,"59,20",,
27-Feb-2026,UCID,UNI-CHARM INDONESIA Tbk,PT APP PURINUSA EKAPERSADA,550.000.000,"13,23",L,CP
27-Feb-2026,UCID,UNI-CHARM INDONESIA Tbk,APP PURINUSA EKAPERSADA,314.567.054,"7,57",L,CP
27-Feb-2026,UCID,UNI-CHARM INDONESIA Tbk,JPMCB NA AIF CLT RE-THE SCOTTISH ORIENTAL SMALLER COMPANIES TRUST PLC,149.308.800,"3,59",A,CP
27-Feb-2026,UCID,UNI-CHARM INDONESIA Tbk,JPMCB NA RE - SWEDBANK ROBUR SMALL CAP EMERGING MARKETS,72.000.000,"1,73",A,MF
27-Feb-2026,UCID,UNI-CHARM INDONESIA Tbk,BANQUE PICTET AND CIE SA,71.479.000,"1,72",A,IB
27-Feb-2026,UCID,UNI-CHARM INDONESIA Tbk,UOB KAY HIAN PRIVATE LIMITED,50.701.100,"1,22",A,SC
27-Feb-2026,UCID,UNI-CHARM INDONESIA Tbk,UNIVERSAL-INVESTMENT- GESSELLSCHAFT MBH FOR AVH EMERGING MARKETS FONDS UI,50.000.000,"1,20",A,OT
27-Feb-2026,UDNG,AGRO BAHARI NUSANTARA Tbk,JOSE LOUPIGA KELIAT,397.500.000,"22,71",L,ID
27-Feb-2026,UDNG,AGRO BAHARI NUSANTARA Tbk,VINCENT LUKITO,397.500.000,"22,71",L,ID
27-Feb-2026,UDNG,AGRO BAHARI NUSANTARA Tbk,CHRISTIAN BRANDON LIMBONO,97.500.000,"5,57",L,ID
27-Feb-2026,UDNG,AGRO BAHARI NUSANTARA Tbk,GERI STEVANUS KOROMPIS,87.000.000,"4,97",L,ID
27-Feb-2026,UDNG,AGRO BAHARI NUSANTARA Tbk,PT BERJAYA TRIMAKMUR SEJAHTERA,86.615.300,"4,95",L,CP
27-Feb-2026,UDNG,AGRO BAHARI NUSANTARA Tbk,GILLIANT GRIMALDY KOROMPIS,86.702.000,"4,95",L,ID
27-Feb-2026,UDNG,AGRO BAHARI NUSANTARA Tbk,BUDI MULJADI,86.183.900,"4,92",L,ID
27-Feb-2026,UDNG,AGRO BAHARI NUSANTARA Tbk,OTNIEL I S KOROMPIS,86.049.300,"4,92",L,ID
27-Feb-2026,UDNG,AGRO BAHARI NUSANTARA Tbk,ANNA MAARTJE ROMPAS,84.000.000,"4,80",L,ID
27-Feb-2026,UDNG,AGRO BAHARI NUSANTARA Tbk,FEBRIYANTHY KURNIAWAN,83.937.500,"4,80",L,ID
27-Feb-2026,UDNG,AGRO BAHARI NUSANTARA Tbk,Harijin Santoso,82.302.100,"4,70",L,ID
27-Feb-2026,UDNG,AGRO BAHARI NUSANTARA Tbk,HOESEN TABRANI,32.999.400,"1,89",L,ID
27-Feb-2026,UDNG,AGRO BAHARI NUSANTARA Tbk,FTAG INVESTMENT BANK LTD,23.315.000,"1,33",A,IB
27-Feb-2026,UFOE,DAMAI SEJAHTERA ABADI Tbk,DAMAI SEJAHTERA LESTARI INVESTAMA,2.086.749.000,"72,00",L,CP
27-Feb-2026,UFOE,DAMAI SEJAHTERA ABADI Tbk,IR PUDJI HARIANTO,209.552.457,"7,23",L,ID
27-Feb-2026,UFOE,DAMAI SEJAHTERA ABADI Tbk,POEDJI HARIXON,152.393.400,"5,26",L,ID
27-Feb-2026,UFOE,DAMAI SEJAHTERA ABADI Tbk,PT SELIS INVESTAMA INDONESIA,125.935.369,"4,35",L,CP
27-Feb-2026,UFOE,DAMAI SEJAHTERA ABADI Tbk,TJOA KING HOA,107.133.972,"3,70",L,ID
27-Feb-2026,ULTJ,ULTRAJAYA MILK INDUSTRY AND TRADING COMPA,NSYA BTbAkNA PRAWIRA WIDJAJA,5.528.219.300,"53,17",L,ID
27-Feb-2026,ULTJ,ULTRAJAYA MILK INDUSTRY AND TRADING COMPA,NPYR TAbWkIRAWIDJAJA PRAKARSA,2.472.304.260,"23,78",L,CP
27-Feb-2026,ULTJ,ULTRAJAYA MILK INDUSTRY AND TRADING COMPA,NSYA MTbUkDERA PRAWIRAWIDJAJA,375.000.000,"3,61",L,ID
27-Feb-2026,ULTJ,ULTRAJAYA MILK INDUSTRY AND TRADING COMPA,NNYI LTAb kS,375.000.000,"3,61",,
27-Feb-2026,ULTJ,ULTRAJAYA MILK INDUSTRY AND TRADING COMPA,NPYT .T IbNkDOLIFE PENSIONTAMA,247.679.200,"2,38",L,IS
27-Feb-2026,ULTJ,ULTRAJAYA MILK INDUSTRY AND TRADING COMPA,NPYT TAbSkURANSI JIWA CENTRAL ASIA RAYA,171.811.100,"1,65",L,IS
27-Feb-2026,ULTJ,ULTRAJAYA MILK INDUSTRY AND TRADING COMPA,NSYU THbEkNDRA PRAWIRAWIDJAJA,149.568.940,"1,44",L,ID
27-Feb-2026,UNIC,UNGGUL INDAH CAHAYA Tbk,"ASPIRASI LUHUR,PT",139.351.604,"36,35",L,CP
27-Feb-2026,UNIC,UNGGUL INDAH CAHAYA Tbk,PT Alas Pusaka,43.660.821,"11,39",L,CP
27-Feb-2026,UNIC,UNGGUL INDAH CAHAYA Tbk,PT. SALIM CHEMICALS CORPORA,39.635.036,"10,34",L,CP
27-Feb-2026,UNIC,UNGGUL INDAH CAHAYA Tbk,"LAUTAN LUAS TBK, PT",22.858.900,"5,96",L,CP
27-Feb-2026,UNIC,UNGGUL INDAH CAHAYA Tbk,Yuber Hadi Yanto,16.475.692,"4,30",L,ID
27-Feb-2026,UNIC,UNGGUL INDAH CAHAYA Tbk,Mimy Sulianti,16.476.044,"4,30",L,ID
27-Feb-2026,UNIC,UNGGUL INDAH CAHAYA Tbk,Luciana Tanoyo,16.035.840,"4,18",L,ID
27-Feb-2026,UNIC,UNGGUL INDAH CAHAYA Tbk,Tan Kong Han / Hendrik. T,15.000.000,"3,91",L,ID
27-Feb-2026,UNIC,UNGGUL INDAH CAHAYA Tbk,PT UICCP INDONESIA,13.986.000,"3,65",L,CP
27-Feb-2026,UNIC,UNGGUL INDAH CAHAYA Tbk,Thomas Suseno,13.589.428,"3,55",L,ID
27-Feb-2026,UNIC,UNGGUL INDAH CAHAYA Tbk,HSBC RBWM MR SUJANTO HENDRA,8.085.572,"2,11",L,ID
27-Feb-2026,UNIC,UNGGUL INDAH CAHAYA Tbk,Widya Katuari,7.215.076,"1,88",L,ID
27-Feb-2026,UNIC,UNGGUL INDAH CAHAYA Tbk,Ronald Suciawan,7.225.591,"1,88",L,ID
27-Feb-2026,UNIC,UNGGUL INDAH CAHAYA Tbk,John Michael Sutanto,7.160.000,"1,87",L,ID
27-Feb-2026,UNIC,UNGGUL INDAH CAHAYA Tbk,Ellen,6.727.830,"1,76",L,ID
27-Feb-2026,UNIQ,ULIMA NITRA Tbk,BURHAN TJOKRO,706.818.395,"22,52",L,ID
27-Feb-2026,UNIQ,ULIMA NITRA Tbk,ULUNG WIJAYA,706.818.395,"22,52",L,ID
27-Feb-2026,UNIQ,ULIMA NITRA Tbk,JATI SIMINA,375.000.000,"11,95",L,ID
27-Feb-2026,UNIQ,ULIMA NITRA Tbk,MERTY TJOKRO,334.302.326,"10,65",L,ID
27-Feb-2026,UNIQ,ULIMA NITRA Tbk,MERTJE TJOKRO,194.767.442,"6,20",L,ID
27-Feb-2026,UNIQ,ULIMA NITRA Tbk,TUTI NUARNI,194.767.442,"6,20",L,ID
27-Feb-2026,UNIQ,ULIMA NITRA Tbk,JULIANA HALIM,100.682.500,"3,21",L,ID
27-Feb-2026,UNIQ,ULIMA NITRA Tbk,NONI,75.595.100,"2,41",L,ID
27-Feb-2026,UNIT,CAHAYA PERMATA SEJAHTERA Tbk,PT. LENOVO WORLDWIDE CORPORATION,16.423.425,"21,78",A,CP
27-Feb-2026,UNIT,CAHAYA PERMATA SEJAHTERA Tbk,BLOOM INTERNATIONAL LTD,5.749.750,"7,62",A,OT
27-Feb-2026,UNIT,CAHAYA PERMATA SEJAHTERA Tbk,PT. Suge Talesta Guna,3.742.800,"4,96",L,CP
27-Feb-2026,UNIT,CAHAYA PERMATA SEJAHTERA Tbk,PT ENERGI HARAPAN BARU,3.735.000,"4,95",L,CP
27-Feb-2026,UNIT,CAHAYA PERMATA SEJAHTERA Tbk,PT. DUNIA SURYA BAKTI,3.735.000,"4,95",L,CP
27-Feb-2026,UNIT,CAHAYA PERMATA SEJAHTERA Tbk,PT KURNIA SENTOSA MULIA,3.725.000,"4,94",L,CP
27-Feb-2026,UNIT,CAHAYA PERMATA SEJAHTERA Tbk,PT. Sandi Usaha Jaya,3.725.000,"4,94",L,CP
27-Feb-2026,UNIT,CAHAYA PERMATA SEJAHTERA Tbk,LIEM SIEN LAN,3.727.700,"4,94",L,ID
27-Feb-2026,UNIT,CAHAYA PERMATA SEJAHTERA Tbk,PT. Damar Jayastu Putra,3.701.550,"4,91",L,CP
27-Feb-2026,UNIT,CAHAYA PERMATA SEJAHTERA Tbk,PT VITO PURWA CENDANA,3.700.000,"4,91",L,CP
27-Feb-2026,UNIT,CAHAYA PERMATA SEJAHTERA Tbk,JAKSA AGUNG MUDA BIDANG TINDAK PIDANA KHUSUS KEJAKSAAN REPUBLIK INDONESIA KEJAKSAAN REPUBLIK INDONESIA,3.690.100,"4,89",L,OT
27-Feb-2026,UNIT,CAHAYA PERMATA SEJAHTERA Tbk,SIAUW YUNUS SUBANDI,3.546.100,"4,70",L,ID
27-Feb-2026,UNIT,CAHAYA PERMATA SEJAHTERA Tbk,TANOKO MULYO ATMODJO,2.300.250,"3,05",L,ID
27-Feb-2026,UNIT,CAHAYA PERMATA SEJAHTERA Tbk,RADIUS ERWIN DA SILVA S. KOM,959.800,"1,27",L,ID
27-Feb-2026,UNIT,CAHAYA PERMATA SEJAHTERA Tbk,ANDY TANUJAYA,952.900,"1,26",L,ID
27-Feb-2026,UNIT,CAHAYA PERMATA SEJAHTERA Tbk,ANNA KAMAGI,895.000,"1,19",L,ID
27-Feb-2026,UNSP,BAKRIE SUMATERA PLANTATIONS Tbk,PT BAKRIE CAPITAL INDONESIA,445.562.965,"17,82",L,CP
27-Feb-2026,UNSP,BAKRIE SUMATERA PLANTATIONS Tbk,ERNAWATI ALI,273.921.631,"10,96",L,ID
27-Feb-2026,UNSP,BAKRIE SUMATERA PLANTATIONS Tbk,STEFANIE DJAJALI,230.265.187,"9,21",L,ID
27-Feb-2026,UNSP,BAKRIE SUMATERA PLANTATIONS Tbk,PARADISO RESOURCES LTD,153.023.232,"6,12",A,CP
27-Feb-2026,UNSP,BAKRIE SUMATERA PLANTATIONS Tbk,INDO ALAM RESOURCES PTE. LTD,94.617.496,"3,78",A,OT
27-Feb-2026,UNSP,BAKRIE SUMATERA PLANTATIONS Tbk,PT BIOFUEL INDO SUMATRA,92.030.400,"3,68",L,CP
27-Feb-2026,UNSP,BAKRIE SUMATERA PLANTATIONS Tbk,MINARDI KONG,41.965.400,"1,68",L,ID
27-Feb-2026,UNSP,BAKRIE SUMATERA PLANTATIONS Tbk,"Lingga Manik, PT",40.257.000,"1,61",L,CP
27-Feb-2026,UNSP,BAKRIE SUMATERA PLANTATIONS Tbk,ASURANSI SIMAS JIWA,34.538.050,"1,38",L,IS
27-Feb-2026,UNSP,BAKRIE SUMATERA PLANTATIONS Tbk,HON HERFENDI,32.206.800,"1,29",L,ID
27-Feb-2026,UNSP,BAKRIE SUMATERA PLANTATIONS Tbk,Meivel Holdings Corporation,32.039.650,"1,28",A,OT
27-Feb-2026,UNTD,TERANG DUNIA INTERNUSA Tbk,TAN TJOE ING,1.500.000.000,"22,50",L,ID
27-Feb-2026,UNTD,TERANG DUNIA INTERNUSA Tbk,STEPHEN MULYADI,1.375.000.000,"20,62",L,ID
27-Feb-2026,UNTD,TERANG DUNIA INTERNUSA Tbk,HENRY MULYADI,1.000.000.000,"15,00",L,ID
27-Feb-2026,UNTD,TERANG DUNIA INTERNUSA Tbk,ANDREW MULYADI,1.000.000.000,"15,00",L,ID
27-Feb-2026,UNTD,TERANG DUNIA INTERNUSA Tbk,MOSHE DARRON PANJAITAN,217.962.500,"3,27",L,ID
27-Feb-2026,UNTD,TERANG DUNIA INTERNUSA Tbk,PT WIRA CAKRA BERLIAN,213.409.500,"3,20",L,CP
27-Feb-2026,UNTD,TERANG DUNIA INTERNUSA Tbk,PT RODA LANGIT SEMESTA,191.647.400,"2,87",L,CP
27-Feb-2026,UNTD,TERANG DUNIA INTERNUSA Tbk,PT FAJAR CAKRAWALA PRIMA,178.428.200,"2,68",L,CP
27-Feb-2026,UNTD,TERANG DUNIA INTERNUSA Tbk,PT MULTI BUANA CARAKA,127.934.300,"1,92",L,CP
27-Feb-2026,UNTD,TERANG DUNIA INTERNUSA Tbk,TE RAHARJO PRAYITNO,125.000.000,"1,87",L,ID
27-Feb-2026,UNTD,TERANG DUNIA INTERNUSA Tbk,YAFANG ZHOU,72.000.000,"1,08",L,ID
27-Feb-2026,UNTD,TERANG DUNIA INTERNUSA Tbk,IAN TANUWIJAYA,67.831.300,"1,02",L,ID
27-Feb-2026,UNTR,UNITED TRACTORS Tbk,PT ASTRA INTERNATIONAL TBK,2.219.317.358,"59,50",L,CP
27-Feb-2026,UNTR,UNITED TRACTORS Tbk,PT UNITED TRACTORS TBK,193.207.700,"5,18",L,CP
27-Feb-2026,UNTR,UNITED TRACTORS Tbk,DJS KETENAGAKERJAAN PROGRAM JAMINAN HARI TUA,107.479.000,"2,88",L,IS
27-Feb-2026,UNTR,UNITED TRACTORS Tbk,EMPLOYEES PROVIDENT FUND BOARD,43.770.600,"1,17",A,PF
27-Feb-2026,UNTR,UNITED TRACTORS Tbk,PEOPLE'S BANK OF CHINA,37.506.936,"1,01",A,OT
27-Feb-2026,UNVR,UNILEVER INDONESIA Tbk,UNILEVER INDONESIA TBK.,32.424.387.500,"84,99",L,CP
27-Feb-2026,UNVR,UNILEVER INDONESIA Tbk,DJS KETENAGAKERJAAN PROGRAM JAMINAN HARI TUA,404.210.300,"1,06",L,IS
27-Feb-2026,URBN,URBAN JAKARTA PROPERTINDO Tbk,PT. Nusa Wijaya Propertindo,2.401.409.999,"74,30",L,CP
27-Feb-2026,URBN,URBAN JAKARTA PROPERTINDO Tbk,IBUKOTA DEVELOPMENT LTD,310.712.500,"9,61",A,OT
27-Feb-2026,URBN,URBAN JAKARTA PROPERTINDO Tbk,BUKITSHIRE CAPITAL LTD,160.000.000,"4,95",A,OT
27-Feb-2026,URBN,URBAN JAKARTA PROPERTINDO Tbk,PT. Urban Jakarta Propertindo TBK.,112.524.500,"3,48",L,CP
27-Feb-2026,URBN,URBAN JAKARTA PROPERTINDO Tbk,YONGKY WIJAYA,44.708.800,"1,38",L,ID
27-Feb-2026,URBN,URBAN JAKARTA PROPERTINDO Tbk,WING SENG FONG,32.600.000,"1,01",L,ID
27-Feb-2026,UVCR,TRIMEGAH KARYA PRATAMA Tbk,PT TRIMEGAH SUMBER MAS,824.557.467,"41,22",L,CP
27-Feb-2026,UVCR,TRIMEGAH KARYA PRATAMA Tbk,AGUSTIN WIDYAWATI,101.652.400,"5,08",L,ID
27-Feb-2026,UVCR,TRIMEGAH KARYA PRATAMA Tbk,GENCAR,95.182.300,"4,76",L,ID
27-Feb-2026,UVCR,TRIMEGAH KARYA PRATAMA Tbk,RIKY BOY H PERMATA,81.500.000,"4,07",L,ID
27-Feb-2026,UVCR,TRIMEGAH KARYA PRATAMA Tbk,KOKARJADI CHANDRA,51.750.000,"2,59",L,ID
27-Feb-2026,UVCR,TRIMEGAH KARYA PRATAMA Tbk,HADY KUSWANTO S KOM,46.321.400,"2,32",L,ID
27-Feb-2026,UVCR,TRIMEGAH KARYA PRATAMA Tbk,WINSTON TAN,45.000.000,"2,25",L,ID
27-Feb-2026,UVCR,TRIMEGAH KARYA PRATAMA Tbk,"SARAH GLOBAL INDONESIA, PT",35.942.800,"1,80",L,CP
27-Feb-2026,UVCR,TRIMEGAH KARYA PRATAMA Tbk,HENDRA WIJAYA,25.280.000,"1,26",L,ID
27-Feb-2026,VAST,VASTLAND INDONESIA Tbk,PT. TEMBESU ELANG PERKASA,2.138.400.000,"69,98",L,CP
27-Feb-2026,VAST,VASTLAND INDONESIA Tbk,"BERSATU KITA TANGGUH, PT",237.600.000,"7,78",L,CP
27-Feb-2026,VAST,VASTLAND INDONESIA Tbk,ANDI SOEGIARTO,133.660.700,"4,37",L,ID
27-Feb-2026,VAST,VASTLAND INDONESIA Tbk,JANE VALERIE PURNAWAN,129.926.200,"4,25",L,ID
27-Feb-2026,VAST,VASTLAND INDONESIA Tbk,VICTOR ROY TEGUH,80.188.800,"2,62",L,ID
27-Feb-2026,VAST,VASTLAND INDONESIA Tbk,ARIEF RAMON,62.938.700,"2,06",L,ID
27-Feb-2026,VAST,VASTLAND INDONESIA Tbk,MOCHTAR SUHADI,51.772.500,"1,69",L,ID
27-Feb-2026,VAST,VASTLAND INDONESIA Tbk,ARI ANASTASIA CHRISTIANA,39.659.000,"1,30",L,ID
27-Feb-2026,VERN,VERONA INDAH PICTURES Tbk,PIE TITIN SURYANI,2.222.325.000,"46,63",L,ID
27-Feb-2026,VERN,VERONA INDAH PICTURES Tbk,BEDY KUNADY,1.408.925.000,"29,56",L,ID
27-Feb-2026,VERN,VERONA INDAH PICTURES Tbk,HANSEL,222.365.600,"4,67",L,ID
27-Feb-2026,VERN,VERONA INDAH PICTURES Tbk,JUWARTI,221.165.600,"4,64",L,ID
27-Feb-2026,VERN,VERONA INDAH PICTURES Tbk,KUMALA KENCANAWATI,208.457.700,"4,37",L,ID
27-Feb-2026,VERN,VERONA INDAH PICTURES Tbk,RIRI IRAWAN,109.529.300,"2,30",L,ID
27-Feb-2026,VERN,VERONA INDAH PICTURES Tbk,MADTHOBI JAELANI,100.000.000,"2,10",L,ID
27-Feb-2026,VERN,VERONA INDAH PICTURES Tbk,FARRIZ,100.000.000,"2,10",L,ID
27-Feb-2026,VICI,VICTORIA CARE INDONESIA Tbk,PT. SUKSES SEJATI SEJAHTERA,4.021.380.000,"59,95",L,CP
27-Feb-2026,VICI,VICTORIA CARE INDONESIA Tbk,BEAUTY BRANDS INTERNATIONAL PTE LTD,1.677.000.000,"25,00",A,CP
27-Feb-2026,VICI,VICTORIA CARE INDONESIA Tbk,JOHANNES EDWIN PUTRA,311.348.900,"4,64",L,ID
27-Feb-2026,VICI,VICTORIA CARE INDONESIA Tbk,PT SUMBER BERKAT PODOJOYO,139.848.800,"2,08",L,CP
27-Feb-2026,VICI,VICTORIA CARE INDONESIA Tbk,PT SINERGI SUMBER SEJAHTERA,132.160.000,"1,97",L,CP
27-Feb-2026,VICI,VICTORIA CARE INDONESIA Tbk,HARVEST MULIA INVESTAMA PT,99.388.500,"1,48",L,CP
27-Feb-2026,VICO,VICTORIA INVESTAMA Tbk,PT Gratamulia Pratama,6.856.943.900,"45,06",L,CP
27-Feb-2026,VICO,VICTORIA INVESTAMA Tbk,SUZANNA TANOJO,4.050.858.438,"26,62",L,ID
27-Feb-2026,VICO,VICTORIA INVESTAMA Tbk,PT. BINTANG MITRA SEMESTARAYA TBK,721.939.800,"4,74",L,CP
27-Feb-2026,VICO,VICTORIA INVESTAMA Tbk,PT Wahana Mutiara Pratama,666.464.000,"4,38",L,CP
27-Feb-2026,VICO,VICTORIA INVESTAMA Tbk,PT Prima Solusindo Sejahtera,369.052.000,"2,43",L,CP
27-Feb-2026,VICO,VICTORIA INVESTAMA Tbk,PT GMT INVESTAMA MANDIRI,354.204.000,"2,33",L,SC
27-Feb-2026,VICO,VICTORIA INVESTAMA Tbk,PT Nata Patindo,339.078.724,"2,23",L,CP
27-Feb-2026,VICO,VICTORIA INVESTAMA Tbk,SAFIRE CAPITAL PTE.LTD.,264.000.000,"1,73",A,CP
27-Feb-2026,VICO,VICTORIA INVESTAMA Tbk,PT. REGIS PRATAMA INDONESIA,215.696.900,"1,42",L,CP
27-Feb-2026,VINS,VICTORIA INSURANCE Tbk,PT. Victoria Investama Tbk,1.319.359.038,"84,93",L,CP
27-Feb-2026,VINS,VICTORIA INSURANCE Tbk,REKSA DANA CAPITAL EQUITY FUND,46.650.000,"3,00",L,MF
27-Feb-2026,VINS,VICTORIA INSURANCE Tbk,PT NUSA RAMA ALAM UNGGUL,39.176.500,"2,52",L,CP
27-Feb-2026,VINS,VICTORIA INSURANCE Tbk,PT Bintang Jaya Bara Sentosa,39.029.700,"2,51",L,CP
27-Feb-2026,VINS,VICTORIA INSURANCE Tbk,PT. Askar Pelangi Abadi,21.700.000,"1,40",L,CP
27-Feb-2026,VINS,VICTORIA INSURANCE Tbk,PT Prolestari Megapersada,19.181.000,"1,23",L,CP
27-Feb-2026,VISI,SATU VISI PUTRA Tbk,DAVID DWIPUTRA,2.200.000.000,"71,54",L,ID
27-Feb-2026,VISI,SATU VISI PUTRA Tbk,FARREL YONATHAN,200.000.000,"6,50",L,ID
27-Feb-2026,VISI,SATU VISI PUTRA Tbk,VERONIKA WALANGITAN,125.000.000,"4,07",L,ID
27-Feb-2026,VISI,SATU VISI PUTRA Tbk,YOHANES FREDDY WIJAYA,72.204.400,"2,35",L,ID
27-Feb-2026,VISI,SATU VISI PUTRA Tbk,ROBERT PUTRA SAMPURNA,60.000.000,"1,95",L,ID
27-Feb-2026,VISI,SATU VISI PUTRA Tbk,WAHONO SAPUTRA,57.431.800,"1,87",L,ID
27-Feb-2026,VISI,SATU VISI PUTRA Tbk,CHARLES LIE,35.739.600,"1,16",L,ID
27-Feb-2026,VIVA,VISI MEDIA ASIA Tbk,PT. Bakrie Global Ventura,5.423.628.910,"32,94",L,CP
27-Feb-2026,VIVA,VISI MEDIA ASIA Tbk,BANQUE PICTET AND CIE SA,944.412.000,"5,74",A,IB
27-Feb-2026,VIVA,VISI MEDIA ASIA Tbk,"SURYA GANESA AMANI, PT",839.951.245,"5,10",L,CP
27-Feb-2026,VIVA,VISI MEDIA ASIA Tbk,UBS AG HONG KONG,828.013.500,"5,03",A,IB
27-Feb-2026,VIVA,VISI MEDIA ASIA Tbk,UBS AG SINGAPORE BRANCH,714.197.000,"4,34",A,IB
27-Feb-2026,VIVA,VISI MEDIA ASIA Tbk,OL MASTER LIMITED,680.708.800,"4,13",A,OT
27-Feb-2026,VIVA,VISI MEDIA ASIA Tbk,BANK OF SINGAPORE LIMITED,594.000.000,"3,61",A,IB
27-Feb-2026,VIVA,VISI MEDIA ASIA Tbk,JPMORGAN CHASE BANK NA SINGAPORE BRANCH,447.625.200,"2,72",A,OT
27-Feb-2026,VIVA,VISI MEDIA ASIA Tbk,ASM CONNAUGHT HOUSE (MASTER) FUND V LP,349.669.700,"2,12",A,OT
27-Feb-2026,VIVA,VISI MEDIA ASIA Tbk,UBS SWITZERLAND AG,242.824.620,"1,47",A,IB
27-Feb-2026,VIVA,VISI MEDIA ASIA Tbk,DJONI,220.458.300,"1,34",L,ID
27-Feb-2026,VIVA,VISI MEDIA ASIA Tbk,DALEY CAPITAL LIMITED,180.000.000,"1,09",A,IB
27-Feb-2026,VKTR,VKTR TEKNOLOGI MOBILITAS Tbk,"BAKRIE & BROTHERS TBK, PT",10.676.843.318,"24,40",L,CP
27-Feb-2026,VKTR,VKTR TEKNOLOGI MOBILITAS Tbk,"Bakrie Metal Industries, PT",6.312.525.800,"14,43",L,CP
27-Feb-2026,VKTR,VKTR TEKNOLOGI MOBILITAS Tbk,PT KUANTUM AKSELERASI INDONESIA,2.249.105.600,"5,14",L,IB
27-Feb-2026,VKTR,VKTR TEKNOLOGI MOBILITAS Tbk,Indies Special Opportunities IV Ltd,2.062.500.000,"4,71",A,MF
27-Feb-2026,VKTR,VKTR TEKNOLOGI MOBILITAS Tbk,"ZEUS PETRO ENERGI, PT",1.734.707.824,"3,97",L,CP
27-Feb-2026,VKTR,VKTR TEKNOLOGI MOBILITAS Tbk,PT TRIDAYA ASET GLOBALINDO,1.699.808.333,"3,89",L,CP
27-Feb-2026,VKTR,VKTR TEKNOLOGI MOBILITAS Tbk,MAJU PERKASA OPTIMA KARSA PT,1.594.554.500,"3,64",L,CP
27-Feb-2026,VKTR,VKTR TEKNOLOGI MOBILITAS Tbk,"MARGA RAYA YASA, PT",1.533.333.334,"3,50",L,CP
27-Feb-2026,VKTR,VKTR TEKNOLOGI MOBILITAS Tbk,GLENCORE INTERNATIONAL INVESTMENTS LTD.,1.438.645.500,"3,29",A,OT
27-Feb-2026,VKTR,VKTR TEKNOLOGI MOBILITAS Tbk,"KALILA MUTIARA NUSANTARA, PT",1.387.308.333,"3,17",L,CP
27-Feb-2026,VKTR,VKTR TEKNOLOGI MOBILITAS Tbk,PETROMINE ENERGY TRADING,1.238.775.203,"2,83",L,CP
27-Feb-2026,VKTR,VKTR TEKNOLOGI MOBILITAS Tbk,PT. GRAHA ADIKA NIAGA,1.215.919.700,"2,78",L,CP
27-Feb-2026,VKTR,VKTR TEKNOLOGI MOBILITAS Tbk,SILVERY MOON INVESTMENTS LTD,1.076.638.000,"2,46",A,CP
27-Feb-2026,VKTR,VKTR TEKNOLOGI MOBILITAS Tbk,Indies Special Opportunities III Ltd,1.031.250.000,"2,36",A,MF
27-Feb-2026,VKTR,VKTR TEKNOLOGI MOBILITAS Tbk,PT. MANDALA RAYA YUWANA,939.772.065,"2,15",L,CP
27-Feb-2026,VKTR,VKTR TEKNOLOGI MOBILITAS Tbk,PT ENVISION GREEN ENERGY INDONESIA,678.873.400,"1,55",L,CP
27-Feb-2026,VKTR,VKTR TEKNOLOGI MOBILITAS Tbk,"BAKRIE PIPE INDUSTRIES, PT",551.594.800,"1,26",L,CP
27-Feb-2026,VKTR,VKTR TEKNOLOGI MOBILITAS Tbk,PT SATYA INVESTA PERSADA,500.000.000,"1,14",L,CP
27-Feb-2026,VKTR,VKTR TEKNOLOGI MOBILITAS Tbk,PT ANAM TUJUH,450.000.000,"1,03",L,CP
27-Feb-2026,VKTR,VKTR TEKNOLOGI MOBILITAS Tbk,PT. KB VALBURY SEKURITAS,450.000.000,"1,03",L,SC
27-Feb-2026,VOKS,VOKSEL ELECTRIC Tbk,"HENGTONG OPTIC ELECTRIC INTERNATIONAL CO., LIMITED",2.271.920.320,"54,67",A,CP
27-Feb-2026,VOKS,VOKSEL ELECTRIC Tbk,DBS VICKERS (HONG KONG) LIMITED A/C CLIENT,1.250.000.000,"30,08",A,SC
27-Feb-2026,VOKS,VOKSEL ELECTRIC Tbk,PT INTI GRAHA MEGAH,206.588.200,"4,97",L,CP
27-Feb-2026,VOKS,VOKSEL ELECTRIC Tbk,PT PELITA DAYA UTAMA,200.000.000,"4,81",L,CP
27-Feb-2026,VOKS,VOKSEL ELECTRIC Tbk,WILSON LIUS,190.000.000,"4,57",L,ID
27-Feb-2026,VRNA,MIZUHO LEASING INDONESIA Tbk,MIZUHO LEASING CO LTD,3.835.346.804,"67,44",A,IB
27-Feb-2026,VRNA,MIZUHO LEASING INDONESIA Tbk,"BANK PAN INDONESIA TBK, PT",1.425.455.604,"25,06",L,IB
27-Feb-2026,VRNA,MIZUHO LEASING INDONESIA Tbk,PT. Verena Kapital,243.965.040,"4,29",L,CP
27-Feb-2026,VRNA,MIZUHO LEASING INDONESIA Tbk,DANA PENSIUN KARYAWAN PANIN BANK,61.904.800,"1,09",L,PF
27-Feb-2026,VTNY,VENTENY FORTUNA INTERNATIONAL Tbk,"CARTA HOLDINGS Co., Ltd.",1.319.341.020,"21,06",A,CP
27-Feb-2026,VTNY,VENTENY FORTUNA INTERNATIONAL Tbk,JUNICHIRO WAIDE,1.256.866.974,"20,06",L,ID
27-Feb-2026,VTNY,VENTENY FORTUNA INTERNATIONAL Tbk,"OCEAN CAPITAL, Inc.,",695.736.080,"11,10",A,CP
27-Feb-2026,VTNY,VENTENY FORTUNA INTERNATIONAL Tbk,FINTECH BUSINESS INNOVATION LPS,607.731.560,"9,70",A,CP
27-Feb-2026,VTNY,VENTENY FORTUNA INTERNATIONAL Tbk,KK INVESTMENT HOLDINGS PTE. LTD.,536.915.060,"8,57",A,CP
27-Feb-2026,VTNY,VENTENY FORTUNA INTERNATIONAL Tbk,"RELO CLUB, LIMITED",470.454.560,"7,51",A,CP
27-Feb-2026,VTNY,VENTENY FORTUNA INTERNATIONAL Tbk,PT KLIKALL TEKNOLOGI BERSAMA,303.021.320,"4,84",L,CP
27-Feb-2026,VTNY,VENTENY FORTUNA INTERNATIONAL Tbk,PT ALTERA KREASI DINAMIKA,194.396.300,"3,10",L,CP
27-Feb-2026,VTNY,VENTENY FORTUNA INTERNATIONAL Tbk,"SBI HOLDINGS, INC.",77.524.300,"1,24",A,CP
27-Feb-2026,WAPO,WAHANA PRONATURAL Tbk,HIJAU SARI PT.,447.562.500,"36,07",L,CP
27-Feb-2026,WAPO,WAHANA PRONATURAL Tbk,PT. Mitra Niaga Sakti,402.562.500,"32,44",L,CP
27-Feb-2026,WAPO,WAHANA PRONATURAL Tbk,PT. SURYA PELANGI MANDIRI,100.000.000,"8,06",L,CP
27-Feb-2026,WAPO,WAHANA PRONATURAL Tbk,PT. PESONA BANGUN MANDIRI,55.000.000,"4,43",L,CP
27-Feb-2026,WAPO,WAHANA PRONATURAL Tbk,"FORTE MENTARI SECURITIES, PT",24.699.500,"1,99",L,SC
27-Feb-2026,WAPO,WAHANA PRONATURAL Tbk,ADI HARYONO,16.775.100,"1,35",L,ID
27-Feb-2026,WAPO,WAHANA PRONATURAL Tbk,SRI WIDIAWATI,15.890.000,"1,28",L,ID
27-Feb-2026,WAPO,WAHANA PRONATURAL Tbk,CINDY JONATHAN,15.000.000,"1,21",L,ID
27-Feb-2026,WAPO,WAHANA PRONATURAL Tbk,BAYU AJI,13.414.000,"1,08",L,ID
27-Feb-2026,WEGE,WIJAYA KARYA BANGUNAN GEDUNG Tbk,PERUSAHAAN PERSEROAN (PERSERO) PT WIJAYA KARYA TBK,6.633.000.000,"69,30",L,CP
27-Feb-2026,WEGE,WIJAYA KARYA BANGUNAN GEDUNG Tbk,PT YULIE SEKURITAS INDONESIA TBK,339.578.514,"3,55",L,SC
27-Feb-2026,WEGE,WIJAYA KARYA BANGUNAN GEDUNG Tbk,KOPERASI KARYA MITRA SATYA,320.590.800,"3,35",L,OT
27-Feb-2026,WEHA,WEHA TRANSPORTASI INDONESIA Tbk,PT PANORAMA SENTRAWISATA TBK,766.517.000,"52,48",L,CP
27-Feb-2026,WEHA,WEHA TRANSPORTASI INDONESIA Tbk,"WEHA INVESTAMA,PT",211.805.686,"14,50",L,CP
27-Feb-2026,WEHA,WEHA TRANSPORTASI INDONESIA Tbk,RAMAJANTO TIRTAWISATA,59.001.600,"4,04",L,ID
27-Feb-2026,WEHA,WEHA TRANSPORTASI INDONESIA Tbk,BUDIJANTO TIRTAWISATA,37.500.000,"2,57",L,ID
27-Feb-2026,WEHA,WEHA TRANSPORTASI INDONESIA Tbk,PT. CARTERA INVESTAMA INDONESIA,33.203.271,"2,27",L,CP
27-Feb-2026,WEHA,WEHA TRANSPORTASI INDONESIA Tbk,"PANORAMA INVESTAMA,PT",31.568.100,"2,16",L,CP
27-Feb-2026,WEHA,WEHA TRANSPORTASI INDONESIA Tbk,PT.GOLDEN SPICE,30.400.000,"2,08",L,CP
27-Feb-2026,WEHA,WEHA TRANSPORTASI INDONESIA Tbk,"AMAN DHITYA INVESTAMA, PT",29.250.000,"2,00",L,CP
27-Feb-2026,WEHA,WEHA TRANSPORTASI INDONESIA Tbk,ANDRIANTO PUTERA TIRTAWISATA,19.272.300,"1,32",L,ID
27-Feb-2026,WEHA,WEHA TRANSPORTASI INDONESIA Tbk,"INFINITI CIPTA TEKNOLOGI, PT",15.720.200,"1,08",L,CP
27-Feb-2026,WGSH,WIRA GLOBAL SOLUSI Tbk,WALDEN GLOBAL SERVICES,385.346.999,"36,96",L,CP
27-Feb-2026,WGSH,WIRA GLOBAL SOLUSI Tbk,IKIN WIRAWAN,129.070.000,"12,38",L,ID
27-Feb-2026,WGSH,WIRA GLOBAL SOLUSI Tbk,PT WYNFIELD GLOBAL VENTURES,115.811.000,"11,11",L,CP
27-Feb-2026,WGSH,WIRA GLOBAL SOLUSI Tbk,PT. PUSAKA MAS PERSADA,96.776.601,"9,28",L,CP
27-Feb-2026,WGSH,WIRA GLOBAL SOLUSI Tbk,PT SILICON VALLEY CONNECTION,78.620.000,"7,54",L,CP
27-Feb-2026,WGSH,WIRA GLOBAL SOLUSI Tbk,SILVIA DAISY NILASARI. L,22.623.700,"2,17",L,ID
27-Feb-2026,WGSH,WIRA GLOBAL SOLUSI Tbk,WALDEN GLOBAL SERVICES PTE LTD,19.400.000,"1,86",A,CP
27-Feb-2026,WGSH,WIRA GLOBAL SOLUSI Tbk,PT PROSPERA ASSET MANAGEMENT,19.331.700,"1,85",L,SC
27-Feb-2026,WGSH,WIRA GLOBAL SOLUSI Tbk,ERWIN SENJAYA HARTANTO,15.550.400,"1,49",L,ID
27-Feb-2026,WGSH,WIRA GLOBAL SOLUSI Tbk,LAURENSIUS DENNY SANTOSO,12.946.400,"1,24",L,ID
27-Feb-2026,WGSH,WIRA GLOBAL SOLUSI Tbk,HADY TEJA LAKSANA THE,12.412.300,"1,19",L,ID
27-Feb-2026,WGSH,WIRA GLOBAL SOLUSI Tbk,PHILIP IRWAN,12.338.000,"1,18",L,ID
27-Feb-2026,WGSH,WIRA GLOBAL SOLUSI Tbk,YENNY SHINTAWATI,11.500.000,"1,10",L,ID
27-Feb-2026,WICO,WICAKSANA OVERSEAS INTERNATIONAL Tbk,CTLA SAFEKEEPING ACCOUNT DKSH HOLDING LTD,2.286.096.532,"95,50",A,CP
27-Feb-2026,WICO,WICAKSANA OVERSEAS INTERNATIONAL Tbk,UOB KAY HIAN PRIVATE LIMITED,62.200.000,"2,60",A,SC
27-Feb-2026,WIDI,WIDIANT JAYA KRENINDO Tbk,BERNARD WIDIANTO,924.400.000,"57,77",L,ID
27-Feb-2026,WIDI,WIDIANT JAYA KRENINDO Tbk,NUR FAIZIN KADIR,30.500.000,"1,91",L,ID
27-Feb-2026,WIFI,SOLUSI SINERGI DIGITAL Tbk,PT. INVESTASI SUKSES BERSAMA,2.889.087.404,"54,42",L,CP
27-Feb-2026,WIFI,SOLUSI SINERGI DIGITAL Tbk,DJONI,280.000.000,"5,27",L,ID
27-Feb-2026,WIFI,SOLUSI SINERGI DIGITAL Tbk,GOVERNMENT OF NORWAY,82.000.000,"1,54",A,OT
27-Feb-2026,WIIM,WISMILAK INTI MAKMUR Tbk,INDAHTATI WIDJAJADI,535.054.665,"25,48",L,ID
27-Feb-2026,WIIM,WISMILAK INTI MAKMUR Tbk,RONALD WALLA,319.150.011,"15,20",L,ID
27-Feb-2026,WIIM,WISMILAK INTI MAKMUR Tbk,STEPHEN WALLA,318.762.111,"15,18",L,ID
27-Feb-2026,WIIM,WISMILAK INTI MAKMUR Tbk,"SUGITO WINARKO,IR",153.387.230,"7,30",L,ID
27-Feb-2026,WIIM,WISMILAK INTI MAKMUR Tbk,LIANTINI WINARKO,77.460.825,"3,69",L,ID
27-Feb-2026,WIIM,WISMILAK INTI MAKMUR Tbk,LIM IK NEN,68.877.300,"3,28",L,ID
27-Feb-2026,WIIM,WISMILAK INTI MAKMUR Tbk,GITAWATI WINARKO,61.148.514,"2,91",L,ID
27-Feb-2026,WIIM,WISMILAK INTI MAKMUR Tbk,TJUNG SUN FUNG,46.632.600,"2,22",L,ID
27-Feb-2026,WIIM,WISMILAK INTI MAKMUR Tbk,LIM IK TJE,45.822.000,"2,18",L,ID
27-Feb-2026,WIIM,WISMILAK INTI MAKMUR Tbk,SURYANI,23.368.900,"1,11",L,ID
27-Feb-2026,WIKA,WIJAYA KARYA (PERSERO) Tbk,PERUSAHAAN PERSEROAN (PERSERO) PT DANANTARA ASSET MANAGEMENT,35.928.785.753,"90,11",L,CP
27-Feb-2026,WINE,HATTEN BALI Tbk,IDA BAGUS RAI BUDARSA,1.016.123.900,"37,50",L,ID
27-Feb-2026,WINE,HATTEN BALI Tbk,"GOTAMA PUTRA, PT",1.016.000.000,"37,49",L,CP
27-Feb-2026,WINE,HATTEN BALI Tbk,UOB KAY HIAN PRIVATE LIMITED,196.386.000,"7,25",A,SC
27-Feb-2026,WINE,HATTEN BALI Tbk,PT BELINDA JAYA,63.616.515,"2,35",L,CP
27-Feb-2026,WINE,HATTEN BALI Tbk,PT. BELINDA MAKMUR PRATAMA,51.930.800,"1,92",L,CP
27-Feb-2026,WINE,HATTEN BALI Tbk,UBS AG SINGAPORE BRANCH,40.150.800,"1,48",A,IB
27-Feb-2026,WINR,WINNER NUSANTARA JAYA Tbk,PT. PEMENANG NUSANTARA INTERNASIONAL,3.563.995.000,"68,08",L,CP
27-Feb-2026,WINS,WINTERMAR OFFSHORE MARINE Tbk,WINTERMARJAYA LESTARI PT.,1.139.740.866,"25,55",L,CP
27-Feb-2026,WINS,WINTERMAR OFFSHORE MARINE Tbk,PT WINTERMARJAYA LESTARI,377.466.386,"8,46",L,CP
27-Feb-2026,WINS,WINTERMAR OFFSHORE MARINE Tbk,SUGIMAN LAYANTO,351.190.093,"7,87",L,ID
27-Feb-2026,WINS,WINTERMAR OFFSHORE MARINE Tbk,JOHNSON WILLIANG SUTJIPTO,325.494.840,"7,30",L,ID
27-Feb-2026,WINS,WINTERMAR OFFSHORE MARINE Tbk,MANOJ PITAMBER NANWANI,262.269.239,"5,88",L,ID
27-Feb-2026,WINS,WINTERMAR OFFSHORE MARINE Tbk,PINKY NK,246.405.469,"5,52",L,ID
27-Feb-2026,WINS,WINTERMAR OFFSHORE MARINE Tbk,CGS INTERNATIONAL SECURITIES SINGAPORE PTE LTD,204.294.646,"4,58",A,IB
27-Feb-2026,WINS,WINTERMAR OFFSHORE MARINE Tbk,UNITED OVERSEAS BANK NOMINEES (PRIVATE) LIMITED,175.412.173,"3,93",A,CP
27-Feb-2026,WINS,WINTERMAR OFFSHORE MARINE Tbk,UBS AG SINGAPORE BRANCH,106.921.537,"2,40",A,IB
27-Feb-2026,WINS,WINTERMAR OFFSHORE MARINE Tbk,REKSA DANA TRIMEGAH BALANCED ABSOLUTE STRATEGY,96.698.069,"2,17",L,MF
27-Feb-2026,WINS,WINTERMAR OFFSHORE MARINE Tbk,DBS BANK LTD.,72.183.446,"1,62",A,IB
27-Feb-2026,WINS,WINTERMAR OFFSHORE MARINE Tbk,DHEERAJ LACHMAN BHARWANI,56.000.052,"1,26",L,ID
27-Feb-2026,WINS,WINTERMAR OFFSHORE MARINE Tbk,SURYA ANUGRAH MULYA,55.680.434,"1,25",L,CP
27-Feb-2026,WINS,WINTERMAR OFFSHORE MARINE Tbk,WINTERMAR OFFSHORE MARINE TBK,53.412.233,"1,20",L,CP
27-Feb-2026,WINS,WINTERMAR OFFSHORE MARINE Tbk,MURIANI,45.755.213,"1,03",L,ID
27-Feb-2026,WINS,WINTERMAR OFFSHORE MARINE Tbk,LINA LAYANTO SURACHMAN,44.917.491,"1,01",L,ID
27-Feb-2026,WIRG,WIR ASIA Tbk,FLORENSIA KARTINI TEDJA,572.598.238,"4,80",A,ID
27-Feb-2026,WIRG,WIR ASIA Tbk,PT WIR GLOBAL KREATIF,477.563.310,"4,00",L,CP
27-Feb-2026,WIRG,WIR ASIA Tbk,RUDY SUSANTO,215.000.000,"1,80",L,ID
27-Feb-2026,WIRG,WIR ASIA Tbk,PT Web Scientia,190.420.000,"1,59",L,CP
27-Feb-2026,WIRG,WIR ASIA Tbk,PT LAUT BIRU TEKNOLOGI,179.569.500,"1,50",L,CP
27-Feb-2026,WIRG,WIR ASIA Tbk,DRA ZANNUBA ARIFAH CH R,177.821.000,"1,49",L,ID
27-Feb-2026,WIRG,WIR ASIA Tbk,PT BERLIAN TAMBANG INDONESIA,167.975.500,"1,41",L,CP
27-Feb-2026,WIRG,WIR ASIA Tbk,SEJAHTERA BERSAMA TRIWIRA,155.820.000,"1,31",L,CP
27-Feb-2026,WIRG,WIR ASIA Tbk,ARDIANA BELINA NATASHA,144.559.500,"1,21",L,ID
27-Feb-2026,WIRG,WIR ASIA Tbk,MARTIN KAUW,134.959.900,"1,13",L,ID
27-Feb-2026,WIRG,WIR ASIA Tbk,LIPPO-DRAGONSTONE ASIA STAR MASTER FUND,123.707.400,"1,04",A,CP
27-Feb-2026,WIRG,WIR ASIA Tbk,PHEIM ASSET MANAGEMENT SDN.BHD.(269564-A),119.700.700,"1,00",A,OT
27-Feb-2026,WMPP,WIDODO MAKMUR PERKASA Tbk,TUMIYANA,19.694.587.910,"66,95",L,ID
27-Feb-2026,WMPP,WIDODO MAKMUR PERKASA Tbk,KOPERASI KONSUMEN KARYAWAN MANDIRI WIDODO MAKMUR,2.180.041.400,"7,41",L,OT
27-Feb-2026,WMPP,WIDODO MAKMUR PERKASA Tbk,RED DRAGON CAPITAL LTD,1.915.475.100,"6,51",A,CP
27-Feb-2026,WMPP,WIDODO MAKMUR PERKASA Tbk,PT PENDANAAN EFEK INDONESIA,1.469.931.200,"5,00",L,CP
27-Feb-2026,WMPP,WIDODO MAKMUR PERKASA Tbk,PT MAYBANK SEKURITAS INDONESIA - REGISTRAR,735.450.000,"2,50",L,SC
27-Feb-2026,WMPP,WIDODO MAKMUR PERKASA Tbk,GOVERNMENT OF NORWAY,335.000.000,"1,14",A,OT
27-Feb-2026,WMPP,WIDODO MAKMUR PERKASA Tbk,AFANDI TJANDRA,312.500.000,"1,06",L,ID
27-Feb-2026,WMPP,WIDODO MAKMUR PERKASA Tbk,PT SENTRAL TEKNOLOGI KAPITAL,299.854.000,"1,02",L,CP
27-Feb-2026,WMUU,WIDODO MAKMUR UNGGAS Tbk,"WIDODO MAKMUR PERKASA TBK, PT",5.407.437.428,"41,78",L,CP
27-Feb-2026,WMUU,WIDODO MAKMUR UNGGAS Tbk,PT PENDANAAN EFEK INDONESIA,961.211.800,"7,43",L,CP
27-Feb-2026,WMUU,WIDODO MAKMUR UNGGAS Tbk,YANTI,418.370.100,"3,23",L,ID
27-Feb-2026,WMUU,WIDODO MAKMUR UNGGAS Tbk,PT DIGITAL PASIFIK NUSANTARA,299.674.100,"2,32",L,CP
27-Feb-2026,WMUU,WIDODO MAKMUR UNGGAS Tbk,BUDI BUDAR,233.062.800,"1,80",L,ID
27-Feb-2026,WMUU,WIDODO MAKMUR UNGGAS Tbk,Kurniawan susanto,181.855.600,"1,41",L,ID
27-Feb-2026,WMUU,WIDODO MAKMUR UNGGAS Tbk,PO SUSANTO,140.075.800,"1,08",L,ID
27-Feb-2026,WMUU,WIDODO MAKMUR UNGGAS Tbk,AFANDI TJANDRA,138.888.800,"1,07",L,ID
27-Feb-2026,WOMF,WAHANA OTTOMITRA MULTIARTHA Tbk,PT BANK MAYBANK INDONESIA TBK,2.349.646.729,"67,49",L,IB
27-Feb-2026,WOMF,WAHANA OTTOMITRA MULTIARTHA Tbk,PT. WAHANA MAKMUR SEJATI,870.600.000,"25,01",L,CP
27-Feb-2026,WOMF,WAHANA OTTOMITRA MULTIARTHA Tbk,UBS AG SINGAPORE BRANCH,55.000.000,"1,58",A,IB
27-Feb-2026,WOMF,WAHANA OTTOMITRA MULTIARTHA Tbk,PT MRVL ASIA INVESTAMA,37.000.000,"1,06",L,CP
27-Feb-2026,WOOD,INTEGRA INDOCABINET Tbk,PT INTEGRA INDO LESTARI,4.573.835.000,"71,05",L,CP
27-Feb-2026,WOOD,INTEGRA INDOCABINET Tbk,PT BHAKTI NUSA NIAGA,300.648.500,"4,67",L,CP
27-Feb-2026,WOOD,INTEGRA INDOCABINET Tbk,"SINERGY MENTARI ALAM, PT",228.398.000,"3,55",L,CP
27-Feb-2026,WOOD,INTEGRA INDOCABINET Tbk,INTEGRA INDOCABINET TBK PT,173.543.100,"2,70",L,CP
27-Feb-2026,WOOD,INTEGRA INDOCABINET Tbk,PT DWIMURIA INVESTAMA ANDALAN,70.144.800,"1,09",L,CP
27-Feb-2026,WOWS,GINTING JAYA ENERGI Tbk,PT. Ginting Jaya,1.050.673.048,"42,44",L,CP
27-Feb-2026,WOWS,GINTING JAYA ENERGI Tbk,WELLY SUGIHARTO,94.000.000,"3,80",L,ID
27-Feb-2026,WOWS,GINTING JAYA ENERGI Tbk,VICTOR HALIM,59.000.100,"2,38",L,ID
27-Feb-2026,WOWS,GINTING JAYA ENERGI Tbk,EDDY HIDAYAT LIM,36.697.968,"1,48",,
27-Feb-2026,WSBP,WASKITA BETON PRECAST Tbk,PT. Waskita Karya A/C MESA,16.017.557.697,"28,21",L,CP
27-Feb-2026,WSBP,WASKITA BETON PRECAST Tbk,INTINIAGA SUKSES ABADI PT,3.918.646.978,"6,90",L,CP
27-Feb-2026,WSBP,WASKITA BETON PRECAST Tbk,"PT WASKITA BETON PRECAST, TBK",1.845.281.000,"3,25",L,CP
27-Feb-2026,WSBP,WASKITA BETON PRECAST Tbk,PT SINAR INDAHJAYA KENCANA,1.476.851.029,"2,60",L,CP
27-Feb-2026,WSBP,WASKITA BETON PRECAST Tbk,WIRYA KRENINDO PERKASA,1.233.003.206,"2,17",L,CP
27-Feb-2026,WSBP,WASKITA BETON PRECAST Tbk,PT. MULTI WELINDO,987.948.658,"1,74",L,CP
27-Feb-2026,WSBP,WASKITA BETON PRECAST Tbk,PT TIGA SEKAWAN SERASI,729.371.069,"1,28",L,CP
27-Feb-2026,WSBP,WASKITA BETON PRECAST Tbk,CV DJASA AUTOTRUCK,656.266.836,"1,16",L,CP
27-Feb-2026,WSBP,WASKITA BETON PRECAST Tbk,PT INTIRODA MAKMUR,595.567.515,"1,05",L,CP
27-Feb-2026,WSKT,WASKITA KARYA (PERSERO) Tbk,PERUSAHAAN PERSEROAN (PERSERO) PT DANANTARA ASSET MANAGEMENT,21.488.577.028,"74,60",L,CP
27-Feb-2026,WSKT,WASKITA KARYA (PERSERO) Tbk,DJS KETENAGAKERJAAN PROGRAM JAMINAN HARI TUA,436.461.133,"1,52",L,IS
27-Feb-2026,WTON,WIJAYA KARYA BETON Tbk,PERUSAHAAN PERSEROAN (PERSERO) PT WIJAYA KARYA TBK,5.229.279.960,"60,00",L,CP
27-Feb-2026,WTON,WIJAYA KARYA BETON Tbk,KOPERASI KARYA MITRA SATYA,352.792.649,"4,05",L,OT
27-Feb-2026,WTON,WIJAYA KARYA BETON Tbk,DJS KETENAGAKERJAAN PROGRAM JAMINAN HARI TUA,243.629.400,"2,80",L,IS
27-Feb-2026,WTON,WIJAYA KARYA BETON Tbk,"PANIN SEKURITAS Tbk, PT",122.075.200,"1,40",L,SC
27-Feb-2026,WTON,WIJAYA KARYA BETON Tbk,PT TASPEN (PERSERO),120.468.400,"1,38",L,IS
27-Feb-2026,YELO,YELOOO INTEGRA DATANET Tbk,PT ARTALINDO SEMESTA NUSANTARA,715.299.998,"37,40",L,CP
27-Feb-2026,YELO,YELOOO INTEGRA DATANET Tbk,ERWIN,21.001.800,"1,10",L,ID
27-Feb-2026,YOII,ASURANSI DIGITAL BERSAMA Tbk,ADI WIBOWO ADISAPUTRO,1.448.710.000,"42,30",L,ID
27-Feb-2026,YOII,ASURANSI DIGITAL BERSAMA Tbk,DJAJUS ADISAPUTRO,934.110.000,"27,28",L,ID
27-Feb-2026,YOII,ASURANSI DIGITAL BERSAMA Tbk,DANA PENSIUN BANK PEMBANGUNAN DAERAH JATENG,246.179.600,"7,19",L,PF
27-Feb-2026,YOII,ASURANSI DIGITAL BERSAMA Tbk,QOALA TECHNOLOGY PTE LTD,170.087.500,"4,97",A,CP
27-Feb-2026,YOII,ASURANSI DIGITAL BERSAMA Tbk,DANA PENSIUN BANK DKI,85.586.500,"2,50",L,PF
27-Feb-2026,YOII,ASURANSI DIGITAL BERSAMA Tbk,M. LUHUT DOLOKSARIBU SH,56.401.800,"1,65",L,ID
27-Feb-2026,YOII,ASURANSI DIGITAL BERSAMA Tbk,DANA PENSIUN BPD JAWA BARAT DAN BANTEN,54.800.000,"1,60",L,PF
27-Feb-2026,YOII,ASURANSI DIGITAL BERSAMA Tbk,DWIJAWANTI WIDIATMADJA SH,42.690.000,"1,25",L,ID
27-Feb-2026,YOII,ASURANSI DIGITAL BERSAMA Tbk,AUWILLY,42.000.000,"1,23",L,ID
27-Feb-2026,YPAS,YANAPRIMA HASTAPERSADA Tbk,PT HASTAGRAHA BUMIPERSADA,597.650.500,"89,47",L,CP
27-Feb-2026,YPAS,YANAPRIMA HASTAPERSADA Tbk,HENDRA GUNAWAN GO,32.818.100,"4,91",L,ID
27-Feb-2026,YPAS,YANAPRIMA HASTAPERSADA Tbk,TONNY SOEGIONO,20.913.300,"3,13",L,ID
27-Feb-2026,YULE,YULIE SEKURITAS INDONESIA Tbk,PT YULIE SEKURITAS INDONESIA TBK,197.713.200,"11,08",L,SC
27-Feb-2026,YULE,YULIE SEKURITAS INDONESIA Tbk,PT. Gema Buana Indonesia,178.214.304,"9,98",L,CP
27-Feb-2026,YULE,YULIE SEKURITAS INDONESIA Tbk,MAGNUS JAYA,79.627.451,"4,46",L,ID
27-Feb-2026,YULE,YULIE SEKURITAS INDONESIA Tbk,Sabrina Evelyn Elian,78.370.166,"4,39",L,ID
27-Feb-2026,YULE,YULIE SEKURITAS INDONESIA Tbk,BANK OF SINGAPORE LIMITED,77.786.500,"4,36",A,IB
27-Feb-2026,YULE,YULIE SEKURITAS INDONESIA Tbk,OKE SETIAWAN,74.279.765,"4,16",L,ID
27-Feb-2026,YULE,YULIE SEKURITAS INDONESIA Tbk,HENOCH WEYLIM,71.880.783,"4,03",L,ID
27-Feb-2026,YULE,YULIE SEKURITAS INDONESIA Tbk,"EFG BANK AG, SINGAPORE BRANCH A/C CLIENTS",49.942.300,"2,80",A,IB
27-Feb-2026,YULE,YULIE SEKURITAS INDONESIA Tbk,HERU TJAHYO WIYOGO,46.378.500,"2,60",L,ID
27-Feb-2026,YULE,YULIE SEKURITAS INDONESIA Tbk,MAYBANK SECURITIES PTE. LTD.,45.900.000,"2,57",A,SC
27-Feb-2026,YULE,YULIE SEKURITAS INDONESIA Tbk,LO SENG FONG,45.312.200,"2,54",L,ID
27-Feb-2026,YULE,YULIE SEKURITAS INDONESIA Tbk,BOOM SECURITIES (H.K.) LIMITED,45.200.000,"2,53",A,SC
27-Feb-2026,YULE,YULIE SEKURITAS INDONESIA Tbk,Koperasi Simpan Pinjam Nusantara Sejahtera Mandiri,42.522.606,"2,38",L,OT
27-Feb-2026,YULE,YULIE SEKURITAS INDONESIA Tbk,PT ARISTA PRATAMA JAYA,36.323.868,"2,03",L,CP
27-Feb-2026,YULE,YULIE SEKURITAS INDONESIA Tbk,Julianti Santoso,24.589.376,"1,38",L,ID
27-Feb-2026,YULE,YULIE SEKURITAS INDONESIA Tbk,"INDOPERKASA SUKSESJAYA REASURANSI, PT",22.728.200,"1,27",L,IS
27-Feb-2026,YULE,YULIE SEKURITAS INDONESIA Tbk,PURNOMO MARSIGIT,21.537.510,"1,21",L,ID
27-Feb-2026,YULE,YULIE SEKURITAS INDONESIA Tbk,Gunawan Hardjasasmita,19.081.840,"1,07",L,ID
27-Feb-2026,YUPI,YUPI INDO JELLY GUM Tbk,CONFECTIONERY CONSUMER PRODUCTS INDONESIA,7.690.039.800,"90,00",L,CP
27-Feb-2026,YUPI,YUPI INDO JELLY GUM Tbk,SEMBA BONSAI FUND,288.669.900,"3,38",A,MF
27-Feb-2026,YUPI,YUPI INDO JELLY GUM Tbk,CRATER LAKE CAPITAL FUND,124.065.900,"1,45",A,MF
27-Feb-2026,YUPI,YUPI INDO JELLY GUM Tbk,EVERGREEN CONSUMER FUND,124.102.200,"1,45",A,MF
27-Feb-2026,YUPI,YUPI INDO JELLY GUM Tbk,BORNEO HORIZON FUND,122.121.000,"1,43",A,MF
27-Feb-2026,YUPI,YUPI INDO JELLY GUM Tbk,LION TRUST (SINGAPORE) LIMITED,101.508.500,"1,19",A,CP
27-Feb-2026,ZATA,BERSAMA ZATTA JAYA Tbk,"LEMBUR SADAYA INVESTAMA, PT",5.837.675.422,"68,71",L,CP
27-Feb-2026,ZATA,BERSAMA ZATTA JAYA Tbk,HJ ELIDAWATI,390.000.000,"4,59",L,ID
27-Feb-2026,ZATA,BERSAMA ZATTA JAYA Tbk,"UBS AG, LONDON",279.332.700,"3,29",A,IB
27-Feb-2026,ZATA,BERSAMA ZATTA JAYA Tbk,SUKAESIH,90.000.000,"1,06",L,ID
27-Feb-2026,ZBRA,DOSNI ROHA INDONESIA Tbk,PT TRINITY HEALTHCARE,1.556.871.192,"62,01",L,CP
27-Feb-2026,ZBRA,DOSNI ROHA INDONESIA Tbk,PT MAYBANK SEKURITAS INDONESIA - REGISTRAR,387.223.800,"15,42",L,SC
27-Feb-2026,ZBRA,DOSNI ROHA INDONESIA Tbk,DBS BANK LTD.,117.050.800,"4,66",A,IB
27-Feb-2026,ZBRA,DOSNI ROHA INDONESIA Tbk,"EUROPEAN HOSPITAL DEVELOPMENT, PT",105.621.603,"4,21",L,CP
27-Feb-2026,ZBRA,DOSNI ROHA INDONESIA Tbk,PT JADEGREEN EQUITIES,105.288.635,"4,19",L,CP
27-Feb-2026,ZBRA,DOSNI ROHA INDONESIA Tbk,B.RUDIJANTO TANOESOEDIBJO,56.984.200,"2,27",L,ID
27-Feb-2026,ZINC,KAPUAS PRIMA COAL Tbk,SIM ANTONY,3.639.992.000,"14,42",L,ID
27-Feb-2026,ZINC,KAPUAS PRIMA COAL Tbk,KIOE NATA,3.113.992.000,"12,33",L,ID
27-Feb-2026,ZINC,KAPUAS PRIMA COAL Tbk,BUDIMULIO UTOMO,2.562.000.000,"10,15",L,ID
27-Feb-2026,ZINC,KAPUAS PRIMA COAL Tbk,PT SARANA INTI SELARAS,2.470.509.344,"9,78",L,CP
27-Feb-2026,ZINC,KAPUAS PRIMA COAL Tbk,HAROEN SOEDJATMIKO,2.416.000.000,"9,57",L,ID
27-Feb-2026,ZINC,KAPUAS PRIMA COAL Tbk,WILLIAM,2.314.000.000,"9,16",L,ID
27-Feb-2026,ZINC,KAPUAS PRIMA COAL Tbk,UBS SWITZERLAND AG,913.235.341,"3,62",A,IB
27-Feb-2026,ZINC,KAPUAS PRIMA COAL Tbk,SIX SIS LTD,382.933.839,"1,52",A,IB
27-Feb-2026,ZONE,MEGA PERINTIS Tbk,VEROSITO GUNAWAN,312.530.000,"35,92",L,ID
27-Feb-2026,ZONE,MEGA PERINTIS Tbk,"TANCORP INVESTAMA MULIA, PT",205.797.000,"23,65",L,CP
27-Feb-2026,ZONE,MEGA PERINTIS Tbk,VANDA GUNAWAN,106.225.000,"12,21",L,ID
27-Feb-2026,ZONE,MEGA PERINTIS Tbk,GANESH SUBASH,74.595.900,"8,57",L,ID
27-Feb-2026,ZONE,MEGA PERINTIS Tbk,UOB KAY HIAN PRIVATE LIMITED,41.921.200,"4,82",A,SC
27-Feb-2026,ZONE,MEGA PERINTIS Tbk,FRANXISCUS AFAT ADINATA NURSALIM,38.492.500,"4,42",L,ID
27-Feb-2026,ZONE,MEGA PERINTIS Tbk,PT. JABAYA ADI KRIYA,38.271.478,"4,40",L,CP
27-Feb-2026,ZONE,MEGA PERINTIS Tbk,PT. JABAYA ADI INVESTAMA,36.900.000,"4,24",L,CP
27-Feb-2026,ZYRX,ZYREXINDO MANDIRI BUANA Tbk,TIMOTHY SIDDIK SHU,752.076.700,"56,41",L,ID
27-Feb-2026,ZYRX,ZYREXINDO MANDIRI BUANA Tbk,COLLEEN SIDDIK SHU,250.000.000,"18,75",L,ID
27-Feb-2026,ZYRX,ZYREXINDO MANDIRI BUANA Tbk,PT. BUNDA INVESTAMA INDONESIA,65.352.000,"4,90",L,CP
27-Feb-2026,ZYRX,ZYREXINDO MANDIRI BUANA Tbk,PT BINEXCOM MANDIRI BUANA,61.052.400,"4,58",L,CP
27-Feb-2026,ZYRX,ZYREXINDO MANDIRI BUANA Tbk,PT KOMPUTA UTAMA KENCANA,36.263.600,"2,72",L,CP
27-Feb-2026,ZYRX,ZYREXINDO MANDIRI BUANA Tbk,PT. BERKSHIRE MULTI INVESTAMA,33.058.800,"2,48",L,CP
27-Feb-2026,ZYRX,ZYREXINDO MANDIRI BUANA Tbk,LYDIAWATI DAKHI,16.000.000,"1,20",L,ID
